Barcode,Annotation
AAACAAGTATCTCCCA-1,Stem_cell_zone
AAACAGAGCGACTCCT-1,LowQ_tissue
AAACATTTCCCGGATT-1,Epithelial
AAACCCGAACGAAATC-1,Epithelial
AAACCGGAAATGTTAA-1,LowQ_tissue
AAACCGGGTAGGTACC-1,LowQ_tissue
AAACCGTTCGTCCAGG-1,Epithelial
AAACCTAAGCAGCCGG-1,Other_tissue
AAACGAGACGGTTGAT-1,Epithelial
AAACGGGCGTACGGGT-1,Other_tissue
AAACTCGGTTCGCAAT-1,Other_tissue
AAACTCGTGATATAAG-1,Other_tissue
AAACTGCTGGCTCCAA-1,Epithelial
AAAGCTTGCCTACATA-1,Other_tissue
AAAGGCTACGGACCAT-1,Other_tissue
AAAGGCTCTCGCGCCG-1,Epithelial
AAAGTAGCATTGCTCA-1,Other_tissue
AAAGTGTGATTTATCT-1,Epithelial
AAAGTTGACTCCCGTA-1,Epithelial
AAATAACCATACGGGA-1,LowQ_tissue
AAATAAGGTAGTGCCC-1,Other_tissue
AAATACCTATAAGCAT-1,Epithelial
AAATAGCTTAGACTTT-1,Epithelial
AAATAGGGTGCTATTG-1,Stem_cell_zone
AAATCCGATACACGCC-1,Other_tissue
AAATCGTGTACCACAA-1,Other_tissue
AAATCTAGCCCTGCTA-1,Other_tissue
AAATGATTCGATCAGC-1,LowQ_tissue
AAATGGCATGTCTTGT-1,Epithelial
AAATGGTCAATGTGCC-1,Other_tissue
AAATTAACGGGTAGCT-1,Epithelial
AAATTACACGACTCTG-1,LowQ_tissue
AAATTACCTATCGATG-1,Epithelial
AAATTCCAGGTCCAAA-1,Stem_cell_zone
AAATTGATAGTCCTTT-1,Other_tissue
AAATTTACCGAAATCC-1,
AAATTTGCGGGTGTGG-1,Epithelial
AACAACTGGTAGTTGC-1,Other_tissue
AACACACGCTCGCCGC-1,Epithelial
AACAGGTAGTATGGAT-1,Epithelial
AACATATCAACTGGTG-1,Epithelial
AACATCGATACGTCTA-1,Other_tissue
AACATTGTGACTCGAG-1,LowQ_tissue
AACCAGTATCACTCTT-1,
AACCCGAGCAGAATCG-1,Stem_cell_zone
AACCCTACTGTCAATA-1,Epithelial
AACCGAGCTTGGTCAT-1,Other_tissue
AACCGCTAAGGGATGC-1,Epithelial
AACCTCGCTTTAGCCC-1,Stem_cell_zone
AACCTGTCACGGAATT-1,Other_tissue
AACCTTTAAATACGGT-1,Epithelial
AACCTTTACGACGTCT-1,Other_tissue
AACGATAATGCCGTAG-1,Other_tissue
AACGATATGTCAACTG-1,Epithelial
AACGCATGATCTGGGT-1,LowQ_tissue
AACGCTGTTGCTGAAA-1,Other_tissue
AACGGACGTACGTATA-1,Epithelial
AACGGCCATCTCCGGT-1,Epithelial
AACGTACTGTGGGTAC-1,Epithelial
AACGTGCGAAAGTCTC-1,
AACTACCCGTTTGTCA-1,Epithelial
AACTAGGCTTGGGTGT-1,Epithelial
AACTCAAGTTAATTGC-1,Stem_cell_zone
AACTCCAGAGCGTGTT-1,
AACTCCTAATCCCATG-1,LowQ_tissue
AACTCTCAATAGAGCG-1,Epithelial
AACTCTCAGTGTGCTC-1,Epithelial
AACTGAGTTATACTGA-1,
AACTGGGTTCGAGCCG-1,
AACTTTCTCGATCATG-1,LowQ_tissue
AAGAAATCACCAGATT-1,LowQ_tissue
AAGACCCAACTGAACA-1,Other_tissue
AAGACTGCAAGCTACT-1,
AAGAGCTCTTTATCGG-1,Epithelial
AAGAGGCATGGATCGC-1,
AAGAGGCCCTTTGGAA-1,Epithelial
AAGATGGCACCGGACC-1,Other_tissue
AAGATTGGCGGAACGT-1,Epithelial
AAGCACCCTGCGTATC-1,Epithelial
AAGCATACTCTCCTGA-1,Other_tissue
AAGCCGAAGCGGTTTA-1,Epithelial
AAGCCGCTTTACCTTG-1,LowQ_tissue
AAGCGCAGGGCTTTGA-1,LowQ_tissue
AAGCGTCCCTCATCGA-1,Other_tissue
AAGCTAGATCGAGTAA-1,Epithelial
AAGCTCGTGCCAAGTC-1,Epithelial
AAGCTCTTTCATGGTG-1,
AAGGAGCGGTTGGTGC-1,
AAGGATCGATCGCTTG-1,Epithelial
AAGGATGAGGGACCTC-1,Other_tissue
AAGGCAGGCTGTCTCC-1,Other_tissue
AAGGCTGTGCTCATCG-1,
AAGGGACAGATTCTGT-1,Epithelial
AAGGTATCCTAATATA-1,Epithelial
AAGGTGATAAACCAGC-1,Epithelial
AAGTCAATTGTCGTCA-1,Epithelial
AAGTCTAGTAGCTGCC-1,
AAGTGAGTCGGGTTTA-1,Other_tissue
AAGTGCCTTGACTGTA-1,Other_tissue
AAGTGCGTTAGAATCT-1,Other_tissue
AAGTGTTTGGAGACGG-1,Epithelial
AAGTTCACTCCAAGCT-1,
AAGTTCAGTCTGCGTA-1,LowQ_tissue
AAGTTCGGCCAACAGG-1,Epithelial
AAGTTGTGATGTTATA-1,LowQ_tissue
AATAACACTAGAACAA-1,Epithelial
AATAATCTTCGTATCG-1,LowQ_tissue
AATAGAACAGAGTGGC-1,Epithelial
AATAGAATCTGTTTCA-1,
AATAGCTACCGCGTGC-1,Other_tissue
AATAGTCCGTCCCGAC-1,Epithelial
AATATCGAATCAATGC-1,Epithelial
AATATCGAGGGTTCTC-1,Epithelial
AATCATGTAAAGACTC-1,Other_tissue
AATCGCCTCAGCGCCA-1,Epithelial
AATCGCGCAGAGGACT-1,Epithelial
AATCGTGAGCCGAGCA-1,Other_tissue
AATCTATGCCGGAGCC-1,Other_tissue
AATCTGCGTTGGGACG-1,Epithelial
AATGACAGCAATGTCT-1,Stem_cell_zone
AATGACGTAGGATGTC-1,Epithelial
AATGATGATACGCTAT-1,Other_tissue
AATGATGCGACTCCTG-1,Stem_cell_zone
AATGCAACCGGGTACC-1,Other_tissue
AATGCACCAAGCAATG-1,Other_tissue
AATGTGCCCGAGGTGT-1,Other_tissue
AATTAAAGGTCGGCGT-1,Epithelial
AATTAACGGATTTCCA-1,Epithelial
AATTAGCGCTGCAGCG-1,Stem_cell_zone
AATTCATAAGGGATCT-1,Stem_cell_zone
AATTCCAAGCATGTAC-1,LowQ_tissue
AATTCGATTCGAGGAT-1,Other_tissue
AATTCTAGAGTTAGGC-1,
AATTGAACGCTCTGGT-1,Epithelial
AATTGCAGCAATCGAC-1,Other_tissue
AATTTGGGACATAGTA-1,Other_tissue
ACAAAGCATGACCTAG-1,Stem_cell_zone
ACAAATCGCACCGAAT-1,Epithelial
ACAAATGGTAGTGTTT-1,Epithelial
ACAACAGCATGAGCTA-1,Epithelial
ACAAGGAAATCCGCCC-1,
ACAAGGACAAGAGGTT-1,Other_tissue
ACAAGGATGCTTTAGG-1,Epithelial
ACAAGGGCAGGCTCTG-1,Epithelial
ACAATGAATACGGAGA-1,LowQ_tissue
ACAATTGTGTCTCTTT-1,Epithelial
ACAATTTGAGCAGTGG-1,Stem_cell_zone
ACAATTTGGCCATATT-1,Other_tissue
ACACAAAGACGGGTGG-1,Other_tissue
ACACACCAGGACCAGT-1,Epithelial
ACACCACATAATTAGC-1,Other_tissue
ACACCTTACTACTTGC-1,Epithelial
ACACGAGACTCCTTCT-1,Epithelial
ACACGGGAACTTAGGG-1,Other_tissue
ACACGTAGGCCACAAG-1,Epithelial
ACACTGATCAAGGTGT-1,Epithelial
ACACTGGGACAGTCGT-1,Other_tissue
ACAGCGACATTCTCAT-1,
ACAGGCTTGCCCGACT-1,Stem_cell_zone
ACAGGTGGAGGTGAGG-1,Epithelial
ACAGTATACCGTGGGA-1,Other_tissue
ACATCCCGGCCATACG-1,Epithelial
ACATCCTGGTAACTGT-1,Stem_cell_zone
ACATCGATCGTTTACC-1,Epithelial
ACATCGGTCAGCCGCG-1,Other_tissue
ACATCGTATGCAATGG-1,Epithelial
ACATGGCGCCAAAGTA-1,Other_tissue
ACATTAGTTTATATCC-1,Stem_cell_zone
ACCAAACACCCAGCGA-1,Other_tissue
ACCAACACCACACACT-1,LowQ_tissue
ACCAACCGCACTCCAC-1,Other_tissue
ACCAACGCTTATTTAT-1,Epithelial
ACCAATATGCAAGTTA-1,
ACCACAAGTTTCTATC-1,Other_tissue
ACCACCAATGTAACAA-1,Epithelial
ACCACCCTCTCTTCTA-1,LowQ_tissue
ACCACGTGCAGCTATA-1,Epithelial
ACCAGTGCGGGAGACG-1,Epithelial
ACCATATCCGCAATAA-1,Epithelial
ACCATCGTATATGGTA-1,Epithelial
ACCCAACGCCCGTGGC-1,Epithelial
ACCCATCTTGAGGGTA-1,Other_tissue
ACCCATTTGTCCCTCT-1,
ACCCGGAAACTCCCAG-1,Epithelial
ACCCGGAGCACCACAA-1,
ACCCGGATGACGCATC-1,Stem_cell_zone
ACCCGGTTACACTTCC-1,Epithelial
ACCCGTGTCATCAGTA-1,Stem_cell_zone
ACCCTATGCCATATCG-1,Stem_cell_zone
ACCCTCCCTTGCTATT-1,
ACCCTGGTAACGCCCT-1,Other_tissue
ACCGACACATCTCCCA-1,Other_tissue
ACCGACTGAGTCCCAC-1,Other_tissue
ACCGATAGGCATAACC-1,LowQ_tissue
ACCGATATTTAATCAT-1,Other_tissue
ACCGATGGTAGCATCG-1,Epithelial
ACCGCAATAACTGCCT-1,Epithelial
ACCGCGGTGGAAGTCG-1,Epithelial
ACCGGGCCTTTGTTGA-1,Epithelial
ACCGTGACCACGTGGG-1,LowQ_tissue
ACCTAAGTACCTTTCA-1,Stem_cell_zone
ACCTACAGTATGTGGT-1,Epithelial
ACCTCCGCCCTCGCTG-1,Epithelial
ACCTCCGTTATTCACC-1,Epithelial
ACGACCCATGAGTTGC-1,
ACGAGTACGGATGCCC-1,Epithelial
ACGATACATAGAACTA-1,Epithelial
ACGATCATACATAGAG-1,Other_tissue
ACGATCATCTTGTAAA-1,Other_tissue
ACGATGCATATGTTAT-1,Other_tissue
ACGCAAACTAATAGAT-1,LowQ_tissue
ACGCAATCACTACAGC-1,Other_tissue
ACGCATACGTTTACTA-1,
ACGCATTCGTGAGTAC-1,Epithelial
ACGCCAGATGATTTCT-1,Epithelial
ACGCCGCTAGACGACC-1,Other_tissue
ACGCGAAGTCAGACGA-1,
ACGCGCTACACAGGGT-1,Other_tissue
ACGCGGGCCAAGGACA-1,Epithelial
ACGCTAGTGATACACT-1,Epithelial
ACGGACTCTCAAAGCG-1,Stem_cell_zone
ACGGAGCGCAAATTAC-1,LowQ_tissue
ACGGATGGTGCGGATA-1,
ACGGCACTTGCTTGGG-1,Stem_cell_zone
ACGGCCAACATGGACT-1,Epithelial
ACGGCGACGATGGGAA-1,
ACGGGCGTATGCGACA-1,Other_tissue
ACGTAGATTGCTGATG-1,Epithelial
ACGTATTACTCCGATC-1,Epithelial
ACGTTAATGTCGAAGA-1,Lymphoid_structure
ACGTTAGATTTGCCCG-1,Other_tissue
ACGTTCGCAATCAATT-1,Other_tissue
ACGTTCGTTCAGGAAA-1,Other_tissue
ACGTTCTGTACAAGTC-1,Other_tissue
ACTACGCGTTAGAATT-1,Other_tissue
ACTAGTTGCGATCGTC-1,Other_tissue
ACTATATGCTGTGTTC-1,LowQ_tissue
ACTATCCAGGGCATGG-1,Epithelial
ACTATCTGCCCGCGTA-1,Epithelial
ACTATTCGTCCGTGGT-1,Epithelial
ACTATTTCCGGGCCCA-1,Other_tissue
ACTCAAGTGCAAGGCT-1,
ACTCAATAAAGGCACG-1,Other_tissue
ACTCCCGAATTCGTTT-1,Epithelial
ACTCCCGTAGACTAGG-1,LowQ_tissue
ACTCCCTAATGCTAAA-1,Epithelial
ACTCCCTAGAATAGTA-1,Epithelial
ACTCGCGATCTGACGC-1,Other_tissue
ACTCGTCAGTAATCCC-1,
ACTCTCTGACTTAGGT-1,Epithelial
ACTCTTCAGCTCCCGC-1,Other_tissue
ACTCTTGTATAGTAAC-1,
ACTGAAACGCCGTTAG-1,
ACTGAATGGCGAAAGT-1,Epithelial
ACTGCGGACACACCGT-1,Other_tissue
ACTGTACGATACACAT-1,Epithelial
ACTGTCCAGGATTATA-1,Stem_cell_zone
ACTGTCTTCTTTAGAA-1,Stem_cell_zone
ACTTACCGGGCGCGCA-1,LowQ_tissue
ACTTACGCATCCACGC-1,
ACTTATACTTACCCGG-1,Epithelial
ACTTATTAGGATCGGT-1,Epithelial
ACTTATTTATGTGCCA-1,Epithelial
ACTTCAGGCTGATCCC-1,Epithelial
ACTTCCATGCGGGACA-1,Epithelial
ACTTCGCCATACGCAC-1,Other_tissue
ACTTCGCTAGCGAGTG-1,Other_tissue
ACTTGACTCCCTCTTT-1,Other_tissue
ACTTGGGACCCGGTGG-1,Other_tissue
ACTTGTGGATGGAACG-1,Epithelial
ACTTTACCCTCATGAA-1,Epithelial
ACTTTCCTATAGCTTC-1,Other_tissue
ACTTTGTCGACGCACT-1,LowQ_tissue
AGAAATTATGACTCGC-1,Epithelial
AGAACCCAGCGTGACA-1,
AGAACGTGGTACATTC-1,Other_tissue
AGAAGAGCGCCGTTCC-1,
AGAAGGTTGCCGAATT-1,Epithelial
AGAAGGTTGTAGGTCG-1,Other_tissue
AGAAGTGATTCGTGAT-1,Other_tissue
AGAATGCGGGTTCGGA-1,LowQ_tissue
AGAATTATGGATTCGA-1,Other_tissue
AGACAGGCATCTCAGC-1,LowQ_tissue
AGACCCACCGCTGATC-1,
AGACCCGCCCTCCTCG-1,Other_tissue
AGACCGCTCCGCGGTT-1,Epithelial
AGACGAAGTGCCGGTC-1,Epithelial
AGACGACGATGCCGCT-1,Epithelial
AGACGCCCACTTCGCC-1,
AGACTGTTACCGGGTC-1,LowQ_tissue
AGAGAACCGTCTAGGA-1,Epithelial
AGAGAAGGAGTACAAT-1,LowQ_tissue
AGAGCCGCCGAGATTT-1,Epithelial
AGAGCGCTTGTAACGG-1,LowQ_tissue
AGAGGCTTCGGAAACC-1,Stem_cell_zone
AGAGTAAACTTCACTA-1,Epithelial
AGAGTATAGTGTTACG-1,Other_tissue
AGATAACTTCAGGGCC-1,LowQ_tissue
AGATACCAATAGAACC-1,LowQ_tissue
AGATACCGGTGTTCAC-1,Other_tissue
AGATACTCAAGATCGA-1,
AGATATAATACGACTA-1,Other_tissue
AGATCGTGCATAAGAT-1,Other_tissue
AGATCTCAGGTGTGAT-1,Stem_cell_zone
AGATGAGGGTTGCGAT-1,LowQ_tissue
AGATGATGGAGTCTGG-1,Epithelial
AGATTATAGGACGTTT-1,Epithelial
AGCAAAGGCCGCTAGT-1,Stem_cell_zone
AGCAACATATCTTATT-1,Epithelial
AGCACCAGTACTCACG-1,Other_tissue
AGCACTACCTCACCAG-1,Stem_cell_zone
AGCACTTAAGGACGCC-1,Other_tissue
AGCAGAAGGAGAAAGA-1,Other_tissue
AGCAGCCAGATGAATA-1,Epithelial
AGCATATCAATATGCT-1,Epithelial
AGCCAAGCTTTGTGTC-1,Other_tissue
AGCCACAGGTTACCCG-1,Stem_cell_zone
AGCCACTCCCGTGCTT-1,Epithelial
AGCCCGGTAGCCTGTA-1,Other_tissue
AGCCCTGTCGCACCGT-1,Other_tissue
AGCCCTTCTAATCCGA-1,LowQ_tissue
AGCCCTTGGACATCCC-1,Other_tissue
AGCGACAGGAACGGTC-1,Epithelial
AGCGACCAACGATATT-1,Other_tissue
AGCGATGCGCCTAATA-1,Other_tissue
AGCGCATAATGAATCG-1,Epithelial
AGCGCGGGTGCCAATG-1,Epithelial
AGCGCTAGAGCGATGT-1,Other_tissue
AGCGGACACTTCGTAG-1,Other_tissue
AGCGGGTCTGACACTC-1,LowQ_tissue
AGCGGTTGCCGCTCTG-1,Other_tissue
AGCGTGGTATTCTACT-1,Epithelial
AGCTAAGTACGCAGGC-1,Other_tissue
AGCTAGAAGCAGAAGT-1,Other_tissue
AGCTATTTAATCCAAC-1,Epithelial
AGCTCCATATATGTTC-1,Epithelial
AGCTCCTTCGCACATC-1,Epithelial
AGCTCTAGACGTTCCA-1,Epithelial
AGCTCTTCCCAGTGCA-1,Other_tissue
AGCTCTTCGTAACCTT-1,Epithelial
AGCTCTTTACTCAGTT-1,Epithelial
AGCTGAAGTAAACCAA-1,Epithelial
AGCTGTAACCTCAATC-1,Other_tissue
AGCTTCAATACTTTGA-1,
AGGAAGCTGTCCGCCG-1,Other_tissue
AGGACAGTCGAATCCC-1,Epithelial
AGGACGACCCATTAGA-1,Epithelial
AGGACGCTCGATGTTG-1,LowQ_tissue
AGGAGACATCCACAGT-1,LowQ_tissue
AGGAGAGTCTGGCTAC-1,Other_tissue
AGGAGGCCTTCGCGCG-1,Epithelial
AGGATAAAGTCGGGAT-1,Other_tissue
AGGATATAGGGATTTA-1,Epithelial
AGGATTGCTTACGACA-1,Other_tissue
AGGCACGTGACTGTCC-1,Other_tissue
AGGCAGATGCGTAAAC-1,Epithelial
AGGCAGGGAGCGTACT-1,Other_tissue
AGGCATTGTCGTAGGG-1,Epithelial
AGGCCACATTGGTTAC-1,
AGGCCACCCGTTATGA-1,Other_tissue
AGGCCTGAGAATCTCG-1,Epithelial
AGGCGATAACTGGCGT-1,LowQ_tissue
AGGCGTCTATGGACGG-1,Other_tissue
AGGCTTCCCGAAGAAG-1,Epithelial
AGGGAAACGAGGTACT-1,LowQ_tissue
AGGGACCGGCTGCGTT-1,Epithelial
AGGGACTCTACGCGAC-1,Epithelial
AGGGAGACATACTTCG-1,Other_tissue
AGGGCTGCAGTTACAG-1,Epithelial
AGGGTCGATGCGAACT-1,Epithelial
AGGGTGCTCTCGAGGG-1,Epithelial
AGGGTTCCCTTTGGTT-1,Epithelial
AGGGTTTAGTTCGGGA-1,Epithelial
AGGTATAATTGATAGT-1,Epithelial
AGGTATGCGGACATTA-1,Other_tissue
AGGTCGCCTCCCAACA-1,
AGGTCGCGGAGTTACT-1,Epithelial
AGGTGGTGACCTTCGC-1,Other_tissue
AGGTTACACCATGCCG-1,Epithelial
AGGTTGAGGCACGCTT-1,
AGGTTTCACACACCTT-1,Other_tissue
AGTAACGTTCATCCTG-1,
AGTACATCATTTATCA-1,Stem_cell_zone
AGTACGGGCACCTGGC-1,Epithelial
AGTACGTGGCCTGTCT-1,
AGTACTCTTATGCCCA-1,
AGTAGGAAGGAAGTTG-1,LowQ_tissue
AGTATACACAGCGACA-1,LowQ_tissue
AGTATTTGGCACGACC-1,Stem_cell_zone
AGTCAACACCACCATC-1,Epithelial
AGTCAAGATGACACTT-1,Epithelial
AGTCACTAGCTCTCGA-1,
AGTCCATTGGCTGATG-1,Epithelial
AGTCCCGCCTTTAATT-1,Other_tissue
AGTCCCTCGCAGAAAG-1,LowQ_tissue
AGTCGACGGTCTCAAG-1,Epithelial
AGTCGGTTGCGTGAGA-1,Epithelial
AGTCGTATAAAGCAGA-1,Other_tissue
AGTCGTCGACCACCAA-1,
AGTCGTGGGCATTACG-1,Stem_cell_zone
AGTCTAAAGTATACTC-1,Other_tissue
AGTCTCACAAGACTAC-1,Other_tissue
AGTCTTTAAAGTGTCC-1,LowQ_tissue
AGTGAACAAACTTCTC-1,Stem_cell_zone
AGTGAAGATGGTGTCC-1,Other_tissue
AGTGACCTACTTTACG-1,
AGTGAGACTTCCAGTA-1,Epithelial
AGTGAGCCTCGCCGCC-1,Epithelial
AGTGATAACCTGCGCG-1,
AGTGATATGAGTAGTT-1,
AGTGATTCAAGCAGGA-1,Epithelial
AGTGCACGCTTAAGAA-1,Epithelial
AGTGCGTAGCTCGTAA-1,
AGTGCTAAACACAGCA-1,Epithelial
AGTGCTTGCACGAATA-1,
AGTGGCGGCAATTTGA-1,Other_tissue
AGTGGCGTCTGAAGGT-1,Epithelial
AGTGTATTGCGCATTG-1,LowQ_tissue
AGTTAAACACTTGCGA-1,Epithelial
AGTTAAGCGGTCCCGG-1,Epithelial
AGTTAAGTCAACCGCT-1,LowQ_tissue
AGTTACTCTATCGTGG-1,Other_tissue
AGTTCCTACAGAATTA-1,Other_tissue
AGTTCCTATTTATGTT-1,Other_tissue
AGTTGACGGTCCTTGC-1,LowQ_tissue
AGTTTATGTAAAGACA-1,Other_tissue
AGTTTGCACCTGCCTC-1,
AGTTTGGCACGGGTTG-1,Stem_cell_zone
AGTTTGGCCAGACCTA-1,Stem_cell_zone
ATAAACGGACCCGTAA-1,Epithelial
ATAAACGTTGCACCAC-1,Epithelial
ATAAAGGCTCGGTCGT-1,Other_tissue
ATAAAGGTCAAGTACG-1,
ATAACGCCGGAGGGTC-1,Epithelial
ATAACGGAGTCCAACG-1,Other_tissue
ATAAGGTGGAGAACAT-1,Epithelial
ATAAGTAGGATTCAGA-1,Epithelial
ATAAGTAGGGCGACTC-1,Epithelial
ATAAGTTACCGCGACG-1,
ATAATAGCTGTTGAAT-1,Epithelial
ATAATCTTGGAGAACC-1,Epithelial
ATAATTAGCTAAGTAG-1,Other_tissue
ATACAGGCCCTCCAAT-1,Epithelial
ATACCTAACCAAGAAA-1,Epithelial
ATACGAAGGCTTTCCA-1,Other_tissue
ATACGCCGGCGAAACC-1,Epithelial
ATACGGGTTTCGATTG-1,Epithelial
ATACGTACTTAGCCAC-1,Other_tissue
ATACGTCCACTCCTGT-1,Epithelial
ATACGTTATGCACGGA-1,Other_tissue
ATACTACCCGTACCAC-1,Epithelial
ATACTGCCTTACACCG-1,
ATAGACAACGGGACCT-1,
ATAGACGAAGAGAAAG-1,Other_tissue
ATAGAGTACTGGGACA-1,LowQ_tissue
ATAGAGTTATCAACTT-1,Epithelial
ATAGATTTGCAGTCGG-1,
ATAGCAACTAGGGAAG-1,Lymphoid_structure
ATAGGCGGCTATAGAA-1,Other_tissue
ATAGGCTAGCTTCGCA-1,Other_tissue
ATAGGTTGGGCAGATG-1,Other_tissue
ATAGTGAAGCGTTCTC-1,Epithelial
ATAGTTCCACCCACTC-1,Other_tissue
ATATAAAGCGCTCGTG-1,Epithelial
ATATAAATGTAGCTGC-1,Other_tissue
ATATAACACGGGCGCA-1,Other_tissue
ATATACGCTCGTGACG-1,Stem_cell_zone
ATATCAACCTACAGAG-1,Epithelial
ATATCGGTAGGGAGAT-1,Epithelial
ATATCGTTCCTCGAAC-1,
ATATCTCCCTCGTTAA-1,Other_tissue
ATATCTTAGGGCCTTC-1,Epithelial
ATATGTCTCCCTAGCC-1,Stem_cell_zone
ATATTCAGTTAAACCT-1,Epithelial
ATATTCCACATAGTGA-1,Epithelial
ATATTGGAGAGGCCTT-1,
ATATTTAACCCTCAAG-1,Other_tissue
ATCAAACACTGTTCCA-1,Epithelial
ATCAAACGAAGGTTTG-1,Epithelial
ATCAATCTGGGCTGCA-1,Epithelial
ATCACATTAGAATATC-1,Epithelial
ATCACGTGCTAATTAA-1,Epithelial
ATCAGACGGCACGCCG-1,Epithelial
ATCAGCCTCATGCTGC-1,
ATCAGGTAGCTGACAG-1,Other_tissue
ATCAGTAGGCAGGGAT-1,Epithelial
ATCATAGCCCTATGTA-1,Stem_cell_zone
ATCATCCAATATTTGT-1,Epithelial
ATCATCTGCCCAGTGT-1,
ATCATGGACTACCGAC-1,
ATCCAATGGAGGGTCC-1,LowQ_tissue
ATCCACATCGACAGAA-1,Other_tissue
ATCCAGAGCAACAACC-1,
ATCCAGGATTCGTGAA-1,Epithelial
ATCCTACCTAAGCTCT-1,Epithelial
ATCCTGCGTGGAATGG-1,Epithelial
ATCCTTCTGAAAGAAC-1,
ATCGACCCAATACAGA-1,Other_tissue
ATCGCACGCCGGGAGA-1,Other_tissue
ATCGCCAGTCAACATT-1,Other_tissue
ATCGCTGCGTGCAGCA-1,Other_tissue
ATCGCTTTACGTCTCA-1,Other_tissue
ATCGGAGACAGACGGC-1,Epithelial
ATCGGCAAGCAGTCCA-1,Other_tissue
ATCGTTAGCTAGCGGA-1,
ATCTAATATCCTACGG-1,Epithelial
ATCTAGCTTGTGAGGG-1,LowQ_tissue
ATCTCCCACGGAATAT-1,Epithelial
ATCTCCCTGCAATCTA-1,Epithelial
ATCTCGTGAGCGAAAC-1,Epithelial
ATCTGCACCTCTGCGA-1,Epithelial
ATCTGGGCTGTTCTTG-1,Other_tissue
ATCTGGTTAAGACTGT-1,Other_tissue
ATCTTATCGCACACCC-1,Other_tissue
ATCTTGACTTGTCCAA-1,Epithelial
ATCTTTCGTATAACCA-1,Other_tissue
ATGACGCGTTCTATCC-1,Stem_cell_zone
ATGACTATGCGACATT-1,Epithelial
ATGAGGGCAGCGGCTA-1,Other_tissue
ATGATGCAATGGTACA-1,
ATGCATGATCCAGGAT-1,Other_tissue
ATGCCAATCGCTCTGC-1,LowQ_tissue
ATGCCATTTGCGACCA-1,
ATGCCGGTCTTGCATA-1,Epithelial
ATGCCGGTTGATGGGA-1,Epithelial
ATGCGACAATTGGTCC-1,LowQ_tissue
ATGCGACAGTCCCATT-1,Epithelial
ATGCGAGTCCCACCAC-1,Other_tissue
ATGCTCTGGCGCGGTA-1,Epithelial
ATGCTTAGGAGTTGAT-1,Epithelial
ATGGAACCTTTGCACA-1,Other_tissue
ATGGAGCAGGCCGTGA-1,
ATGGATCCGGCGTCCG-1,Epithelial
ATGGATTGACCAAACG-1,Other_tissue
ATGGCGGAATAGTCGC-1,Other_tissue
ATGGGAACGGAAGCGG-1,
ATGGGCCTCGGCCTCT-1,Epithelial
ATGGTCGCGTGGTTTC-1,
ATGTAAGGCTGCTCTT-1,Stem_cell_zone
ATGTACATGCGGTGAG-1,LowQ_tissue
ATGTACGATGACGTCG-1,LowQ_tissue
ATGTGGACATCTTGAT-1,Epithelial
ATGTTGATTAGAGACT-1,LowQ_tissue
ATGTTTCGGCCCGGAG-1,Other_tissue
ATTAAACATGCGGACC-1,Other_tissue
ATTAATGAACCAGTCG-1,Epithelial
ATTACATGTCAGTCTT-1,Epithelial
ATTACCACACTGCCTG-1,Stem_cell_zone
ATTACGACTCCACAGT-1,LowQ_tissue
ATTACGCGCTGGCAGG-1,LowQ_tissue
ATTACTTACTGGGCAT-1,Other_tissue
ATTAGATTCCTCAGCA-1,Stem_cell_zone
ATTAGGCGATGCTTTC-1,
ATTATACTTTGCTCGT-1,Epithelial
ATTATAGCTACTTTAC-1,Other_tissue
ATTATTATGTCCGTCA-1,Other_tissue
ATTATTCAGAGTCACT-1,LowQ_tissue
ATTCAACCATTTAAGG-1,
ATTCACTGATGTTGGA-1,Epithelial
ATTCAGGACCTATTTC-1,Other_tissue
ATTCATATACTGTCCA-1,Epithelial
ATTCATCGTTGAGGCA-1,Epithelial
ATTCCTAAGACGTGGA-1,LowQ_tissue
ATTCGCGCCTTGAGAG-1,Other_tissue
ATTCGTGCTATCTCTT-1,Epithelial
ATTGAAGATCTTAGTG-1,Other_tissue
ATTGACCGGCGATGAC-1,Other_tissue
ATTGATGAGTCCTAAC-1,Other_tissue
ATTGCCTTTATGTTTG-1,Other_tissue
ATTGCGATCAGTAACT-1,Epithelial
ATTGCTGCTCCTCCAT-1,Other_tissue
ATTGGATTACAGCGTA-1,
ATTGTACAACTCGGCT-1,Epithelial
ATTGTCGCAATACCTT-1,Other_tissue
ATTGTTCAACGATCCG-1,LowQ_tissue
ATTTACAGTTTACTGG-1,Other_tissue
ATTTACTAAGTCCATT-1,Stem_cell_zone
ATTTCATTATTTCGCG-1,Epithelial
ATTTCCGGGTTCTGCG-1,Stem_cell_zone
ATTTGCGCGAGTAGCT-1,Other_tissue
ATTTGTCTTGGGAGCT-1,Epithelial
CAAACGAGTATCGCAG-1,
CAAACGGTCGCACTTT-1,LowQ_tissue
CAAACTCGCGACGCCG-1,Epithelial
CAAAGATTATTGGGCC-1,Other_tissue
CAAAGGTCATCTGAAA-1,
CAAATGTCCTTCCGTG-1,
CAAATTGGATTATGCC-1,Other_tissue
CAACACATCTCCTGCC-1,Other_tissue
CAACAGTGCCAAACGG-1,
CAACCAGTGGCCTACC-1,Other_tissue
CAACCTACCGAGCAGT-1,Lymphoid_structure
CAACCTGAACCTGCCA-1,Other_tissue
CAACGTGGTGGAGTCT-1,Epithelial
CAACTATATCGAATGC-1,Epithelial
CAACTCCAACGTTTAG-1,
CAACTGCTCATCCGAT-1,Other_tissue
CAAGACTCAGAAGCGC-1,Other_tissue
CAAGAGGGCGGAGTAC-1,Epithelial
CAAGATATTATAACGT-1,Epithelial
CAAGCGGCACATAATT-1,Other_tissue
CAAGGATCGCATGTTC-1,Lymphoid_structure
CAAGGCCAGTGGTGCA-1,LowQ_tissue
CAAGGTCCTATAGGCT-1,Epithelial
CAAGTGTGGTTGCAAA-1,Epithelial
CAATAAACCTTGGCCC-1,Other_tissue
CAATACGAGAGTCTGA-1,Other_tissue
CAATATTCTTGACCTA-1,Epithelial
CAATGAGGTTCGACTA-1,Other_tissue
CAATGCGAGAAGTATC-1,Other_tissue
CAATGGATCTCTACCA-1,Other_tissue
CAATGTGCCAACCCTT-1,Stem_cell_zone
CAATTAAGGGTGATGA-1,Other_tissue
CAATTTCGTATAAGGG-1,
CACAATGAGCTGCTAT-1,Epithelial
CACACACGCTAACGAG-1,
CACACAGCTTGCGCTC-1,Epithelial
CACACGCGCTGTCTTA-1,Epithelial
CACACGTTTCAATGGG-1,
CACAGCACCCACGGCA-1,Other_tissue
CACAGGGCCATATAGT-1,
CACAGGGCCGTTGTCA-1,Other_tissue
CACAGTCCCGCTTCGC-1,Stem_cell_zone
CACAGTTCGCTTCCCA-1,Epithelial
CACATATTAGCAGGAT-1,Epithelial
CACATCGTGCACGCGC-1,LowQ_tissue
CACATCTCACCGACGA-1,
CACATGATTCAGCAAC-1,Epithelial
CACATTCTTTCGATGG-1,Other_tissue
CACATTTCTTGTCAGA-1,Epithelial
CACCCAAATCTTATGT-1,Epithelial
CACCCACGAGGCAATT-1,Stem_cell_zone
CACCCGGTTTGTGACT-1,Epithelial
CACCCTAACAAGATCT-1,
CACCGCCAGAAGGTTT-1,Other_tissue
CACCGCGTCCACTCTA-1,LowQ_tissue
CACCGTATCCCATCCG-1,Other_tissue
CACCGTTAGGGATCAC-1,Epithelial
CACCGTTGCGCGATAT-1,Other_tissue
CACCTAATCAGTTTAC-1,Epithelial
CACCTTGCGAAACTCG-1,Epithelial
CACCTTGGCGCCTTTG-1,Other_tissue
CACGCACAGCGCAGCT-1,Other_tissue
CACGCAGCGAGGCTTT-1,LowQ_tissue
CACGCGGAACTGTTGC-1,Epithelial
CACGGACGTGGATGGC-1,LowQ_tissue
CACGGCGCGCCAAAGG-1,LowQ_tissue
CACGTCAATCAATGGA-1,LowQ_tissue
CACGTCGGCAACCTCT-1,Epithelial
CACGTTCGTGCTCTAG-1,
CACGTTTCGTACACAC-1,
CACTAAAGTTGCCTAT-1,Stem_cell_zone
CACTACGGGAGCTGCC-1,Epithelial
CACTCAAGAGCTATGG-1,
CACTCCTATGTAAGAT-1,Other_tissue
CACTCCTCTCGGTCGG-1,LowQ_tissue
CACTCGAGCTGAACAA-1,Epithelial
CACTCTTCTGCTAGCC-1,Epithelial
CACTGACGATTGTGGA-1,LowQ_tissue
CACTTAATCAGACGGA-1,Other_tissue
CAGAACTTAGCCCTCT-1,Stem_cell_zone
CAGAATAACACACGGA-1,Epithelial
CAGAATATTCGTTATC-1,
CAGACACCGATCGCTG-1,Epithelial
CAGACCTGTAAGTGTT-1,Epithelial
CAGACGAACCTGATAC-1,
CAGAGACGGTCACCCA-1,Epithelial
CAGAGCATGAGCTTGC-1,Other_tissue
CAGAGGCGATGCATGA-1,Epithelial
CAGATCATTTAAAGTC-1,Other_tissue
CAGCAGCCCGTTCCTT-1,Other_tissue
CAGCAGTCCAGACTAT-1,Epithelial
CAGCAGTCTGTGCTGC-1,Other_tissue
CAGCCTCCTGCAGAGG-1,Epithelial
CAGCCTCTCCTCAAGA-1,LowQ_tissue
CAGCGATTCCCTTCAA-1,Epithelial
CAGCTCACTGAGACAT-1,Epithelial
CAGCTCGACAAGTTAA-1,Other_tissue
CAGGAAGACTTTATAT-1,LowQ_tissue
CAGGACAGCTGCCCTT-1,Other_tissue
CAGGATATATCGTTGT-1,
CAGGCAGTCTTACCAG-1,Other_tissue
CAGGCCGTTTGGGTGT-1,Stem_cell_zone
CAGGCGCACGGTGGTC-1,Other_tissue
CAGGCGCCATGCTAGG-1,
CAGTAACTATTTATTG-1,LowQ_tissue
CAGTACATTCTCTAAA-1,LowQ_tissue
CAGTAGCCCACGCGGT-1,Epithelial
CAGTCGAGGATGCAAT-1,Other_tissue
CAGTCTGTATACTGGG-1,Epithelial
CAGTGAATAAATGACT-1,Epithelial
CAGTGTCGGCTGGCCC-1,Stem_cell_zone
CAGTTCAAATTGACAC-1,Other_tissue
CATAACGGACAGTCGT-1,Epithelial
CATAAGAAGCTTGGCT-1,Epithelial
CATACACGGTTCCCAC-1,Other_tissue
CATACGGCGTCTGGGC-1,Other_tissue
CATACTATGTAATTGT-1,Stem_cell_zone
CATACTTAGGCAATAC-1,Epithelial
CATAGAGGAGATACTA-1,LowQ_tissue
CATAGCGTTGCCCACC-1,Epithelial
CATAGTACATTGAGAG-1,Epithelial
CATAGTCAAATACATA-1,Other_tissue
CATAGTCCACAAGAAC-1,Stem_cell_zone
CATATACTACTGATAA-1,LowQ_tissue
CATATAGGTACAGTCA-1,
CATCATTACCCTGAGG-1,Stem_cell_zone
CATCCTCTCAAAGATC-1,Other_tissue
CATCGGACGGGTTAAT-1,Epithelial
CATCTAGTGAAGGGAA-1,Other_tissue
CATCTATCCCGTGTCT-1,LowQ_tissue
CATCTTACACCACCTC-1,Stem_cell_zone
CATGACTTCGCTGAAT-1,Epithelial
CATGAGATGCACTCTC-1,
CATGATGGAAGTTAGC-1,Stem_cell_zone
CATGCACGTGTTACTG-1,
CATGCGACCAGTTTAA-1,Epithelial
CATGGATTGTCTTCCG-1,
CATGGGTATGCCTTAT-1,
CATGGGTCGGGTGTGG-1,Epithelial
CATGGTAAGTAGCGTT-1,Epithelial
CATGGTCTAGATACCG-1,Other_tissue
CATGTAAGAGACATTT-1,Other_tissue
CATGTAGGAGCGCCAA-1,LowQ_tissue
CATGTCTCATTTATGG-1,Epithelial
CATTACATAGATTGTG-1,Other_tissue
CATTATGCTTGTTGTG-1,
CATTCCCATTCCGTCG-1,Other_tissue
CATTGATGAACACGCC-1,Other_tissue
CATTGCAAAGCATAAT-1,
CATTGCGGGTCAATTC-1,Other_tissue
CATTTAGCGGACCATG-1,Epithelial
CATTTGAGTGGTACGT-1,Epithelial
CCAAATAACAAGATTC-1,Epithelial
CCAACGATGCACTGAT-1,Other_tissue
CCAACTTGATAGATCC-1,
CCAAGAAAGTGGGCGA-1,Epithelial
CCAAGCGTAACTCGTA-1,Epithelial
CCAATAGTGCCGTCGA-1,Other_tissue
CCAATCGGTAGATCGA-1,Other_tissue
CCAATGTCACAGCAAG-1,Epithelial
CCAATTACGGGTCGAG-1,Other_tissue
CCACAATGTACGTCTT-1,Epithelial
CCACACTGAGATATTA-1,Epithelial
CCACAGTACCCATCCT-1,Epithelial
CCACATACTGCACCCA-1,Other_tissue
CCACCAACTTTACTGT-1,Epithelial
CCACCCAAGGAAAGTG-1,
CCACGAATTTAACCTC-1,Epithelial
CCACGAGAAGAGAATC-1,Epithelial
CCACGGAGCCATAAGA-1,Other_tissue
CCACGGTGCCCGGTAG-1,Epithelial
CCACGTAAATTAGACT-1,Other_tissue
CCACTATCCGGGTCAC-1,Other_tissue
CCACTGTTTGGATTAA-1,Epithelial
CCAGAAAGCAACTCAT-1,Epithelial
CCAGATAGTTGAGTGA-1,Stem_cell_zone
CCAGATGTAAATGGGT-1,LowQ_tissue
CCAGCCTGGACCAATA-1,
CCAGCGGGATCACCAG-1,Other_tissue
CCAGCTCGAACGCATT-1,Other_tissue
CCAGGCTGGCGTCTGA-1,LowQ_tissue
CCAGGGACGTGGCCTC-1,
CCAGTAGTCTGATCCA-1,Epithelial
CCAGTCTAGACGGCGC-1,Epithelial
CCAGTCTTGTCATAGA-1,Stem_cell_zone
CCATAAACAACCCGAC-1,Epithelial
CCATACCTTTACTTGT-1,Epithelial
CCATATGGAAACTATA-1,
CCATCGCAGTTAAACT-1,Epithelial
CCATCTCACCAGTGAA-1,Epithelial
CCATGCCCTAGATTTC-1,
CCATGCCTGTTTAGTA-1,Epithelial
CCATTAGCGATAATCC-1,LowQ_tissue
CCATTCCCTGCCCACA-1,
CCATTGTTTCCTCCAT-1,Other_tissue
CCATTTCTACCTATTA-1,Epithelial
CCCAAACATGCTGCTC-1,Epithelial
CCCAACATACGTCGCG-1,Stem_cell_zone
CCCAATGAGATTTGCA-1,Other_tissue
CCCAATTTCACAACTT-1,Other_tissue
CCCAGAGGAGGGCGTA-1,Other_tissue
CCCAGGTCTGAAGGCT-1,Epithelial
CCCAGTTAAGGCGCCG-1,Epithelial
CCCGACCATAGTCCGC-1,Epithelial
CCCGAGTTTCTCCGTA-1,Epithelial
CCCGATAGCCTCGCCT-1,Other_tissue
CCCGCAGCGCGAACTA-1,
CCCGGGTCGTTCAGGG-1,LowQ_tissue
CCCGTAGCTGGGAAGA-1,Other_tissue
CCCGTTTCGCAGATGT-1,
CCCTCCTCGCTCGTAT-1,Epithelial
CCCTGAAATGAGTTGA-1,LowQ_tissue
CCCTTTAATGGAGTTC-1,Other_tissue
CCCTTTGACAGGTCTT-1,Epithelial
CCGAACCTTCCCGGCC-1,
CCGAAGGGCGTACCGC-1,Other_tissue
CCGACAATAGGCCGCC-1,Epithelial
CCGACGGGCATGAGGT-1,Other_tissue
CCGACGTAAACACAAC-1,LowQ_tissue
CCGAGAAGTCGCATAA-1,Epithelial
CCGAGCTGTGCTTGTC-1,Other_tissue
CCGATATGACGTAAGG-1,LowQ_tissue
CCGATCTCAACCTTAT-1,Other_tissue
CCGCACAAAGACCAAC-1,
CCGCACACGAACGTGT-1,
CCGCATGTGGTACGAT-1,Epithelial
CCGCCGTTGAGGATAA-1,Stem_cell_zone
CCGCCTGCGAATTGGT-1,LowQ_tissue
CCGCGGAATGCGTCAC-1,Epithelial
CCGCTATCAGCACCAG-1,Epithelial
CCGCTCTTCCGAACTA-1,Lymphoid_structure
CCGCTTACCTCACTCT-1,Epithelial
CCGCTTGCTGACATGG-1,Other_tissue
CCGGAAGTTATCAGTC-1,LowQ_tissue
CCGGAGCGTACTTTCT-1,Stem_cell_zone
CCGGAGGTCTTATGGT-1,LowQ_tissue
CCGGCACGACCGTTTC-1,Epithelial
CCGGGCGGTCTCGTCA-1,Epithelial
CCGGGCTGCTCCATAC-1,Epithelial
CCGGTAATGGCTAGTC-1,Stem_cell_zone
CCGGTTTGTAATTGTG-1,Stem_cell_zone
CCGTAAGTTGGTCCCA-1,Epithelial
CCGTAGGAAATCCCTG-1,
CCGTAGGGTTGTTTAC-1,Lymphoid_structure
CCGTATCTCGTCGTAG-1,Other_tissue
CCGTATTAGCGCAGTT-1,Other_tissue
CCGTGAGGCATTCATG-1,Other_tissue
CCGTGGAACGATCCAA-1,Other_tissue
CCGTGTTAAATTCCAT-1,Epithelial
CCGTTACGTTAGAACA-1,Stem_cell_zone
CCTAAAGGCTGACGCT-1,Other_tissue
CCTAAATTAACGGTTC-1,Other_tissue
CCTAAATTGTATCCTA-1,Epithelial
CCTAACCCAAACAAGT-1,Epithelial
CCTAACTAAGGCTCTA-1,Other_tissue
CCTACATTCACAGACG-1,Epithelial
CCTACGCGACCTTACA-1,
CCTACTGCGGCGGCCA-1,
CCTACTGCTTACACTT-1,
CCTAGGCGTAGCGATC-1,Epithelial
CCTAGTTAGTCGCATG-1,Epithelial
CCTATAATGAGTGCCC-1,Other_tissue
CCTATACCGTCCTGTC-1,Epithelial
CCTATATTTGTCCTGG-1,Other_tissue
CCTATCTATATCGGAA-1,Epithelial
CCTATGAAGTGGTGCC-1,Epithelial
CCTATGGGTTACCGTC-1,Stem_cell_zone
CCTATGTCCACTCCAC-1,Epithelial
CCTCACCTGAGGGAGC-1,Epithelial
CCTCACCTTAGCATCG-1,Epithelial
CCTCACGTCAGCTAAT-1,
CCTCCTGTTGTGTCGT-1,Epithelial
CCTCGAAGTGGACGGG-1,Epithelial
CCTCGCCAGCAAATTA-1,Epithelial
CCTCGCGCGATATAGG-1,Other_tissue
CCTCGCGCTGTGCGAT-1,Epithelial
CCTCGGACCGGGATAG-1,Epithelial
CCTCTAATCTGCCAAG-1,
CCTCTATCGATTAGCA-1,Other_tissue
CCTCTGGCCTAGACGG-1,Epithelial
CCTCTGTACTATTCTA-1,
CCTGAACGATATATTC-1,
CCTGAATATTTACATA-1,
CCTGACCACCGATGGT-1,Epithelial
CCTGACGCAACCTTTA-1,
CCTGCTATTTGAGAAG-1,
CCTGGAAACGTTCTGC-1,Epithelial
CCTGGCTAGACCCGCC-1,Other_tissue
CCTGGTCGAATGTGGG-1,Epithelial
CCTGTAAGACATGATA-1,Other_tissue
CCTGTCACCCGGGCTC-1,Other_tissue
CCTGTCCCTCACGTTA-1,Stem_cell_zone
CCTGTCGCCCGTAAAT-1,Epithelial
CCTGTTTGAAGACACG-1,
CCTTCAGTTAAAGTGA-1,Other_tissue
CCTTCTTGATCCAGTG-1,Epithelial
CCTTGACCACTTTATT-1,Epithelial
CCTTTAAGGGAGCACT-1,Stem_cell_zone
CCTTTCAATGAAGAAA-1,Epithelial
CGAAACGCAATTCATG-1,Other_tissue
CGAACAGTATGGGCGT-1,Epithelial
CGAACCCGCATGCGTC-1,
CGAACGCCCAGTGCCG-1,Epithelial
CGAAGCTATAAATTCA-1,LowQ_tissue
CGAATGACGCATAATG-1,Other_tissue
CGACAATTTGATCTAA-1,Epithelial
CGACACGCTCCGACAG-1,Epithelial
CGACAGTTCGCGTTAT-1,Other_tissue
CGACTCAGGATGTTAT-1,Epithelial
CGACTTTGTATAGCCT-1,Epithelial
CGAGACCCTAGAGTGT-1,Other_tissue
CGAGAGATGTGAACCT-1,Stem_cell_zone
CGAGAGCTTTCACTAC-1,Other_tissue
CGAGAGGGTAGCCGCG-1,Epithelial
CGAGATTTCGCTCGGG-1,Stem_cell_zone
CGAGGAGCTTCCATAT-1,Other_tissue
CGAGGATCGGGAACGA-1,Other_tissue
CGAGGCTAAATATGGC-1,Stem_cell_zone
CGAGGGACTGCGGTCG-1,Epithelial
CGAGGGTATCCAGGTG-1,Other_tissue
CGAGTACTAAAGAGGA-1,Epithelial
CGAGTGAAGGTACCAG-1,Other_tissue
CGAGTTCTGTCCCACC-1,Other_tissue
CGAGTTTATCGGACTG-1,Epithelial
CGATAATACTCAGGTT-1,Stem_cell_zone
CGATACCTCGCGGACA-1,Epithelial
CGATAGTCGTACTGCA-1,Other_tissue
CGATCCGACCCAGTGC-1,Epithelial
CGATGGACCCTACGCC-1,Other_tissue
CGATTAAATATCTCCT-1,Epithelial
CGATTCGCCTGGCTGC-1,
CGCACATGTCCACTAC-1,
CGCACGTGCGCTATCA-1,Epithelial
CGCAGATCTTCACCCG-1,Other_tissue
CGCAGGCGATCCAAAC-1,Other_tissue
CGCATCCATCAGCCAG-1,Other_tissue
CGCATGCCGAATGCGT-1,Other_tissue
CGCATGGTGCGATGCT-1,Other_tissue
CGCATTAGCTAATAGG-1,Other_tissue
CGCCATCCGATTATGA-1,Epithelial
CGCCCAGCACGCCTAG-1,Other_tissue
CGCCCAGCGTTTCACG-1,Other_tissue
CGCCCGCTTCCGTACA-1,Epithelial
CGCCGCCCATGCCTGT-1,Epithelial
CGCCGTCTACCCATCG-1,
CGCCGTTCAGCATAGT-1,Epithelial
CGCCTCCCTCCTCTAT-1,Other_tissue
CGCCTTTAGCATGCTC-1,Stem_cell_zone
CGCGAAGTGGCATACT-1,Other_tissue
CGCGACCGCGACAGAT-1,
CGCGAGAGGGACTTGT-1,LowQ_tissue
CGCGCATGTTTGATTG-1,Epithelial
CGCGCCCGACTTAATA-1,Epithelial
CGCGGCTCAACTTGAA-1,Epithelial
CGCGGGAATTAGGCAG-1,Stem_cell_zone
CGCGGTAAGTCTAGCT-1,Other_tissue
CGCGGTACGGTATACA-1,LowQ_tissue
CGCGGTCACAAACCAA-1,LowQ_tissue
CGCGTTCATGAAATAC-1,
CGCTACGGGACATTTA-1,Epithelial
CGCTAGAGACCGCTGC-1,Stem_cell_zone
CGCTATTCTTAGGCTC-1,Epithelial
CGCTGGTGACTACCCT-1,Epithelial
CGCTGTGTGGATGTTG-1,Other_tissue
CGCTTATTCCCGGTCG-1,Other_tissue
CGCTTGGACGGATAGA-1,LowQ_tissue
CGCTTTCTTGCATTCG-1,Epithelial
CGGAAAGAATCAAACG-1,Other_tissue
CGGAACGTAAACATAG-1,
CGGAGCAATTTAATCG-1,Epithelial
CGGAGCATGGCGATCC-1,Epithelial
CGGAGTTTGAGAGACA-1,Other_tissue
CGGATCCTCAAGGACT-1,Epithelial
CGGCAAACATCGTGCG-1,Stem_cell_zone
CGGCAATAAGATCGCC-1,Epithelial
CGGCAGGGTCGGGTTG-1,Stem_cell_zone
CGGCCACGCACAAAGT-1,Epithelial
CGGCCCAACCTGTAGT-1,Other_tissue
CGGCCCAGGTATATCC-1,Other_tissue
CGGCGCCATCAATCCC-1,
CGGCTCTAAAGCTGCA-1,Epithelial
CGGGAATATAGTATAC-1,Other_tissue
CGGGAATTTATGTAAA-1,Epithelial
CGGGAGCTTCAGTGTA-1,Epithelial
CGGGCAGCTAAACCGC-1,Stem_cell_zone
CGGGCCTTCTTTGTAA-1,Epithelial
CGGGTGTACCCATTTA-1,Epithelial
CGGGTTTGTTAGGGCT-1,Stem_cell_zone
CGGTACTAGAATCAAA-1,Epithelial
CGGTAGAGGTGCAGGT-1,Other_tissue
CGGTCAAGTGGGAACC-1,Epithelial
CGGTCAGTCCATATTT-1,
CGGTCCATGAGACTCC-1,Other_tissue
CGGTCCGTCGCAAGCC-1,Other_tissue
CGGTCTATCAACCCGT-1,Epithelial
CGGTGCAGATAGAACG-1,Stem_cell_zone
CGGTGCGCGTTGGTCC-1,Epithelial
CGGTGGGCTCCAGCCT-1,LowQ_tissue
CGGTTATCCAACAGTG-1,Epithelial
CGGTTCAAGTAGGTGT-1,Other_tissue
CGTAGAGAGTAATTAT-1,LowQ_tissue
CGTAGCGAATTGTCAG-1,Epithelial
CGTATTAAGAGATCTA-1,Other_tissue
CGTATTGTTTCCTAAT-1,LowQ_tissue
CGTCAAATGGTCGCAG-1,LowQ_tissue
CGTCACGTCCATTGGT-1,
CGTCGCATGTGAGCCA-1,Other_tissue
CGTCGGATAGTGTTGA-1,Stem_cell_zone
CGTCGTCCTTCGCGAA-1,
CGTCTTGAGTGTGACG-1,Other_tissue
CGTGAAGTTAATTCAC-1,
CGTGACATTGGGTCGT-1,Other_tissue
CGTGACCAGTCCTCTG-1,Other_tissue
CGTGCAGACTGGGACA-1,Lymphoid_structure
CGTGCCCTCCCGAAGA-1,Epithelial
CGTGGAAGCCTCGTAC-1,Other_tissue
CGTGGCCGAATATCTA-1,Epithelial
CGTGTCCCATTCGCGA-1,Other_tissue
CGTGTGTTAAACCCTG-1,Other_tissue
CGTTAAACTAGTTAGG-1,Epithelial
CGTTAATGTCCCGACG-1,
CGTTAGCTCACAACTG-1,Other_tissue
CGTTCAGACCCGCGAA-1,LowQ_tissue
CGTTCTTCGCACACCT-1,LowQ_tissue
CGTTGAATACCGCGCT-1,
CGTTGAGCGACCGTCG-1,Epithelial
CGTTGTAAGATTGATT-1,Other_tissue
CGTTGTCGGCAATTGA-1,Other_tissue
CGTTGTTTCAATTCCC-1,LowQ_tissue
CGTTTACAAGGCAGCT-1,Other_tissue
CGTTTCACTTCGGGCG-1,Other_tissue
CGTTTCGCTCATTACA-1,Stem_cell_zone
CGTTTGTGTAGAGGGT-1,Epithelial
CTAAAGAATGCCTACT-1,LowQ_tissue
CTAAAGGGAAATAGGA-1,Epithelial
CTAAATCCTATTCCGG-1,Epithelial
CTAACCGCGCGCCCGT-1,LowQ_tissue
CTAACGAAACTTGCTG-1,Other_tissue
CTAACTGATAATCGCC-1,Epithelial
CTAACTGGTCCGGTTC-1,Epithelial
CTAAGGGAATGATTGG-1,Epithelial
CTAATTCGCACGCGCT-1,Other_tissue
CTAATTCTCAGATATT-1,Stem_cell_zone
CTACAAGAAATAACCC-1,Other_tissue
CTACACTCGCAGATGG-1,
CTACCCTAAGGTCATA-1,Epithelial
CTACGCACGGAGTACC-1,Epithelial
CTACGCCATTTCCGAT-1,Other_tissue
CTACTATCATAGGTTT-1,LowQ_tissue
CTACTATCTTTCAGAG-1,Other_tissue
CTACTCAAGGTATAGT-1,Other_tissue
CTACTGCCACCTGACC-1,Other_tissue
CTAGATGTGAGTGTAA-1,Epithelial
CTAGATTTACGACGGC-1,Other_tissue
CTAGCATAGTATAATG-1,Epithelial
CTAGCCACAGGCGAGC-1,Other_tissue
CTAGCCGATGTTATGA-1,Other_tissue
CTAGCTTAATGGTCCC-1,
CTAGGCGCCCTATCAG-1,Epithelial
CTAGGTCTGAAGGAAT-1,Epithelial
CTAGGTTCGGACGTGA-1,Epithelial
CTAGTAGAAAGGGATT-1,Other_tissue
CTAGTATTCGGAATTA-1,Stem_cell_zone
CTAGTCACGTCTTAAG-1,
CTAGTGAAGGACAGGA-1,LowQ_tissue
CTAGTTACAACCCGGT-1,Other_tissue
CTAGTTGGGCCCGGTA-1,Other_tissue
CTATAAGAGCCAATCG-1,Epithelial
CTATCGACGAAATACA-1,Other_tissue
CTATCGCGTAGAGAAC-1,Other_tissue
CTATCGGGTCTCAACA-1,Epithelial
CTATGCCCGAATGCAA-1,Other_tissue
CTATGGGAAGCGGAAT-1,
CTATGTCACTAGCCCA-1,Stem_cell_zone
CTATTCATGTGTCCCA-1,Other_tissue
CTATTGTGTTTGGTCA-1,LowQ_tissue
CTATTTGGTTACGGAT-1,
CTCAACTAACCCGGAT-1,Stem_cell_zone
CTCAAGACATTAGCGC-1,LowQ_tissue
CTCACATTTACTAAAT-1,Other_tissue
CTCACTGTGATACTTA-1,Other_tissue
CTCAGTCACGACAAAT-1,Other_tissue
CTCATCACTTAGTGAT-1,Other_tissue
CTCATGGTAATTTGCG-1,LowQ_tissue
CTCATTAACGTTGCCC-1,Other_tissue
CTCATTGCTCTAACAA-1,Epithelial
CTCCCAATGAGTCGCG-1,Epithelial
CTCCGCCCACATGAGG-1,Epithelial
CTCCTCCAGCTCACAC-1,Other_tissue
CTCCTGTTCAAGGCAG-1,Other_tissue
CTCCTTTACGCAAGTC-1,Other_tissue
CTCGAGGTCGAACAGT-1,Other_tissue
CTCGATATTTGCGAGC-1,Other_tissue
CTCGCCGAATGTAGGG-1,Other_tissue
CTCGGGATAACACCTA-1,Other_tissue
CTCGGTACCACTGCTC-1,Epithelial
CTCGGTTGTCGGCCCT-1,LowQ_tissue
CTCGTTTCTAATGTTT-1,Other_tissue
CTCTAATGCATTGATC-1,Other_tissue
CTCTAGCCCTCGGAAA-1,Other_tissue
CTCTATTTGGCTGCAG-1,Epithelial
CTCTCACAATCGATGA-1,Epithelial
CTCTGGACGCCTGGTG-1,Epithelial
CTCTGTTTGAGGATTC-1,Epithelial
CTCTTCTATTGACTGG-1,Epithelial
CTCTTGTCCCGCTTGG-1,Epithelial
CTGAATCCGAGACCTC-1,
CTGAATTTATTGCCAG-1,Other_tissue
CTGACATAGAAATAGA-1,Other_tissue
CTGACTGCGCAGCTCG-1,Epithelial
CTGAGAAAGTTCGGCG-1,Stem_cell_zone
CTGAGCGAGACTTATT-1,Other_tissue
CTGCAAGCACGTTCCG-1,Other_tissue
CTGCACAACTACATAT-1,Epithelial
CTGCACCTAGTCCACA-1,Other_tissue
CTGCACTCCAGTACAG-1,Other_tissue
CTGCAGAGAATCAGAG-1,
CTGCCAAGGTTGGAAG-1,Epithelial
CTGCCATGCATCACAT-1,Other_tissue
CTGCCTCATATGCAAC-1,Other_tissue
CTGCCTTTCTAGTAAA-1,Stem_cell_zone
CTGCGTTACGATATAA-1,Other_tissue
CTGCTGAGGCCACGAA-1,Epithelial
CTGCTGTCTAACGAGC-1,Other_tissue
CTGCTTGGCGATAGCT-1,Stem_cell_zone
CTGCTTTATGTCCGCG-1,Other_tissue
CTGGAAATGGATGCTT-1,LowQ_tissue
CTGGAAGACACGGTGG-1,Epithelial
CTGGATTTACACTTGA-1,
CTGGCATCCGAATGAG-1,LowQ_tissue
CTGGCGACATAAGTCC-1,Epithelial
CTGGCGCACAGGTCTG-1,Epithelial
CTGGCTGATTCATCCT-1,Epithelial
CTGGCTGGTTGTCAGT-1,Epithelial
CTGGGATAAATAATGG-1,Epithelial
CTGGGATACGCTACCC-1,Other_tissue
CTGGGCCTGCTATATC-1,Other_tissue
CTGGGCGGCCAAATGT-1,
CTGGGTAGGCAGTTAA-1,Epithelial
CTGGTAAAGTGTGGGC-1,Other_tissue
CTGGTAACACATAGAA-1,
CTGGTAACGAGCTCTT-1,Epithelial
CTGGTTCGCGAGCTAC-1,Other_tissue
CTGGTTTCGAGCAAGA-1,Epithelial
CTGTACTTCTTAGCAT-1,Epithelial
CTGTAGCCATCTCACT-1,Stem_cell_zone
CTGTCAAATGGCTCGG-1,Epithelial
CTGTGCAGGGTAGGTC-1,Other_tissue
CTGTGGTCGGGAGATA-1,Other_tissue
CTGTTACCCAATCTAG-1,Epithelial
CTTACACGGTATTCCA-1,LowQ_tissue
CTTAGCCTTCCACATG-1,Epithelial
CTTAGGTCCCAATCGT-1,
CTTAGTAGGCCTACAG-1,Epithelial
CTTAGTGTAGTAGCAT-1,Epithelial
CTTATAGATGGCTGTT-1,
CTTCAACTCCACTTGG-1,Epithelial
CTTCATTGTCAGTGGA-1,Epithelial
CTTCCGCTCCGTGAAG-1,Epithelial
CTTCGATTGCGCAAGC-1,LowQ_tissue
CTTCGGCCAATTGTTT-1,Epithelial
CTTCGTAGATAGGTGA-1,Epithelial
CTTCTATGTTGAAGTA-1,Other_tissue
CTTCTATTAATGCTAG-1,Epithelial
CTTGAGTTAGGGTAAT-1,Epithelial
CTTGCCCAGGCTCTAC-1,Other_tissue
CTTGGCCAAGCTGGGA-1,Other_tissue
CTTGTCAACATTCGAG-1,Epithelial
CTTGTGCTCACCGATT-1,Other_tissue
CTTGTTGCTGAGTCAA-1,Epithelial
CTTTAATATTGGTCGA-1,Epithelial
CTTTACCGAATAGTAG-1,Epithelial
CTTTAGGAACACTGTT-1,
CTTTAGTGCTATTATT-1,Epithelial
CTTTCTGTGCGGGCTT-1,Epithelial
CTTTGCATCGCTCTTG-1,
CTTTGCTGTCATGGAT-1,Other_tissue
CTTTGGCTTTAGTAAA-1,
CTTTGGGATTGTTGCA-1,LowQ_tissue
GAAACAGATGACCACC-1,Epithelial
GAAACCATGGTGCGCT-1,Other_tissue
GAAACCGAATTACCTT-1,
GAAACCTATACAAATG-1,Other_tissue
GAAACTCTAATGAAGG-1,Epithelial
GAAAGAACAGCGTTAT-1,Other_tissue
GAAAGCAGTGCACTTT-1,Epithelial
GAAATATGCTTGAATG-1,Other_tissue
GAAATGGCGGTGTTAG-1,Other_tissue
GAAATTAGCACGGATA-1,LowQ_tissue
GAAATTGTCTCTATAA-1,
GAACAACTGGGATGAA-1,Other_tissue
GAACAGATTACTAAAT-1,Epithelial
GAACCCTCTGTGTTCT-1,Epithelial
GAACCTTTAACGATCC-1,Other_tissue
GAACGATAAGTTAAAG-1,Other_tissue
GAACGCGGGTCACACG-1,Epithelial
GAACGTCTCATGGTCG-1,Epithelial
GAAGCCACTGATTATG-1,Other_tissue
GAAGCCTGCACATTCC-1,Other_tissue
GAAGCGTGAGGAATTT-1,Epithelial
GAAGCTTGCTGACCGC-1,Other_tissue
GAAGGAGTCGAGTGCG-1,LowQ_tissue
GAAGGCTACCATTGTT-1,Other_tissue
GAAGTCAGTTGCACTA-1,Stem_cell_zone
GAAGTCTCCCTAGCGA-1,Epithelial
GAAGTGATTTATCGTG-1,Epithelial
GAAGTTTCCACTCAAT-1,Stem_cell_zone
GAATAGACGCGACCCA-1,
GAATAGCATTTAGGGT-1,Stem_cell_zone
GAATAGCCCTGCGGTC-1,Other_tissue
GAATAGTGCTCGATTA-1,LowQ_tissue
GAATATTCGGAGTCCC-1,Other_tissue
GAATCTGAACATTCTC-1,Epithelial
GAATGAAGGTCTTCAG-1,LowQ_tissue
GAATGCGAATCGGTTC-1,Other_tissue
GAATGTATGGCAGGTC-1,Other_tissue
GAATGTGGTCCGGATT-1,Epithelial
GAATTATAGTGAAAGG-1,Epithelial
GAATTCACCCGGGTGT-1,Epithelial
GACAAACATATGCAGG-1,Epithelial
GACAACGACCATTGAA-1,Epithelial
GACAAGAGATGAGATT-1,Other_tissue
GACACAAGGGAAGAAA-1,Epithelial
GACACTGAGTTCAGTG-1,Epithelial
GACACTGGAACCCGAT-1,Epithelial
GACAGCCAGACCTGAC-1,
GACATCCGTCGAACTG-1,Other_tissue
GACATCGATTTATAAC-1,Epithelial
GACCAAACGTTGACTG-1,Epithelial
GACCAGAGCCCTGTAG-1,Other_tissue
GACCGACGTGAAAGCA-1,Epithelial
GACCGCGTCTGACGTG-1,Epithelial
GACCGTCAGGTCGTGA-1,Other_tissue
GACCGTGCTGACGGTG-1,
GACCTTCCACGTCTAC-1,Other_tissue
GACGACGATCCGCGTT-1,Other_tissue
GACGAGGCTAATAAAC-1,
GACGCCGTAAAGGCTA-1,Epithelial
GACGCTTGCTTCTAAA-1,Other_tissue
GACGGGTTGGCCCGTA-1,Other_tissue
GACGGTCAATAGAAGC-1,Epithelial
GACGGTCCTAGGGTGT-1,
GACGTTCGTAAATACA-1,Other_tissue
GACTAGGCCGTTAGGT-1,Other_tissue
GACTCACCCACGTGAG-1,Epithelial
GACTCCCAGAATAAGG-1,Other_tissue
GACTCGCGGGAATGAC-1,Epithelial
GACTGCAAATCGAGCT-1,Epithelial
GACTGCACCAGCCCAG-1,Epithelial
GAGACTGATGGGTAGA-1,Other_tissue
GAGACTTCGCGACCGA-1,
GAGAGGGCGCGAGGTT-1,Other_tissue
GAGAGGTGCATTCTGG-1,Other_tissue
GAGATCTGCTTGGCAT-1,Other_tissue
GAGATCTGTCACTCCG-1,Epithelial
GAGATCTTCCATGACA-1,Epithelial
GAGATGACAATCCTTA-1,Other_tissue
GAGATGGGAGTCGACA-1,Stem_cell_zone
GAGCACCTGTGTCCAG-1,
GAGCACGGCGCCTCTT-1,Other_tissue
GAGCCAGCTACCTGTG-1,Stem_cell_zone
GAGCCGAGCGTTTATT-1,LowQ_tissue
GAGCGCAAATACTCCG-1,Epithelial
GAGCGCGCACGAGTAG-1,Epithelial
GAGCTAAGGGCATATC-1,Epithelial
GAGCTGTCGTCTCGGA-1,LowQ_tissue
GAGGATAAACAGTGCT-1,Epithelial
GAGGCCTGTTGATACA-1,Other_tissue
GAGGGCCATAATATTA-1,Other_tissue
GAGGGCGCAGCTCTGC-1,
GAGGTACGCGTGTCCC-1,LowQ_tissue
GAGTAAACCGGAAAGT-1,Stem_cell_zone
GAGTAGATACTAGTTG-1,Other_tissue
GAGTATCAAAGTTACA-1,LowQ_tissue
GAGTATGCCCGCCTTG-1,Epithelial
GAGTATGCGCGTGCAT-1,Other_tissue
GAGTCAGACCAGAATC-1,Epithelial
GAGTCCGCTTACCGGA-1,Epithelial
GAGTGCACGGACAACA-1,
GAGTGTCAACCAGAAA-1,Stem_cell_zone
GAGTGTGCGGTACCCA-1,
GATAACTCGCACTGTG-1,
GATACCGTGTCGGAGT-1,Other_tissue
GATACGATGGGAGTCA-1,Epithelial
GATAGGATTAATTACA-1,Other_tissue
GATAGGTAACGTTGAC-1,Epithelial
GATAGGTGTCCCGGGC-1,
GATATGAGACACTAAC-1,Epithelial
GATATGCGGTAGCCAA-1,Other_tissue
GATATTGAGATTGGCG-1,Other_tissue
GATATTTCCTACATGG-1,Other_tissue
GATCATTCCAAACATT-1,Other_tissue
GATCCCTTTATACTGC-1,Other_tissue
GATCCGAATATAAGTG-1,Other_tissue
GATCCGGGAATTAACA-1,Epithelial
GATCCTAAATCGGGAC-1,Epithelial
GATCCTCGACACTGGC-1,Epithelial
GATCGACACTATCTGA-1,LowQ_tissue
GATCGCGGGCTCTCCA-1,Epithelial
GATCGCTACCCGATTT-1,Epithelial
GATCGGTGGCCATAAC-1,Other_tissue
GATCGTGACTGATATC-1,Epithelial
GATCTCGACGCTGTGG-1,Stem_cell_zone
GATCTGCTATCTAAGG-1,Other_tissue
GATCTTGGAGGGCATA-1,Epithelial
GATCTTTGCAGGGTAT-1,Other_tissue
GATGACAAGTAGGGCA-1,Other_tissue
GATGACGATGATCGCG-1,Other_tissue
GATGCGTCCTGCATTC-1,Epithelial
GATGCTGTATTTCATC-1,Epithelial
GATGTTCAATCCACGA-1,Epithelial
GATTAACCGAAAGCCC-1,
GATTACTGAATTTGGG-1,Stem_cell_zone
GATTCCCTTGTCGCAG-1,Other_tissue
GATTCCGCGTTTCCGT-1,Epithelial
GATTCGACGGTTCACG-1,Lymphoid_structure
GATTGGGAAAGGTTGT-1,Other_tissue
GCAAACCCTACATTAT-1,
GCAAACCTTGGCCATA-1,Epithelial
GCAAACGTCGCCAGGT-1,Stem_cell_zone
GCAAATATTACGCTTT-1,LowQ_tissue
GCAACAGCAGTATGCG-1,Other_tissue
GCAACCACCAGACCGG-1,Other_tissue
GCAACCACGGCCGCGT-1,Other_tissue
GCAACGGCTAGTTATG-1,Epithelial
GCAAGAATTCCTTGGC-1,Epithelial
GCAAGATGTGTTCGCG-1,LowQ_tissue
GCAATTAGTCGCACCG-1,Other_tissue
GCACAAACGAGGCGTG-1,Epithelial
GCACACACTGGTAGCC-1,
GCACGCCTACTTAGAT-1,Stem_cell_zone
GCACGTGGTTTACTTA-1,Other_tissue
GCACTGCCTACCTTTA-1,LowQ_tissue
GCAGAAGGTAATCTCC-1,Other_tissue
GCAGACCCAGCACGTA-1,Other_tissue
GCAGATCCATAAGACT-1,Epithelial
GCAGATTAGGGATATC-1,
GCAGCACACAGCCCAG-1,Other_tissue
GCAGCCTATATCACAT-1,Epithelial
GCAGGACTATAGAATA-1,LowQ_tissue
GCAGGTAGAGTATGGT-1,Other_tissue
GCAGTGCGGGCGGATG-1,LowQ_tissue
GCAGTGTGGCTATAGG-1,
GCAGTTCGATCCGAGC-1,Other_tissue
GCATAGAGCACTCAGG-1,Epithelial
GCATCGGCCGTGTAGG-1,Stem_cell_zone
GCATGAGGGACGCGGC-1,Stem_cell_zone
GCATGCTAATAACGAT-1,Other_tissue
GCATTCAAGGCAACGC-1,Stem_cell_zone
GCATTTCCAAGGCTCC-1,Epithelial
GCCAACCATTTCCGGA-1,Other_tissue
GCCAATAGGGCATCTC-1,Stem_cell_zone
GCCACAATTTAAGGAC-1,Epithelial
GCCACTCAGAGCGCGA-1,
GCCACTCCTTACGGTA-1,LowQ_tissue
GCCAGGAGTAACCGAT-1,Stem_cell_zone
GCCATATTGCACACAG-1,Stem_cell_zone
GCCATCGAGCTGCGTG-1,Epithelial
GCCATCGATGCTGCAT-1,Epithelial
GCCCAGATGCTGGAGA-1,Other_tissue
GCCCGATCTGTGGTCG-1,
GCCCGCGCGTAAACGG-1,Epithelial
GCCCGTAATACCTTCT-1,Other_tissue
GCCGAAATTCCTACGT-1,Other_tissue
GCCGATTGGCCAAGCT-1,Epithelial
GCCGCACTCCGTTTCA-1,Other_tissue
GCCGCTTGTGAGAAAC-1,Other_tissue
GCCGGGTTAGGGTCGC-1,Epithelial
GCCGTGGAAGAAATGT-1,Stem_cell_zone
GCCTATAGTGTCAGGG-1,Other_tissue
GCCTATGCTGGGCCTT-1,Other_tissue
GCCTCATCTGGAAATA-1,Epithelial
GCCTCCGACAATTCAC-1,
GCCTCTATACATAGCA-1,Other_tissue
GCGAAACGATCGGGAG-1,Other_tissue
GCGAAACTTAACTGGA-1,Epithelial
GCGAAGAATCTGACGG-1,Other_tissue
GCGAAGCCATACCCGT-1,Stem_cell_zone
GCGACATGTAAACATC-1,Epithelial
GCGACGATAGTTGTAC-1,Epithelial
GCGAGAGGCCATGTAA-1,Other_tissue
GCGAGAGTTGCGTCCA-1,Epithelial
GCGAGCGCATGCTCCC-1,Epithelial
GCGAGGCCCGAGCAGA-1,Stem_cell_zone
GCGAGTTCTGCAAAGA-1,Epithelial
GCGATTGTTAACGTTA-1,
GCGCAAGAGCGCGCTG-1,Epithelial
GCGCATCCAGTCAGCA-1,Epithelial
GCGCCGTTCCACGATA-1,Other_tissue
GCGCCTCCCACTCCGA-1,Epithelial
GCGCGTCATTGGTACA-1,
GCGCTAAGTATGCATG-1,
GCGCTAATTGAATAGA-1,Epithelial
GCGCTATGCCGAGGCA-1,Epithelial
GCGCTCGATCACCTGT-1,
GCGCTGATCCAGACTC-1,Other_tissue
GCGCTGCTTTGCATTT-1,Epithelial
GCGCTTAAATAATTGG-1,
GCGGACCGCGTTGTGG-1,Epithelial
GCGGAGAAACTTCGCA-1,Other_tissue
GCGGAGAGGGAGAACG-1,Epithelial
GCGGCTCTGACGTACC-1,Other_tissue
GCGGGCATTACGATGC-1,Other_tissue
GCGGGCGAGCCTTACC-1,Epithelial
GCGGTGAACTGCGCTC-1,Other_tissue
GCGGTTCCCTATCATG-1,
GCGTAAATGGCCATAA-1,Epithelial
GCGTCGCCAGGGTGAT-1,Epithelial
GCGTCTAACCTCCTAA-1,Other_tissue
GCGTCTCTGCATTGGG-1,Stem_cell_zone
GCGTGGTACTGGGTTA-1,Epithelial
GCGTTCGGAGACCGGG-1,LowQ_tissue
GCGTTCTGACTAAGCG-1,
GCTAACTGAAGTCTGA-1,
GCTAAGTAGTTTCTCT-1,Epithelial
GCTACAATCGAGGATA-1,Lymphoid_structure
GCTACGACTTATTGGG-1,Other_tissue
GCTACTATAGTAGAGT-1,Epithelial
GCTAGACCGTCTACTG-1,Other_tissue
GCTAGAGTAGAGATGT-1,
GCTAGCACCTGGGCCA-1,Other_tissue
GCTAGCAGGGAGTGGG-1,LowQ_tissue
GCTAGCTTGAATAGCT-1,Epithelial
GCTAGGCACCACGGAG-1,Other_tissue
GCTAGTAGAGCTTGTA-1,Other_tissue
GCTATACGTCTCGGAC-1,Epithelial
GCTATCATACTCATGG-1,Other_tissue
GCTCAATCCGTTTATT-1,Epithelial
GCTCAATGTAATACCG-1,Other_tissue
GCTCATTACTGCATGT-1,LowQ_tissue
GCTCCATGAGTGCAGA-1,LowQ_tissue
GCTCCCAGTCGGTCCA-1,Epithelial
GCTCCGCTCGCTTCAG-1,Epithelial
GCTCCTGACATACTGG-1,Other_tissue
GCTCGCTCATGTCCAA-1,Epithelial
GCTCGGAATTTAAAGC-1,Epithelial
GCTCTAAACCCTGACG-1,Other_tissue
GCTCTCGGGTACCGAA-1,Other_tissue
GCTCTTTCCGCTAGTG-1,LowQ_tissue
GCTGAACTCTCCAGGG-1,Other_tissue
GCTGAGGCGTGAGTAT-1,Other_tissue
GCTGCACGGTTTCTTA-1,Other_tissue
GCTGCTAAGTAGTCGA-1,Epithelial
GCTGCTACTGCGTAGC-1,Epithelial
GCTGCTCTCCGGACAC-1,Stem_cell_zone
GCTGGACCCAAAGTGG-1,LowQ_tissue
GCTGGCGGCGCATGCT-1,Epithelial
GCTGTATTACTGGCCC-1,Epithelial
GCTGTTGCTACCGAAC-1,Epithelial
GCTTAATGTAACTAAC-1,Epithelial
GCTTACGTAGTTAGTA-1,Epithelial
GCTTATGAAGCAGGAA-1,Epithelial
GCTTCCGTCCCTAGAC-1,Stem_cell_zone
GCTTGCAGCACAATTG-1,Other_tissue
GCTTGGATCGATTAGG-1,Epithelial
GCTTTCAGAGGAGGTG-1,Stem_cell_zone
GGAAACCTTGTTGAAT-1,LowQ_tissue
GGAAACTAAATGGGCC-1,Lymphoid_structure
GGAAAGTGCCCATGCC-1,Other_tissue
GGAACCGTGTAAATTG-1,Epithelial
GGAACTTTGGCGATTA-1,Stem_cell_zone
GGAATGCGCTAGCGTG-1,Epithelial
GGACACAAGTTTACAC-1,Epithelial
GGACCAACAGGATAAC-1,Epithelial
GGACCTACGGTAACGT-1,Other_tissue
GGACTCACAAATTAGG-1,Other_tissue
GGACTCTTCCGGTTGA-1,LowQ_tissue
GGAGACCAATGTGCTT-1,Other_tissue
GGAGACGACACCTTTG-1,Other_tissue
GGAGCAACATTTCAAG-1,Epithelial
GGAGCACCAAGAACTA-1,Epithelial
GGAGCGAGGCCTACTT-1,LowQ_tissue
GGAGGCCGAAGTCGTC-1,Stem_cell_zone
GGAGGGCTTGGTTGGC-1,Epithelial
GGAGGGTCAAGTAAGA-1,Other_tissue
GGATCATCCCGTACGC-1,LowQ_tissue
GGATCCGGAATATACT-1,Epithelial
GGATGAAGATCGCTGA-1,Epithelial
GGATGACGCGAGTTTA-1,Stem_cell_zone
GGATGTCCTTACCGCA-1,Epithelial
GGATTCCGCTATACCC-1,Epithelial
GGATTGCTGTGACTCC-1,
GGATTTCACTTCTATA-1,Epithelial
GGCAAAGGCGCCAATA-1,Stem_cell_zone
GGCAAATTACTTTACT-1,Epithelial
GGCAAGCCCATAGTGG-1,LowQ_tissue
GGCAAGGCGAAATAGC-1,Epithelial
GGCAATAGTCAATGAG-1,Epithelial
GGCACTCAGCCGACCC-1,LowQ_tissue
GGCACTCCACTGGGCA-1,Other_tissue
GGCAGCAAACCTATGC-1,Other_tissue
GGCAGCGGTAATCCTA-1,LowQ_tissue
GGCATATCGGTTCTGC-1,Stem_cell_zone
GGCCCGGAGCATGTCT-1,Other_tissue
GGCCCGTATACCATGC-1,Other_tissue
GGCCGGCGTCTGCTAT-1,Other_tissue
GGCCGTTTGGGTTTCA-1,Other_tissue
GGCCTGCTTCTCCCGA-1,Other_tissue
GGCGAAATCTAACTTG-1,
GGCGCATGAATTGATG-1,Epithelial
GGCGCGGAGATCTTTC-1,
GGCGCGTTCGAGTTTA-1,Epithelial
GGCGCTTCATTCCCTG-1,LowQ_tissue
GGCGGAGTAATATTAG-1,Other_tissue
GGCGGGCTCTAAGAGT-1,LowQ_tissue
GGCGGTAGGATCATTG-1,Epithelial
GGCGTAGGGAAAGCTG-1,Other_tissue
GGCTAAAGGGCGGGTC-1,Other_tissue
GGCTATTAAGTTGTAT-1,LowQ_tissue
GGCTCCTCCACCTGTT-1,LowQ_tissue
GGCTCGCGTTGAGGTA-1,Stem_cell_zone
GGCTCTGCTCCAACGC-1,Other_tissue
GGCTGAAATAGCAAAG-1,
GGCTTTCAATAAGGGT-1,Other_tissue
GGGAACGGGAGGTTAG-1,Other_tissue
GGGAAGACGGTCTGTC-1,Other_tissue
GGGAAGGGCTTTCTCA-1,Stem_cell_zone
GGGAATGAGCCCTCAC-1,LowQ_tissue
GGGACCCGTATATCTT-1,Epithelial
GGGACTGCATAGATAG-1,Stem_cell_zone
GGGAGAACTCACAGTA-1,Epithelial
GGGAGCGACCGTAGTG-1,LowQ_tissue
GGGAGGATGCCCGAAA-1,Epithelial
GGGAGTTAATGAGGCG-1,Epithelial
GGGATCCCAATACAAA-1,LowQ_tissue
GGGATGGTCGTAACCG-1,Epithelial
GGGATTTACCGCACCT-1,
GGGCAGAGCAATCGTT-1,Epithelial
GGGCCCGTCTTAAACA-1,Epithelial
GGGCCGGCCGAAGTAC-1,
GGGCGATATGTGTGAA-1,Other_tissue
GGGCGCAGCGTTACTC-1,Other_tissue
GGGCGGCAAATGAATT-1,Epithelial
GGGCGGGTTCCCTACG-1,Epithelial
GGGCGTCACCACGTAA-1,
GGGCGTCCACTGGCTC-1,Other_tissue
GGGCGTGGTTTCCCAG-1,Epithelial
GGGCTATGATCGATGG-1,Stem_cell_zone
GGGCTCATCGAACCCA-1,Epithelial
GGGCTGCCTAGGGCGA-1,Epithelial
GGGCTGGTTAGTCGCG-1,Other_tissue
GGGTACTTCATGAACT-1,Other_tissue
GGGTCACCGTGACGGT-1,Other_tissue
GGGTCAGGAGCTAGAT-1,LowQ_tissue
GGGTCGTGGCAAGTGT-1,Other_tissue
GGGTCTATCGCTTTCC-1,LowQ_tissue
GGGTGACACCTTAACT-1,Epithelial
GGGTGCATATGAAAGC-1,Other_tissue
GGGTTAACATTTGAGT-1,Epithelial
GGGTTTAGGATAGGAT-1,Epithelial
GGTACAAACATGCTAT-1,
GGTACACCAGATTTAT-1,Other_tissue
GGTACCATTAAGACGG-1,Epithelial
GGTACTAAGTGCTTTG-1,
GGTAGAAGACCGCCTG-1,Other_tissue
GGTAGACCGTTGGGCG-1,Epithelial
GGTAGTGCTCGCACCA-1,Epithelial
GGTATAGTGACACATA-1,Stem_cell_zone
GGTATTGCCGAGTTTA-1,Stem_cell_zone
GGTCAAGACTACTTCG-1,
GGTCAGTGGGTCCCAC-1,Epithelial
GGTCGGATAAACGGCG-1,Other_tissue
GGTCGGCCAGGAGCTT-1,Epithelial
GGTCGGTCGTCCACAG-1,Epithelial
GGTCTCCAAGTAGTGC-1,
GGTCTCCGTCCAGGTT-1,Lymphoid_structure
GGTCTCTGAATGGACT-1,Epithelial
GGTCTGAGAATCTGGA-1,Epithelial
GGTCTTGAGCGCTCTT-1,Other_tissue
GGTGAAGTACAGGGAT-1,Epithelial
GGTGATAAGGAGCAGT-1,
GGTGCAGAGCCTATCG-1,LowQ_tissue
GGTGCTGGTACACATT-1,Epithelial
GGTGGACTGCTCTGGC-1,Other_tissue
GGTGGAGGTTGATACG-1,Other_tissue
GGTGTTCTGTTTCTAC-1,
GGTGTTGGGCGTCTTA-1,
GGTTACCACCCTCGGG-1,Stem_cell_zone
GGTTACCCGACACTTT-1,Other_tissue
GGTTAGCTATATGTCT-1,Epithelial
GGTTAGGCTTGGAGAA-1,Other_tissue
GGTTCTACTCGTCTGA-1,Epithelial
GGTTTAATTGAGCAGG-1,Other_tissue
GGTTTACAATCTCAAT-1,Other_tissue
GGTTTAGCCTTTCTTG-1,Stem_cell_zone
GGTTTCAATCGGTCAG-1,Epithelial
GGTTTGTGACCTGAGG-1,Lymphoid_structure
GTAACATCTAAGATAA-1,Epithelial
GTAAGTAACAGTCTGG-1,Epithelial
GTAAGTCCACACTCTA-1,Other_tissue
GTAATAAAGGGCTCCC-1,Epithelial
GTAATCTGATTCTTCG-1,Epithelial
GTACACTTACCTGAAG-1,Epithelial
GTACAGAGGCAAGGGT-1,
GTACGCTTCATTGCAC-1,Epithelial
GTACGTCACGTATTAA-1,LowQ_tissue
GTACGTTTGCCCGTCA-1,Epithelial
GTACTAAGATTTGGAG-1,Other_tissue
GTACTCCTGGGTATGC-1,Epithelial
GTACTGGAGTTAGACC-1,Epithelial
GTAGACACGCCTGACT-1,Other_tissue
GTAGAGGGAGACAAGT-1,Epithelial
GTAGCCAAACATGGGA-1,Epithelial
GTAGCGGCTATACACT-1,Epithelial
GTAGCTTCCTCTTGTT-1,Epithelial
GTAGGTGATCCGTGTA-1,Epithelial
GTAGTCGCGGGAATCA-1,Epithelial
GTAGTCTACGATATTG-1,Other_tissue
GTATAGTGGCCCATGT-1,
GTATCAAACGTTAGCT-1,
GTATCCTTTGGTAACC-1,Stem_cell_zone
GTATCTTTCATAACCA-1,Epithelial
GTATGTGGGTCTAGTT-1,Epithelial
GTATTCTGAGAAACGA-1,Epithelial
GTATTTAATGGCATAA-1,Other_tissue
GTCAACCAGGCCTATA-1,Other_tissue
GTCAAGCGGACTCGGG-1,Epithelial
GTCAATGCTATAATTT-1,Other_tissue
GTCATGCACCTCCGTT-1,Other_tissue
GTCATGCGCGAGGGCT-1,Other_tissue
GTCATGGACATGACTA-1,Other_tissue
GTCATTAGAGCGAACG-1,
GTCCAATATTTAGCCT-1,LowQ_tissue
GTCCATTACTGCTACG-1,Epithelial
GTCCCAACGTAAAGTA-1,Epithelial
GTCCCGCGACGTTATG-1,
GTCCGGACCTGAAATT-1,Other_tissue
GTCCGGCTGAATTGCG-1,
GTCCTACGAATAGTCT-1,Other_tissue
GTCGATAGGTGACTTT-1,LowQ_tissue
GTCGCCGTTGTGTGTT-1,Other_tissue
GTCGCGTAACCCGTTG-1,Epithelial
GTCGGATGTAGCGCGC-1,Epithelial
GTCGGGAAGCAGAAAC-1,Stem_cell_zone
GTCGTACCATCTCGGG-1,Epithelial
GTCGTATTGGCGTACA-1,Other_tissue
GTCGTCTGGTTGGCTA-1,Other_tissue
GTCGTGTCTGGTCATC-1,Other_tissue
GTCGTTATTCGCTTAT-1,Epithelial
GTCTAGTGAGCCGCTT-1,Other_tissue
GTCTATCTGAGTTTCT-1,Epithelial
GTCTATTGCATGCTCG-1,LowQ_tissue
GTCTATTGGTTCCGGT-1,Epithelial
GTCTCAAGGCCCGGCT-1,Stem_cell_zone
GTCTCGACTAAGTTTG-1,Other_tissue
GTCTCGATCTGCTTTC-1,Epithelial
GTCTCGCCAACACGCC-1,
GTCTGGGCGGTCGAGA-1,
GTCTTAGTACAGCCGG-1,Stem_cell_zone
GTCTTGAGGAGCAGTG-1,Other_tissue
GTCTTGTAGCTATTCA-1,Epithelial
GTGAAACGGCGCCACC-1,Epithelial
GTGAACTCCCATTCGA-1,Epithelial
GTGAAGATTTCAAGTG-1,Other_tissue
GTGAAGCCGTATAGTC-1,Other_tissue
GTGACAGCTTCCCACT-1,Other_tissue
GTGACCGCACACTACG-1,Epithelial
GTGACCTAAAGAATAA-1,Other_tissue
GTGACGAGGGTGACCC-1,Other_tissue
GTGACGCAGGTTTCAT-1,Other_tissue
GTGACTTCAGTAGTGC-1,
GTGAGGACACTTAAGG-1,Other_tissue
GTGAGGAGCGGTTGAG-1,LowQ_tissue
GTGAGTGGTACAACGC-1,Epithelial
GTGATCACTAACGCCT-1,Epithelial
GTGATCATAGATCTGC-1,Epithelial
GTGATCCTTGTCATGA-1,Stem_cell_zone
GTGATGCACAACATCT-1,LowQ_tissue
GTGATTCGCCGCTCAA-1,Epithelial
GTGCACGAAAGTGACT-1,Epithelial
GTGCAGCGTAGAGTAG-1,LowQ_tissue
GTGCCATCACACGGTG-1,Other_tissue
GTGCCCGTTCGGATTC-1,Epithelial
GTGCCGCTTCAAAGGT-1,Epithelial
GTGCCTGAGACCAAAC-1,LowQ_tissue
GTGCGAAATCGAACAC-1,Epithelial
GTGCGACAGGGAGTGT-1,Other_tissue
GTGCGTGTATATGAGC-1,Epithelial
GTGCTCAAGTACTGTC-1,Stem_cell_zone
GTGCTTACATCAGCGC-1,Epithelial
GTGGAACCTACATGCG-1,Stem_cell_zone
GTGGACCAACCCGATT-1,Other_tissue
GTGGACGCATTTGTCC-1,Epithelial
GTGGAGCATGTCGGCC-1,Other_tissue
GTGGAGTCGGCGGTTG-1,Epithelial
GTGGCGGGCCGTAGCT-1,
GTGGGCTTAGACACAC-1,LowQ_tissue
GTGGTATAGTCTGCCG-1,Other_tissue
GTGGTGATGGTTTGTG-1,LowQ_tissue
GTGGTGGCCAAGTGAA-1,Epithelial
GTGGTTACTTCTTTCG-1,Epithelial
GTGGTTTCCGCCTTTC-1,Other_tissue
GTGTACCTTGGCTACG-1,Other_tissue
GTGTACGAACCGTTCC-1,
GTGTATATCAGCGGGC-1,
GTGTCGTATAGCGTTC-1,Other_tissue
GTGTGAATAACTTAGG-1,Epithelial
GTGTTACTATGCGTCC-1,Other_tissue
GTTAAAGTAGGACTGG-1,Epithelial
GTTAACATCACTTAAA-1,
GTTAACTATGTTGTCA-1,Epithelial
GTTAAGGGTGCGATGT-1,Stem_cell_zone
GTTAAGTTAGAGTGGG-1,Other_tissue
GTTACAATTGGTGACG-1,LowQ_tissue
GTTACCTACAACTTGC-1,Epithelial
GTTACTTTGGGCCTAG-1,Epithelial
GTTAGCCCATGACATC-1,LowQ_tissue
GTTAGCCGTAAATCAA-1,Stem_cell_zone
GTTATAATACGGTGAA-1,Epithelial
GTTATATCAGGAGCCA-1,LowQ_tissue
GTTATATTATCTCCCT-1,Epithelial
GTTATTAAATACGACC-1,
GTTCAATCTATGTCAA-1,
GTTCATCGTTTGGCTG-1,Epithelial
GTTCCCGTAAACATAT-1,LowQ_tissue
GTTCGCCATAAGTGCC-1,Epithelial
GTTCGCTGAGACGTCT-1,Epithelial
GTTCGGATCGGGAACA-1,Epithelial
GTTCGGGCGTACCATT-1,Epithelial
GTTCGTCTAAAGAACT-1,Epithelial
GTTCGTCTGGGTCCCT-1,Other_tissue
GTTGAACCGGTTCCAT-1,Epithelial
GTTGAGTCCCGCCGGT-1,Epithelial
GTTGCGCTAACATTAC-1,Other_tissue
GTTGCGGACGGTCAGG-1,Other_tissue
GTTGGACCGCATCAGG-1,Other_tissue
GTTGGATTCAGTGGCT-1,LowQ_tissue
GTTGGATTGAGAACAC-1,Epithelial
GTTGGATTTGCGTTGG-1,Epithelial
GTTGGTCATGCTATCC-1,Epithelial
GTTTACGTTCCATCTG-1,Epithelial
GTTTCAAACGAGTTGT-1,Stem_cell_zone
GTTTCTGCAGTCTCCC-1,Lymphoid_structure
GTTTGACCAAATCCTA-1,Other_tissue
GTTTGGCCCAAGTTAT-1,Epithelial
GTTTGGGCTTGTGAGC-1,Stem_cell_zone
GTTTGGGTTTCGCCCG-1,Stem_cell_zone
GTTTGGTAGGGTCAAC-1,
TAAACCCAGGAGGGCA-1,Epithelial
TAAAGACAACCCTTTA-1,Other_tissue
TAAAGCGGTATTTCCA-1,LowQ_tissue
TAAAGCGTTAGGAGAA-1,Other_tissue
TAAAGCTGCAATAGGG-1,LowQ_tissue
TAAAGGAGAAACTAGT-1,
TAAATCTTTACACCTC-1,Other_tissue
TAACATACAATGTGGG-1,Epithelial
TAACATACACGCGATC-1,LowQ_tissue
TAACCTACCGTCCGAG-1,Epithelial
TAACCTAGGGAGTCCA-1,Lymphoid_structure
TAACTATTACGCCAAA-1,Epithelial
TAACTCATCCGCGCGG-1,Epithelial
TAAGGCAACATAAGAT-1,Other_tissue
TAAGGCATAACATCAA-1,Stem_cell_zone
TAAGGCCCGTCACCCT-1,Other_tissue
TAAGGCTGAATCCCTC-1,Epithelial
TAAGGGCCTGTCCGAT-1,
TAAGTAACATCTTGAC-1,Epithelial
TAAGTCGCCGAGTATC-1,Stem_cell_zone
TAAGTTGCGACGTAGG-1,Stem_cell_zone
TAATAAACAAGGAGAT-1,Other_tissue
TAATAGAACAGAGTTA-1,Epithelial
TAATAGCTAAATGATG-1,Other_tissue
TAATAGTGACGACCAG-1,Other_tissue
TAATCAACCAAATGGG-1,LowQ_tissue
TAATCGATCCGTACGT-1,Epithelial
TAATTACGTCAGTAGA-1,Lymphoid_structure
TAATTAGGACATCCGT-1,Epithelial
TAATTGGAATCGGGAA-1,LowQ_tissue
TACAAATTGCGGAGGT-1,
TACAACGCACAACTCA-1,Epithelial
TACAAGGGCTTCTTTA-1,LowQ_tissue
TACACCGTCGTTAGTC-1,Other_tissue
TACAGAAACGGTGGGC-1,
TACATAGGCATACACC-1,Epithelial
TACATGCCGGAATTGT-1,LowQ_tissue
TACATTTCTAACGTGC-1,
TACCAAATAGCCCAGA-1,Stem_cell_zone
TACCAATAAAGTACCA-1,Other_tissue
TACCAGAAGTAGGTTC-1,
TACCATGTATTGATTT-1,
TACCGAATAATTGTAA-1,LowQ_tissue
TACCGCGGACTTGCAG-1,Other_tissue
TACCGGCTCACTGCCC-1,Epithelial
TACCGGTCGTTTCCAT-1,Stem_cell_zone
TACCGTAGGTTAACTA-1,Other_tissue
TACCGTGCCTCGGACC-1,Epithelial
TACCTACTCCCAGTAT-1,Epithelial
TACCTCAGTTGTCTGT-1,Other_tissue
TACCTTAAGATTTCCC-1,Stem_cell_zone
TACGAACACGACTTCA-1,Other_tissue
TACGACGCTTGCTGCG-1,
TACGACTGCCTCTTAG-1,Epithelial
TACGAGAACTTCACGT-1,LowQ_tissue
TACGATGTTGATCATC-1,LowQ_tissue
TACGCAGTTCTTTCCT-1,Epithelial
TACGCCATATTCTAAT-1,
TACGCCGAGGGTACCC-1,Other_tissue
TACGCCGCCTCAGAAG-1,
TACGCCTCCATTCCGA-1,Epithelial
TACGCTATAGAAACCT-1,Epithelial
TACGCTCGGTATTGGA-1,Other_tissue
TACGGCATGGACGCTA-1,LowQ_tissue
TACGGGATGCTAGCAG-1,Epithelial
TACGTAAAGCGGAGTG-1,Lymphoid_structure
TACGTACTAGTGCTGA-1,LowQ_tissue
TACGTGCAAGGTTCCT-1,Other_tissue
TACGTTTACCGGCAAT-1,Other_tissue
TACTATGGTTCCTCAG-1,Stem_cell_zone
TACTCTCCGAACAAAT-1,Epithelial
TACTCTTACTTTACTG-1,Epithelial
TACTCTTTCGTCTTCA-1,Other_tissue
TACTGAACAGATTTAG-1,Stem_cell_zone
TACTGCAATCAATTAC-1,Other_tissue
TACTGTTTCTCTGGTA-1,Other_tissue
TACTTGTTAGTAGTCC-1,Epithelial
TACTTTACTGAGCCGG-1,Epithelial
TAGAAAGGTGGCGCTA-1,Epithelial
TAGAATAGCCGATGAA-1,Lymphoid_structure
TAGACGAAACGCCAAT-1,Other_tissue
TAGACGCCCGTACCGG-1,Epithelial
TAGACTACCTAGCGTT-1,Epithelial
TAGAGATCATGCAACT-1,LowQ_tissue
TAGAGGTTCTACTTGT-1,Other_tissue
TAGAGTCTAAGCGAAC-1,Other_tissue
TAGATATGGACTGGAA-1,
TAGATGGTTCCTTACT-1,
TAGCAGTATGACTAAA-1,LowQ_tissue
TAGCCATTTCAAAGTC-1,
TAGCCGGCGGTCAGCG-1,Epithelial
TAGCGTCCCTCGATTG-1,Epithelial
TAGCGTCCGGTGTGGT-1,Stem_cell_zone
TAGCGTTGGGTCTTAC-1,Epithelial
TAGCTAAGTCCGGGAG-1,Other_tissue
TAGCTAGAAGGCATGA-1,Epithelial
TAGCTAGTGATGATGG-1,Other_tissue
TAGCTCGCCTGATAAC-1,Epithelial
TAGGAACAGCCTCCAG-1,
TAGGCATGTTACGCCA-1,Epithelial
TAGGCTAAAGTGGCAC-1,Other_tissue
TAGGGAGCTTGGGATG-1,Epithelial
TAGGTCGCCGGAACTG-1,Epithelial
TAGGTGACGATAACCT-1,Epithelial
TAGGTGCTCGCCTAGC-1,Epithelial
TAGGTGTTCCACAGAT-1,Other_tissue
TAGGTTCGAGTTCGTC-1,Epithelial
TAGTAGCTTATACCAG-1,Other_tissue
TAGTCCGCAGAGAATG-1,
TAGTCGATCACGGGTT-1,Epithelial
TAGTCTAACAACGAGA-1,Other_tissue
TAGTCTGTGACGTTGC-1,Other_tissue
TAGTCTTTCCGAATTG-1,Epithelial
TAGTGCCCTCCAGAGT-1,Other_tissue
TAGTGGAACTCATACA-1,
TATACACAGACGCCTT-1,Epithelial
TATACCGAGTGCCACA-1,Other_tissue
TATACGCGTCATCACT-1,Stem_cell_zone
TATAGATGGTCGCAGT-1,Stem_cell_zone
TATATCCCTGGGAGGA-1,Stem_cell_zone
TATATTACAAATGTCG-1,LowQ_tissue
TATCACCCAACCGACC-1,Other_tissue
TATCACTTCGAGTAAC-1,LowQ_tissue
TATCCAATTGGTTATC-1,Other_tissue
TATCCGCACCGTCGGG-1,Other_tissue
TATCGATCTATGCATA-1,Epithelial
TATCTACCACAGCGGG-1,Epithelial
TATGATCCGGCACGCC-1,Other_tissue
TATGATCTTCTCTTTA-1,
TATGGATGTGCTACGC-1,Other_tissue
TATGGCTAGGCTAATT-1,Other_tissue
TATGGGACCGAGCAGG-1,Epithelial
TATGGGTACGTATCGT-1,Stem_cell_zone
TATGGTCTGAGTAACA-1,Epithelial
TATGGTTAGTGGGAGA-1,Epithelial
TATGTCAAGACCGACT-1,Other_tissue
TATGTCTCATTGTGCC-1,Epithelial
TATTAACCTGACCGCG-1,Other_tissue
TATTACCATCCTGCTT-1,Epithelial
TATTCAATTCTAATCC-1,Epithelial
TATTCCACTCAGCTCG-1,
TATTCCGAGCTGTTAT-1,Other_tissue
TATTCCTCCGCCCACT-1,Epithelial
TATTCGTGCCAGAATA-1,Epithelial
TATTGACATTTCTGCC-1,Other_tissue
TATTTATACCGAGTAG-1,Epithelial
TATTTGATTTGCACAG-1,Other_tissue
TCAAACTTAGATTGTT-1,Epithelial
TCAAATTTGAGACTCA-1,Stem_cell_zone
TCAACAAAGATAATTC-1,Other_tissue
TCAACATAGCGCCCTA-1,Other_tissue
TCAACCATGTTCGGGC-1,LowQ_tissue
TCAACGAGGAGACAAA-1,Epithelial
TCAACGCAGGAAATAA-1,Epithelial
TCAACTGCAGAGTCAG-1,Epithelial
TCAAGAAATACTAGCT-1,Epithelial
TCAAGCGCGGACGGTA-1,Stem_cell_zone
TCAAGCTGCCTTGAAA-1,Other_tissue
TCAAGGTTACTACACC-1,Other_tissue
TCAATACGCCGTCATG-1,Other_tissue
TCACAAACCGAGGTAC-1,Epithelial
TCACAGCAAACTCGAA-1,Epithelial
TCACAGGAGAATAAGA-1,Epithelial
TCACAGGGAATCGCAA-1,Epithelial
TCACAGGTTATTGGGC-1,Other_tissue
TCACCCTCTTAAGATT-1,Epithelial
TCACCGCTCGGCACTC-1,Stem_cell_zone
TCACGATGTCCGTGGA-1,Other_tissue
TCACGCATTGTAGATC-1,Other_tissue
TCACGTGCCCGATTCA-1,Epithelial
TCACTACGACCAATGC-1,LowQ_tissue
TCACTCGTGCAACGGC-1,LowQ_tissue
TCAGAACCTCCACAGG-1,Epithelial
TCAGACGCTATAGAAG-1,Epithelial
TCAGCAAATGCATCTC-1,Epithelial
TCAGCAGTAGGCCCTG-1,LowQ_tissue
TCAGCCAATCCGTAAA-1,Other_tissue
TCAGGGTGTAACGTAA-1,Other_tissue
TCAGGTTCTTTGAGAA-1,Other_tissue
TCAGTAGGGACTATAA-1,
TCAGTGTATACGTCAT-1,Other_tissue
TCATATGAGCTTTGTT-1,Other_tissue
TCATCCTCAGCTGCTT-1,LowQ_tissue
TCATGCAGGTTCTCAT-1,Stem_cell_zone
TCATTTAAGTCTCCGA-1,Other_tissue
TCATTTAGAAGTGTGA-1,Epithelial
TCCAACTCAGCTATCT-1,Other_tissue
TCCAACTTTAAATTCT-1,Stem_cell_zone
TCCAATAAAGGCTACC-1,Other_tissue
TCCACAATGGTTTACG-1,Other_tissue
TCCACCTCTAGCCTTT-1,Other_tissue
TCCACTTTATCTAGGT-1,Epithelial
TCCAGAGCACCGGTTC-1,Lymphoid_structure
TCCAGATGTACGCCAA-1,Other_tissue
TCCAGCGCTATAAGCG-1,Stem_cell_zone
TCCAGGCGAGTACGGT-1,Other_tissue
TCCAGGGTATATACGA-1,Other_tissue
TCCCAAACAGACAACG-1,LowQ_tissue
TCCCAAAGACGAAGGA-1,Other_tissue
TCCCAAAGCCCTAAAT-1,Stem_cell_zone
TCCCACGGAGGGAGCT-1,
TCCCACTCTCTTCCGG-1,Epithelial
TCCCAGCACACGACAT-1,LowQ_tissue
TCCCAGCTTTAGTCTG-1,Epithelial
TCCCAGGCTTAGCTAA-1,Other_tissue
TCCCGCCTATGTGCGT-1,Other_tissue
TCCCGCGTACTCCTGG-1,Other_tissue
TCCCGTCAGTCCCGCA-1,Epithelial
TCCCGTCGCGTCATAG-1,Other_tissue
TCCCGTGTGCAATTTG-1,Epithelial
TCCCTAGATCAATAGG-1,Other_tissue
TCCCTTAGATTACTCG-1,Other_tissue
TCCGAACGTTGCCGCT-1,Other_tissue
TCCGAAGTAGTCACCA-1,LowQ_tissue
TCCGAATGGTCCTGAG-1,Other_tissue
TCCGATGACTGAGCTC-1,Epithelial
TCCGATGGTGCGACAT-1,Other_tissue
TCCGCCTGTCTACAAG-1,
TCCGCGGCAGCATCTG-1,Epithelial
TCCGCGGCCCAATGAA-1,Stem_cell_zone
TCCGCTGTCATCCCGG-1,
TCCGCTTATCCCATTA-1,Epithelial
TCCGGAGGAAGGGCTG-1,LowQ_tissue
TCCGGCCTAGCGTACA-1,Epithelial
TCCGGCCTGCATCGAT-1,
TCCGGGCTTGACGGGA-1,Other_tissue
TCCGGTTCGTCCGGTC-1,
TCCGTTAAGCTAATAT-1,Stem_cell_zone
TCCGTTTAGCCTTGAA-1,Stem_cell_zone
TCCTAAAGATTCAGAC-1,LowQ_tissue
TCCTAAATTGGGAAGC-1,Epithelial
TCCTAACCGTCGGGCA-1,LowQ_tissue
TCCTACATCCACGGCC-1,
TCCTAGCAAAGAAGCT-1,Epithelial
TCCTATCATAGGTAAC-1,Other_tissue
TCCTCGGGCTGGGCTT-1,Other_tissue
TCCTGCCAACTGGAGA-1,LowQ_tissue
TCCTGGCGCTGCCTGG-1,LowQ_tissue
TCCTTACGACGGTCCG-1,Epithelial
TCCTTTAAATCCGCTT-1,
TCCTTTCTTACGCTTA-1,Other_tissue
TCGAAATTTAGGACCA-1,LowQ_tissue
TCGAAGAACCGAGCAC-1,Epithelial
TCGAATATCCCGCAGG-1,LowQ_tissue
TCGAGACCAACACCGT-1,Epithelial
TCGAGCCAGGCAGGCC-1,Other_tissue
TCGAGGGCAACAGACG-1,Other_tissue
TCGCAAAGATGCATTT-1,Epithelial
TCGCACCAGGAGGCAG-1,Epithelial
TCGCATAAAGGGCGCA-1,Other_tissue
TCGCCGAAGTTGCGTC-1,Epithelial
TCGCCGACATATTCGC-1,Other_tissue
TCGCGTAGCAGTGTCC-1,
TCGCTAAACCGCTATC-1,Other_tissue
TCGCTACTGGCTTTGA-1,Other_tissue
TCGCTCGATATATTCC-1,Other_tissue
TCGCTCGGCACCAGCG-1,Other_tissue
TCGCTGGGCGGATTGT-1,Other_tissue
TCGCTTTAAACGTTTG-1,Epithelial
TCGGACGCCCAGCCCA-1,Epithelial
TCGGAGTACATGAGTA-1,Epithelial
TCGGCGAACCCAAACC-1,Other_tissue
TCGGCTTGTATCGACG-1,
TCGGGAACGTGCCTAG-1,Epithelial
TCGGGAGACAGCGTAC-1,Epithelial
TCGGGCCGTCGTGGTA-1,
TCGGTGACCGCTCCGG-1,LowQ_tissue
TCGTAAGACGACATTG-1,Other_tissue
TCGTAAGCTCCGAGGA-1,LowQ_tissue
TCGTCAAGTACGCGCA-1,Other_tissue
TCGTCTTAGGCGTTAA-1,Stem_cell_zone
TCGTGTACTATGGATG-1,Epithelial
TCGTGTATTGGTCACG-1,Stem_cell_zone
TCGTGTTCGACCACAA-1,Epithelial
TCGTTAGGAGTCCCTA-1,Epithelial
TCGTTGCTATCCGGTC-1,Epithelial
TCTACCCAATAGAGAG-1,Epithelial
TCTACCGTCCACAAGC-1,Other_tissue
TCTAGCAATCTCCGCC-1,Stem_cell_zone
TCTAGCATGCCCAGAA-1,Epithelial
TCTAGGTGGCGACGCT-1,Epithelial
TCTAGTGATATCGTGG-1,Epithelial
TCTAGTTATCAGAAGA-1,Epithelial
TCTATAGGTGGGTAAT-1,LowQ_tissue
TCTATGCTATAACGAC-1,Other_tissue
TCTCATGAGATAGGGT-1,Epithelial
TCTCCAACGTAGGTTA-1,Epithelial
TCTCCACAAGTTGAAT-1,Epithelial
TCTCCCTGGGCAGCGT-1,Other_tissue
TCTCGAACGAGGTCAC-1,LowQ_tissue
TCTCGACGTATCGCCG-1,Epithelial
TCTCGAGGAGGTTCGC-1,Epithelial
TCTCTCGCCGCACATA-1,Other_tissue
TCTGAACTCGTACCCG-1,Epithelial
TCTGAAGCACGTGGTC-1,
TCTGAATTCCGTACAA-1,Epithelial
TCTGACGGGCTAACCC-1,Other_tissue
TCTGAGCAATTGACTG-1,Epithelial
TCTGATCGGGTGCTAG-1,Other_tissue
TCTGATGTATTCTGTC-1,Epithelial
TCTGATTGGAAATGGA-1,Other_tissue
TCTGCACCATTAGTAA-1,LowQ_tissue
TCTGCATACCTTGCTT-1,
TCTGCCAGAAACTGCA-1,Epithelial
TCTGCTTAGAACAAGC-1,LowQ_tissue
TCTGGAGCGTAAGAGT-1,Other_tissue
TCTGGCCGTTCAAGTT-1,Other_tissue
TCTGGGAACCTTTGAA-1,Epithelial
TCTGGGTAGCGCTCAT-1,Other_tissue
TCTGTGCCATCATAGT-1,Epithelial
TCTGTTACCCAGCATA-1,Epithelial
TCTTACCGGAACTCGT-1,Other_tissue
TCTTACTTATGCCTCT-1,Epithelial
TCTTAGAGCTCCAATT-1,Epithelial
TCTTAGAGTGAACTCT-1,Epithelial
TCTTCCCATGGGCACA-1,Other_tissue
TCTTCGAATAGACGTT-1,Epithelial
TCTTCGATACCAATAA-1,Epithelial
TCTTCGCGGTGAGAGG-1,Other_tissue
TCTTCTATAACCCGCC-1,Epithelial
TCTTGATGCGTAGCGA-1,Epithelial
TCTTGCTCCCGATACT-1,Other_tissue
TCTTTAAGACTATGAA-1,Other_tissue
TCTTTAGAGTCTAACA-1,Epithelial
TCTTTAGCAGGCGAAC-1,Other_tissue
TCTTTCCTTCGAGATA-1,LowQ_tissue
TGAAAGGACCTGACTC-1,Epithelial
TGAATACCGACGCGTA-1,Other_tissue
TGAATATGCTATAAAC-1,Other_tissue
TGAATGTCAGCCGGCC-1,Epithelial
TGACAACGCATGTCGC-1,Other_tissue
TGACACTTCTCTTTGC-1,LowQ_tissue
TGACATCGAGCGGACC-1,Other_tissue
TGACCAAATCTTAAAC-1,LowQ_tissue
TGACCCACGTTAGACA-1,Other_tissue
TGACGATGCACTAGAA-1,Epithelial
TGACTATAATCCTTTC-1,Epithelial
TGAGAGATTTACCACG-1,
TGAGATTAGGCCCTAA-1,LowQ_tissue
TGAGCCATACAGTCTC-1,Stem_cell_zone
TGAGCGGAAAGTGTTC-1,Epithelial
TGAGCTCAACTGTATA-1,
TGAGCTTTAATGACGC-1,Stem_cell_zone
TGAGGAGTGCCAGCTT-1,Stem_cell_zone
TGAGTAAATTAGCGTA-1,Epithelial
TGAGTGCCTCTTAAAT-1,Epithelial
TGAGTGGTCCGTGACG-1,Epithelial
TGAGTTAAAGACATTC-1,Epithelial
TGATACATTTAGCCGT-1,Epithelial
TGATCCCAGCATTAGT-1,Stem_cell_zone
TGATCGGTTTGACCCT-1,Other_tissue
TGATCTACGCTGATCT-1,LowQ_tissue
TGATCTCCGGCGCCAG-1,
TGATGGCTGTTTCTGA-1,Other_tissue
TGATGTCAATTAAGTG-1,Epithelial
TGATTCCCGGTTACCT-1,LowQ_tissue
TGATTCGTCTATCACT-1,LowQ_tissue
TGATTCTGTCGCCGGT-1,
TGATTTATTAGCTGTG-1,Other_tissue
TGCAACCCATCTGCGG-1,
TGCAACTACTGGTTGA-1,LowQ_tissue
TGCAAGAATGACGTAA-1,Other_tissue
TGCAATCTAACACGGT-1,Epithelial
TGCAATTTGGGCACGG-1,LowQ_tissue
TGCACAGTGAAGTTAT-1,LowQ_tissue
TGCAGAGTACCGAGCA-1,Epithelial
TGCAGGATCGGCAAAG-1,Other_tissue
TGCAGTTTCCTCCCAT-1,
TGCATATGTCTGTCAC-1,Epithelial
TGCATGTGGTAATCTA-1,Epithelial
TGCCAATGGGTACTCT-1,Epithelial
TGCCACCTGGCGAAAC-1,Epithelial
TGCCAGTACGTGGAGA-1,Epithelial
TGCCATTACTAAAGAA-1,Stem_cell_zone
TGCCCGTACCGTTAAA-1,Epithelial
TGCCGAAAGCGTATTC-1,Other_tissue
TGCCGTGGATCGTCCT-1,Epithelial
TGCCTAAATTTAATAG-1,Other_tissue
TGCCTAATTGAAGATT-1,Epithelial
TGCCTTGGCCAGGCAA-1,Epithelial
TGCGACACCCTAGTGC-1,
TGCGAGAATATTACCC-1,Epithelial
TGCGAGCCCTTCCGCG-1,LowQ_tissue
TGCGCAAAGCATTTGG-1,Epithelial
TGCGCCGTTAATAACG-1,Other_tissue
TGCGTAAGAACCTGAT-1,Epithelial
TGCGTTTGTTGACACT-1,Other_tissue
TGCTAAGTGTCTATTT-1,Epithelial
TGCTCCACAGTTCTTA-1,Epithelial
TGCTCGGCGAAACCCA-1,Epithelial
TGCTCGGTGGGTCACC-1,Other_tissue
TGCTCTGCCGGTTCAC-1,Other_tissue
TGCTCTTGAGAGTTTG-1,Other_tissue
TGCTGTTGAAGAACTC-1,Epithelial
TGCTTCCCAAGCAGTA-1,Other_tissue
TGGAACCACTGACACA-1,Other_tissue
TGGAAGAAGGGAACGT-1,Other_tissue
TGGAATATCCTTGACC-1,Other_tissue
TGGACCAATCTAAGAT-1,Stem_cell_zone
TGGACTGTTCGCTCAA-1,
TGGAGGGAAACACCTC-1,LowQ_tissue
TGGAGTGATGCGATGA-1,Other_tissue
TGGCAAACTAAATTAC-1,Epithelial
TGGCAACTCGCGCGCC-1,Epithelial
TGGCAATGGGACGGCG-1,Epithelial
TGGCAGATTACGATCA-1,Other_tissue
TGGCAGCAGTAATAGT-1,Epithelial
TGGCCAAACTGAAGTA-1,Stem_cell_zone
TGGCGACTGCTCCAAA-1,Epithelial
TGGCGATCAAGTTATG-1,Other_tissue
TGGCTACACTCTACCT-1,Other_tissue
TGGCTATGTGACATAC-1,Epithelial
TGGGATGCACTCATTC-1,LowQ_tissue
TGGGCAATAGTTGGGT-1,Epithelial
TGGGCACGTTCTATGG-1,Epithelial
TGGGCAGGCCACCGCA-1,Stem_cell_zone
TGGGCCACAAGAGCGC-1,Epithelial
TGGGCCCATACTAATT-1,Epithelial
TGGGTAAGGTTCCCGC-1,Stem_cell_zone
TGGTAGAATATATGGG-1,Epithelial
TGGTCCCACGCTACGG-1,Stem_cell_zone
TGGTTAAGGGCGCTGG-1,Other_tissue
TGGTTCAACGGGTAAT-1,Epithelial
TGGTTTAAACGTGGGT-1,Other_tissue
TGTACCTACACGAGGG-1,
TGTACGAACAAATCCG-1,Epithelial
TGTACTACTCTCACGG-1,Other_tissue
TGTAGCCATCCCATTC-1,Other_tissue
TGTAGGAGAAATTTCC-1,Epithelial
TGTATAACAGATCCTG-1,Epithelial
TGTATACGGATGATGA-1,LowQ_tissue
TGTATGGCGCAGACAG-1,Epithelial
TGTCATTTGTTGGGAA-1,LowQ_tissue
TGTCCACGGCTCAACT-1,Other_tissue
TGTGACTACGCCAGTC-1,
TGTGAGACTAGCCCAA-1,Stem_cell_zone
TGTGCCGGTGCCGGAA-1,Stem_cell_zone
TGTGGACTATCTACGT-1,LowQ_tissue
TGTGGCAAAGCGTATG-1,Stem_cell_zone
TGTGGCGGGCTTCTGG-1,LowQ_tissue
TGTGGCTCCCACCAAC-1,Stem_cell_zone
TGTGGTAGGGTGCCTT-1,LowQ_tissue
TGTGGTTGCTAAAGCT-1,LowQ_tissue
TGTGTAGTAGCACGTG-1,Other_tissue
TGTTATTGTATGTGGC-1,
TGTTCCGCTTCCATGA-1,Other_tissue
TGTTCGTATTGCGGTG-1,
TGTTCTTCCATTGACT-1,LowQ_tissue
TGTTGCCGTCGTCCCA-1,Other_tissue
TGTTGTCAAGAAGTCT-1,Epithelial
TGTTTGAGATCGTCAG-1,Epithelial
TTAAACTCGAATTCAT-1,Other_tissue
TTAACGAACAAGCAGT-1,Other_tissue
TTAACTTCAGGTAGGA-1,LowQ_tissue
TTAAGATAGGATTGAC-1,Epithelial
TTAAGCCGACAACTTC-1,Epithelial
TTAAGCGCCTGACCCA-1,LowQ_tissue
TTAAGTATTGTTATCC-1,Other_tissue
TTAATCAGTACGTCAG-1,Epithelial
TTAATGTAGACCAGGT-1,Stem_cell_zone
TTAATTGCTTTGGGTG-1,Other_tissue
TTACACGATCTGCGAC-1,Other_tissue
TTACAGACCTAAATGA-1,Epithelial
TTACATGCCACAACTA-1,Other_tissue
TTACCCATTGCCGGGT-1,Other_tissue
TTACCCTAGGGATTGG-1,Other_tissue
TTACGGATGGTTCGAG-1,Epithelial
TTACTAAAGGACTTTA-1,Epithelial
TTACTCCGGCCGGGAA-1,Epithelial
TTACTCTGGTACGTAC-1,Other_tissue
TTACTGGGATATTTCA-1,Other_tissue
TTACTGTCTAGAGCTC-1,Other_tissue
TTACTGTTTCTCTACG-1,
TTAGAAGAACATGACT-1,Other_tissue
TTAGAATAAGGGTCGG-1,Other_tissue
TTAGACACGATCGTTG-1,Other_tissue
TTAGACGAGTCACCTC-1,Epithelial
TTAGAGTTTAGAAGGA-1,
TTAGCTAATACGATCT-1,Other_tissue
TTAGCTGATTTGCCGT-1,Epithelial
TTAGGATGGGAGGGTA-1,
TTAGGTCATAACCGAC-1,Other_tissue
TTAGTAAACCTGCTCT-1,Epithelial
TTAGTTATTCGTGGCA-1,Epithelial
TTAGTTCAAGTGTTCG-1,Other_tissue
TTATAGGTAATTGTCT-1,Stem_cell_zone
TTATATACGCTGTCAC-1,Epithelial
TTATATTTGGCAATCC-1,Other_tissue
TTATCCGGGATCTATA-1,Epithelial
TTATGAATGAAAGGGA-1,Epithelial
TTATGATCTTAACGAA-1,Epithelial
TTATTAGAGCGTGTTC-1,Epithelial
TTATTATCTGGAAGGC-1,LowQ_tissue
TTCAAAGTCTCTAGCC-1,Epithelial
TTCAAGCCGAGCTGAG-1,Epithelial
TTCAATACTCTGAATC-1,
TTCACGAAAGGATCAC-1,Epithelial
TTCACTCGAGCACCTA-1,Epithelial
TTCAGCCCTGGTCCAC-1,Epithelial
TTCAGCTGGCGTGCCC-1,
TTCATGGCGCAACAGG-1,Epithelial
TTCCAATCAGAGCTAG-1,Other_tissue
TTCCAATCTGGCTATC-1,
TTCCACACAGATTTGA-1,Epithelial
TTCCAGACGAGATTTA-1,Epithelial
TTCCATCATGCGGTGA-1,LowQ_tissue
TTCCATCGACAGCGTG-1,Epithelial
TTCCGCAGAGAAATAT-1,Other_tissue
TTCCGCGTGAGGCGAT-1,Epithelial
TTCCGGCCTTGAGGCT-1,Epithelial
TTCCGGTATCTGTGTC-1,Epithelial
TTCCGGTTACCCACTT-1,
TTCCTCGGACTAACCA-1,Epithelial
TTCGACAGAGCCCGTG-1,Stem_cell_zone
TTCGCACTGTACGACA-1,Other_tissue
TTCGCGCGCCATACGA-1,Other_tissue
TTCGCTAGGAAGTTGT-1,Stem_cell_zone
TTCGCTATCTGACGTG-1,Other_tissue
TTCGGCAACCCGCTGA-1,Other_tissue
TTCGGGACTAATCGCG-1,
TTCGGGCGCTAGTCTT-1,Stem_cell_zone
TTCGGGTTGCCACGGG-1,LowQ_tissue
TTCGGTACTGTAGAGG-1,LowQ_tissue
TTCGGTGGAGACGCCC-1,Other_tissue
TTCGTTCAACGAAGTT-1,Other_tissue
TTCTAACCGAAGCTTA-1,Epithelial
TTCTAGAAAGTCTTAT-1,Other_tissue
TTCTATGCCTTTCGCA-1,Other_tissue
TTCTGACCGGGCTCAA-1,Epithelial
TTCTGCCGCGCCTAGA-1,
TTCTGCGGGTTAGCGG-1,Epithelial
TTCTGCTAGACTCCAA-1,Epithelial
TTCTTATCCGCTGGGT-1,Epithelial
TTCTTGAGCCGCGCTA-1,Epithelial
TTCTTGCTAGCATCTC-1,Epithelial
TTCTTGGACGATCTGC-1,Other_tissue
TTCTTGGAGTAATGAG-1,Epithelial
TTCTTTGGTCGCGACG-1,Other_tissue
TTGAAAGGTGTAAAGG-1,LowQ_tissue
TTGAACGACGTGCTGA-1,
TTGAAGAATTCCCAGG-1,Other_tissue
TTGAATATGGACTTTC-1,Epithelial
TTGAATTCACGTGAGG-1,Epithelial
TTGACAGGAGCTCCCG-1,Epithelial
TTGACATGAACGTGGA-1,Other_tissue
TTGACCAGGAACAACT-1,Other_tissue
TTGACCATGTTCTCCG-1,Epithelial
TTGACCGTGTTAATGA-1,Epithelial
TTGACGCTCCATGAGC-1,Stem_cell_zone
TTGACTACCATATGGT-1,Epithelial
TTGACTATTGTCCGGC-1,Other_tissue
TTGAGAAGTTTAGCAT-1,Other_tissue
TTGAGAGTACTGCTAA-1,Epithelial
TTGAGCAGCCCACGGT-1,Stem_cell_zone
TTGAGCGCCACGTGAT-1,Other_tissue
TTGAGTCCCGCTGCTG-1,Other_tissue
TTGATAGTCAATACAT-1,Other_tissue
TTGATCTAACTTTGTC-1,
TTGATGTGTAGTCCCG-1,Epithelial
TTGATTAGCTGTTTCT-1,Epithelial
TTGCACAATTCAGAAA-1,Other_tissue
TTGCATGCTGATCACG-1,Other_tissue
TTGCCAAGCAGAACCC-1,Epithelial
TTGCCATAGCCCGCTC-1,LowQ_tissue
TTGCCCTGATCACGGG-1,LowQ_tissue
TTGCCGCTTTCTAGTA-1,Stem_cell_zone
TTGCGGCATCAGAAAG-1,Epithelial
TTGCGTCGGCCAACCG-1,Epithelial
TTGCGTGAACGCTTAG-1,LowQ_tissue
TTGCTCCCATACCGGA-1,
TTGCTGATCATGTTCG-1,Epithelial
TTGGACATGTGGCTTA-1,LowQ_tissue
TTGGACCATCTGGCAA-1,Other_tissue
TTGGACCTATAACAGT-1,
TTGGATATCGTCTACG-1,
TTGGCCTAGAATTTCG-1,Stem_cell_zone
TTGGCGATCCGAATAT-1,Other_tissue
TTGGGACACTGCCCGC-1,Other_tissue
TTGGGACGTAAGAGTT-1,Epithelial
TTGGGCGGCGGTTGCC-1,Epithelial
TTGGTATGGCTTGTGT-1,Other_tissue
TTGGTCACACTCGTAA-1,
TTGGTTCGCTCAAAGG-1,Other_tissue
TTGTAAGGACCTAAGT-1,Stem_cell_zone
TTGTAAGGCCAGTTGG-1,Other_tissue
TTGTAATCCGTACTCG-1,Epithelial
TTGTATCACACAGAAT-1,Epithelial
TTGTGAACCTAATCCG-1,
TTGTGCAGCCACGTCA-1,Epithelial
TTGTGGTAGGAGGGAT-1,Other_tissue
TTGTGGTATAGGTATG-1,LowQ_tissue
TTGTGGTGGTACTAAG-1,Stem_cell_zone
TTGTGTATGCCACCAA-1,Epithelial
TTGTGTTTCCCGAAAG-1,Stem_cell_zone
TTGTTGTGTGTCAAGA-1,Epithelial
TTGTTTCACATCCAGG-1,Other_tissue
TTGTTTCCATACAACT-1,Other_tissue
