Barcode,GC
AAACAAGTATCTCCCA-1,
AAACAATCTACTAGCA-1,
AAACACCAATAACTGC-1,
AAACAGAGCGACTCCT-1,
AAACAGCTTTCAGAAG-1,
AAACAGGGTCTATATT-1,
AAACAGTGTTCCTGGG-1,
AAACATTTCCCGGATT-1,
AAACCCGAACGAAATC-1,
AAACCGGGTAGGTACC-1,
AAACCGTTCGTCCAGG-1,
AAACCTAAGCAGCCGG-1,
AAACCTCATGAAGTTG-1,GC
AAACGAAGAACATACC-1,GC
AAACGAAGATGGAGTA-1,
AAACGAGACGGTTGAT-1,
AAACGGGCGTACGGGT-1,
AAACGGGTTGGTATCC-1,GC
AAACGGTTGCGAACTG-1,
AAACGTGTTCGCCCTA-1,
AAACTAACGTGGCGAC-1,
AAACTCGGTTCGCAAT-1,
AAACTCGTGATATAAG-1,
AAACTGCTGGCTCCAA-1,GC
AAACTTAATTGCACGC-1,GC
AAACTTGCAAACGTAT-1,
AAAGACATGAAGTTTA-1,
AAAGACCCAAGTCGCG-1,
AAAGACTGGGCGCTTT-1,
AAAGGCCCTATAATAC-1,
AAAGGCTACGGACCAT-1,
AAAGGCTCTCGCGCCG-1,
AAAGGGATGTAGCAAG-1,
AAAGGGCAGCTTGAAT-1,
AAAGGTAAGCTGTACC-1,
AAAGTAGCATTGCTCA-1,
AAAGTCACTGATGTAA-1,
AAAGTCGACCCTCAGT-1,
AAAGTGTGATTTATCT-1,
AAAGTTGACTCCCGTA-1,
AAATAACCATACGGGA-1,
AAATAAGGTAGTGCCC-1,
AAATACCTATAAGCAT-1,
AAATAGCTTAGACTTT-1,
AAATAGGGTGCTATTG-1,
AAATCCGATACACGCC-1,
AAATCGCGGAAGGAGT-1,
AAATCGTGTACCACAA-1,
AAATCTAGCCCTGCTA-1,
AAATGACTGATCAAAC-1,
AAATGATTCGATCAGC-1,
AAATGCTCGTTACGTT-1,
AAATGGCATGTCTTGT-1,GC
AAATGGCCCGTGCCCT-1,
AAATGGTCAATGTGCC-1,
AAATGTGGGTGCTCCT-1,
AAATTACACGACTCTG-1,
AAATTACCTATCGATG-1,
AAATTCCAGGTCCAAA-1,
AAATTGATAGTCCTTT-1,
AAATTGCGGCGGTTCT-1,
AAATTTACCGAAATCC-1,
AAATTTGCGGGTGTGG-1,
AACAACTGGTAGTTGC-1,
AACAATACATTGTCGA-1,
AACAATTACTCTACGC-1,
AACACACGCTCGCCGC-1,
AACACGACTGTACTGA-1,
AACACGAGACGCGGCC-1,
AACACGCGGCCGCGAA-1,
AACAGCTGTGTGGCAA-1,
AACAGGAAATCGAATA-1,GC
AACAGGATGGGCCGCG-1,
AACAGGTAGTATGGAT-1,
AACATAGCGTGTATCG-1,GC
AACATATCAACTGGTG-1,
AACATCGATACGTCTA-1,GC
AACATTGAAGTTGATC-1,
AACATTGTGACTCGAG-1,
AACCAAGACTTCTCTG-1,
AACCAGTATCACTCTT-1,
AACCATAGGGTTGAAC-1,GC
AACCATGGGATCGCTA-1,
AACCCAGAGACGGAGA-1,
AACCCATCCCATGATC-1,
AACCCGACAACCCGTG-1,
AACCCGCTGTATTCCA-1,
AACCCTACTGTCAATA-1,
AACCCTGGTGGAACCA-1,
AACCGAGCTTGGTCAT-1,
AACCGCTAAGGGATGC-1,
AACCGTTGTGTTTGCT-1,GC
AACCTAAAGCCGTCCG-1,GC
AACCTCGCTTTAGCCC-1,GC
AACCTGTCACGGAATT-1,
AACCTTTAAATACGGT-1,
AACCTTTACGACGTCT-1,
AACGAAAGTCGTCCCA-1,
AACGATAATGCCGTAG-1,
AACGATAGAAGGGCCG-1,
AACGATATGTCAACTG-1,
AACGCGAACGGCAACA-1,GC
AACGCGACCTTGGGCG-1,
AACGCGGTCTCCAGCC-1,
AACGCTGTTGCTGAAA-1,
AACGGACGTACGTATA-1,
AACGGCCATCTCCGGT-1,
AACGTACTGTGGGTAC-1,
AACGTAGTCTACCCAT-1,
AACGTCAGACTAGTGG-1,
AACGTCATCCGGCTTG-1,
AACGTGATGAAGGACA-1,
AACGTGCGAAAGTCTC-1,
AACTACCCGTTTGTCA-1,
AACTAGCGTATCGCAC-1,
AACTAGGCTTGGGTGT-1,
AACTCAAGTTAATTGC-1,
AACTCCAGAGCGTGTT-1,
AACTCCTAATCCCATG-1,GC
AACTCGATGGCGCAGT-1,
AACTCTCAATAGAGCG-1,
AACTCTCAGTGTGCTC-1,
AACTGAGGTCAGCGTC-1,GC
AACTGATATTAGGCCT-1,
AACTGGGTCCCGACGT-1,
AACTGGGTTCGAGCCG-1,
AACTGGTGTGGGCCTT-1,
AACTTCTGCGTCTATC-1,
AACTTGCCCGTATGCA-1,
AACTTGCGTTCTCGCG-1,
AACTTTAGCTGCTGAG-1,
AAGAAGGATCAGTTAG-1,
AAGACATACGTGGTTT-1,
AAGACCAAATAACTCA-1,
AAGACCCAACTGAACA-1,
AAGACTAACCCGTTGT-1,
AAGACTCACGCCCACT-1,
AAGACTGCAAGCTACT-1,
AAGAGATGAATCGGTA-1,
AAGAGCTCTTTATCGG-1,
AAGAGGATGTACGCGA-1,
AAGAGGCATGGATCGC-1,
AAGAGGCCCTTTGGAA-1,
AAGATGGCACCGGACC-1,
AAGATTGGCGGAACGT-1,
AAGCACCCTGCGTATC-1,
AAGCATACTCTCCTGA-1,
AAGCCACTTGCAGGTA-1,
AAGCCGAAGCGGTTTA-1,
AAGCCGCCGTGAAATC-1,
AAGCGCAGGGCTTTGA-1,
AAGCGGCGTCATGGGT-1,
AAGCGTCCCTCATCGA-1,
AAGCTAGATCGAGTAA-1,
AAGCTCGTGCCAAGTC-1,
AAGCTCTTTCATGGTG-1,
AAGGAGAACTTATAAG-1,
AAGGAGCGGTTGGTGC-1,
AAGGATCGATCGCTTG-1,
AAGGATGAGGGACCTC-1,GC
AAGGCAGGCTGTCTCC-1,
AAGGCGCGTAAAGCTT-1,
AAGGCTGTGCTCATCG-1,
AAGGGAACGACTGGCT-1,GC
AAGGGACAGATTCTGT-1,
AAGGGACTATGCATTC-1,
AAGGTATCCTAATATA-1,
AAGGTGATAAACCAGC-1,
AAGTAAGCTTCCAAAC-1,
AAGTAGAAGACCGGGT-1,
AAGTAGTGACGCGAGG-1,
AAGTCAATTGTCGTCA-1,
AAGTGACGACCGAATT-1,
AAGTGAGTCGGGTTTA-1,
AAGTGCCTTGACTGTA-1,
AAGTGCGTTAGAATCT-1,
AAGTGCTTCTCTATTG-1,
AAGTGTTTGGAGACGG-1,
AAGTTCACTCCAAGCT-1,
AAGTTCAGTCTGCGTA-1,
AAGTTCGGCCAACAGG-1,
AAGTTGTGATGTTATA-1,
AAGTTTACTAATGGCA-1,GC
AAGTTTATGGGCCCAA-1,
AATAACAACGCTCGGC-1,
AATAACACTAGAACAA-1,
AATAAGTCCTCGAGAC-1,
AATACAATGTTTCAGG-1,
AATACCGGAGGGCTGT-1,
AATAGAACAGAGTGGC-1,
AATAGAATCTGTTTCA-1,
AATAGCAAGCCTCCTG-1,
AATAGCTACCGCGTGC-1,
AATAGGCACGACCCTT-1,
AATAGTCCGTCCCGAC-1,
AATATCAAGGTCGGAT-1,
AATATCGAATCAATGC-1,
AATATCGAGGGTTCTC-1,
AATATTGGAGTATTGA-1,GC
AATCAGACTGCAGGAC-1,
AATCAGGTTTCATTTA-1,
AATCATGTAAAGACTC-1,
AATCCAAGGGCCTGAG-1,
AATCCATGCAAGGGTG-1,
AATCCCGCTCAGAGCC-1,
AATCGAGGTCTCAAGG-1,GC
AATCGCCTCAGCGCCA-1,
AATCGCGCAGAGGACT-1,
AATCGGGACACTACGA-1,
AATCGTGAGCCGAGCA-1,
AATCTAGGTTTACTTG-1,
AATCTATGCCGGAGCC-1,GC
AATCTCTACTGTGGTT-1,
AATCTGCGTTGGGACG-1,
AATCTGGCTTTCTAGT-1,
AATCTGGGTAGACCCT-1,
AATGACAGCAATGTCT-1,
AATGACGTAGGATGTC-1,
AATGACTGTCAGCCGG-1,
AATGAGTTCGCATATG-1,GC
AATGATGATACGCTAT-1,
AATGATGCGACTCCTG-1,
AATGCAACCGGGTACC-1,
AATGCACCAAGCAATG-1,
AATGGTCCACCGTTCA-1,
AATGGTTCTCACAAGC-1,
AATGTATGGCACTGTA-1,GC
AATGTGCCCGAGGTGT-1,
AATGTGCTAATCTGAG-1,
AATGTTAAGACCCTGA-1,GC
AATTAAAGGTCGGCGT-1,
AATTAACGGATTTCCA-1,
AATTACGAGACCCATC-1,
AATTAGCGCTGCAGCG-1,
AATTATACCCAGCAAG-1,
AATTCATAAGGGATCT-1,
AATTCATTGTCATGCA-1,
AATTCCAAGCATGTAC-1,
AATTCGATTCGAGGAT-1,
AATTCTAGAGTTAGGC-1,
AATTGAACGCTCTGGT-1,GC
AATTGCAGCAATCGAC-1,
AATTGCGTGGATTACA-1,
AATTTGGGACATAGTA-1,GC
AATTTGGTTCCAAAGA-1,GC
ACAAACCATGCGTCCT-1,GC
ACAAACCGACAAGGCG-1,GC
ACAAACTCCATCAGAG-1,
ACAAAGCATGACCTAG-1,
ACAAATCGCACCGAAT-1,
ACAAATGGTAGTGTTT-1,GC
ACAAATTCAGATCTGA-1,
ACAACAGCATGAGCTA-1,
ACAACGGTCCCTGCGA-1,
ACAAGCAGTGCCTAGC-1,
ACAAGGAAATCCGCCC-1,
ACAAGGACAAGAGGTT-1,
ACAAGGATGCTTTAGG-1,GC
ACAAGGGCAGGCTCTG-1,
ACAAGTAATTGTAAGG-1,
ACAATAGTCGTACGTT-1,GC
ACAATCCATTTAAACC-1,
ACAATCGATCTTTATA-1,GC
ACAATGAATACGGAGA-1,
ACAATGATTCTTCTAC-1,
ACAATTGTGTCTCTTT-1,
ACAATTTGAGCAGTGG-1,
ACACAAAGACGGGTGG-1,
ACACACCAGGACCAGT-1,
ACACACTTTCTACACG-1,
ACACATGATCAAATCT-1,
ACACATTTCCGTAGAC-1,
ACACCACATAATTAGC-1,
ACACCCAGCATGCAGC-1,
ACACCCGAGAAATCCG-1,
ACACCGGTCTGACCGC-1,GC
ACACCTTAAGTAGGGC-1,
ACACCTTACTACTTGC-1,
ACACGAGACTCCTTCT-1,
ACACGGCACTATGCAT-1,
ACACGGGAACTTAGGG-1,
ACACGTAGGCCACAAG-1,
ACACTCCAATGTCACT-1,GC
ACACTGATCAAGGTGT-1,
ACACTGGGACAGTCGT-1,
ACAGAACTGAGAACAA-1,
ACAGATTAGGTTAGTG-1,
ACAGCATAGAGCCAGT-1,GC
ACAGCGACATTCTCAT-1,
ACAGCGCACCCGCAGC-1,
ACAGGCTTGCCCGACT-1,
ACAGGTGGAGGTGAGG-1,
ACAGTAATACAACTTG-1,
ACATAAGTCGTGGTGA-1,
ACATAATAAGGCGGTG-1,
ACATACAATCAAGCGG-1,
ACATCAGCTGGGACGC-1,GC
ACATCCCGGCCATACG-1,
ACATCCTGGTAACTGT-1,
ACATCGATCGTTTACC-1,
ACATCGCAATATTCGG-1,
ACATCGGTCAGCCGCG-1,
ACATCGTATGCAATGG-1,
ACATCGTTAACCTAGT-1,
ACATCTCAACGCGTAA-1,
ACATGGCGCCAAAGTA-1,
ACATTAGTTTATATCC-1,
ACATTCGCGCGGAATA-1,
ACCAAACACCCAGCGA-1,GC
ACCAAACTAGAAATCC-1,GC
ACCAACACCACACACT-1,
ACCAACCGCACTCCAC-1,
ACCAACGCTTATTTAT-1,
ACCAAGAACGCGTGTC-1,
ACCAATATGCAAGTTA-1,
ACCACAACTCAGAACA-1,
ACCACAAGTTTCTATC-1,
ACCACACGGTTGATGG-1,
ACCACCAATGTAACAA-1,
ACCACGTGCAGCTATA-1,
ACCAGCCCGGTCTTTG-1,
ACCAGGAGTGTGATCT-1,
ACCAGTGCCCGGTCAA-1,
ACCAGTGCGGGAGACG-1,
ACCATATCCGCAATAA-1,
ACCATCCGCCAACTAG-1,
ACCATCGTATATGGTA-1,
ACCCAACGCCCGTGGC-1,
ACCCACCTACATGCTC-1,
ACCCATCTTGAGGGTA-1,
ACCCATTTGTCCCTCT-1,
ACCCGAGCGAAATTAC-1,
ACCCGATTGGTTCCGA-1,
ACCCGGAAACTCCCAG-1,
ACCCGGATGACGCATC-1,
ACCCGGTTACACTTCC-1,
ACCCGTAGTCTAGTTG-1,
ACCCGTGTCATCAGTA-1,
ACCCTATAGGACTGAG-1,GC
ACCCTATGCCATATCG-1,
ACCCTCCCTTGCTATT-1,
ACCCTGGTAACGCCCT-1,
ACCCTTCATCTGCGAA-1,GC
ACCCTTTAGTTCTCCA-1,
ACCGAAAGGGCCCTGC-1,
ACCGAAGAGTCTGGTT-1,
ACCGACACATCTCCCA-1,
ACCGACTGAGTCCCAC-1,
ACCGAGTCTCCTTATT-1,
ACCGATAGGCATAACC-1,
ACCGATGGTAGCATCG-1,
ACCGCAATAACTGCCT-1,
ACCGCGGTGGAAGTCG-1,
ACCGCTAGTCATTGGT-1,
ACCGGGCCTTTGTTGA-1,
ACCGGTCAGGTACACC-1,
ACCGGTCTGAGTACGG-1,
ACCGTCCACTGGGCCC-1,
ACCGTGACCACGTGGG-1,
ACCGTTCCCGCTCTGA-1,GC
ACCTAAGTACCTTTCA-1,
ACCTAATCGACTTCCT-1,
ACCTACAGTATGTGGT-1,
ACCTACTATAAATCTA-1,
ACCTCCGCCCTCGCTG-1,
ACCTCCGTTATTCACC-1,
ACCTCGAACTTATGCT-1,GC
ACCTGCGTGTCATGTT-1,
ACCTTTCCTTTAGAAG-1,
ACGAAATGGGCGGCAC-1,
ACGACTCTAGGGCCGA-1,
ACGACTGGTCATACTC-1,
ACGAGAACCCATCACG-1,
ACGAGATATTTGCTTA-1,
ACGAGGATACCACTCT-1,
ACGAGGTTTACAACGT-1,
ACGAGTACGGATGCCC-1,
ACGATACATAGAACTA-1,
ACGATCATACATAGAG-1,
ACGATCATCTTGTAAA-1,
ACGATGCATATGTTAT-1,
ACGATGGATCCGATGC-1,
ACGCAAACTAATAGAT-1,
ACGCAATCACTACAGC-1,GC
ACGCATAAATGACATG-1,
ACGCATACGTTTACTA-1,
ACGCCACTCGAAACAG-1,
ACGCCAGATGATTTCT-1,
ACGCCCAGCTGTCGAT-1,
ACGCCGCTAGACGACC-1,GC
ACGCGAAGTCAGACGA-1,
ACGCGCTACACAGGGT-1,
ACGCTAGTGATACACT-1,
ACGCTGTGAGGCGTAG-1,
ACGCTTAGTGTCTCTC-1,
ACGGAATTTAGCAAAT-1,
ACGGACTCTCAAAGCG-1,
ACGGAGCGCAAATTAC-1,
ACGGATGGTGCGGATA-1,
ACGGCACTTGCTTGGG-1,
ACGGCCAACATGGACT-1,
ACGGCGACGATGGGAA-1,
ACGGCGGGTTGCCCTG-1,
ACGGCTGGATGTAGAA-1,
ACGGGAGTGTCGGCCC-1,
ACGGGCGTATGCGACA-1,
ACGGTCACCGAGAACA-1,
ACGTACAGATTTCTCT-1,
ACGTACTTTGGCACGG-1,GC
ACGTAGATTGCTGATG-1,
ACGTAGGAGAGTCGCT-1,
ACGTATTACTCCGATC-1,
ACGTCCTAAACGAGAT-1,GC
ACGTCTCGTTCCGGGA-1,
ACGTGCGCCTCGTGCA-1,
ACGTGGTCGAATGTGC-1,
ACGTTAATGTCGAAGA-1,GC
ACGTTAGATTTGCCCG-1,
ACGTTCACTATGCCGC-1,
ACGTTCCGCGCTCCGT-1,
ACGTTCGCAATCAATT-1,
ACGTTCGTTCAGGAAA-1,
ACGTTCTGTACAAGTC-1,
ACGTTGTCGTTGAAAG-1,
ACGTTTAGTTGTGATC-1,GC
ACTAATACGTCAGGCG-1,
ACTACAAAGAGAGGTG-1,
ACTACATCCCGACAAG-1,GC
ACTACCAGCTCTCTGG-1,
ACTACCATCCGAGGGC-1,
ACTACGCGTTAGAATT-1,
ACTAGTTGCGATCGTC-1,
ACTATATGCTGTGTTC-1,
ACTATCCAGGGCATGG-1,
ACTATCTGCCCGCGTA-1,
ACTATGTCCAGCTGCC-1,
ACTATTCGTCCGTGGT-1,
ACTATTTCCGGGCCCA-1,
ACTCAACGAATGTATT-1,
ACTCAAGTGCAAGGCT-1,
ACTCAATAAAGGCACG-1,
ACTCAGACCTGCTTCT-1,
ACTCATGGCAGCCTTC-1,
ACTCCAATATCATCAT-1,
ACTCCCATTCCTAAAG-1,
ACTCCCGAATTCGTTT-1,GC
ACTCCCTAATGCTAAA-1,
ACTCCCTAGAATAGTA-1,
ACTCCGGCCGACCACT-1,GC
ACTCGTAACCCGTCCT-1,
ACTCGTCAGTAATCCC-1,
ACTCTCTGACTTAGGT-1,
ACTCTCTTATACACGA-1,
ACTCTTGTATAGTAAC-1,
ACTGAAACGCCGTTAG-1,
ACTGAATGGCGAAAGT-1,
ACTGATTTAGTGATTC-1,
ACTGCCCGCCATTCTC-1,
ACTGCCGTCGTAACTC-1,
ACTGCGGACACACCGT-1,
ACTGCTCGGAAGGATG-1,
ACTGGGATGCCAGTGC-1,
ACTGTACGATACACAT-1,GC
ACTGTAGCACTTTGGA-1,
ACTGTATACGCGAGCA-1,
ACTGTCCAGGATTATA-1,
ACTGTCTTCTTTAGAA-1,
ACTGTGCTAGTAGATC-1,
ACTGTTTAGTGTAGGC-1,GC
ACTTACCGGGCGCGCA-1,
ACTTACGCATCCACGC-1,
ACTTAGTACGACAAGA-1,
ACTTATACTTACCCGG-1,
ACTTATCTGATCTATA-1,GC
ACTTATTAGGATCGGT-1,
ACTTATTTATGTGCCA-1,
ACTTCAGGCTGATCCC-1,
ACTTCCAGTGGAAGCT-1,
ACTTCCATGCGGGACA-1,GC
ACTTCGCCATACGCAC-1,
ACTTGACTCCCTCTTT-1,GC
ACTTGCCATATTGTAC-1,
ACTTGGGACCCGGTGG-1,
ACTTGGGCTTTCGCCA-1,
ACTTGTAGTCCCTTCA-1,
ACTTGTGGATGGAACG-1,
ACTTGTTACCGGATCA-1,
ACTTTACCCTCATGAA-1,GC
ACTTTCCTATAGCTTC-1,
ACTTTGACTGCATCCT-1,
ACTTTGGTCGTGCTCC-1,
AGAAATTATGACTCGC-1,
AGAACCCTCAATTGGG-1,
AGAACGTGGTACATTC-1,
AGAACTGTACTTTGTA-1,
AGAAGAGCGCCGTTCC-1,
AGAAGGTACACTTCAC-1,
AGAAGGTTGCCGAATT-1,
AGAAGGTTGTAGGTCG-1,
AGAAGTGATTCGTGAT-1,
AGAATAAATCTTCAGG-1,
AGAATGCGGGTTCGGA-1,
AGAATTATGGATTCGA-1,
AGAATTGTTTGACATA-1,
AGACATAGATCCTTCC-1,
AGACCAAACCACACCT-1,
AGACCATGGGATACAA-1,
AGACCCACCGCTGATC-1,
AGACCCGCCCTCCTCG-1,
AGACCGCTCCGCGGTT-1,
AGACCGGGAAACCCTG-1,
AGACGAAGTGCCGGTC-1,
AGACGACGATGCCGCT-1,
AGACGGGATTGGTATA-1,GC
AGACGGGCCGATTTAA-1,
AGACTAGCCTTCCAGA-1,
AGACTGTTACCGGGTC-1,
AGAGAAACACCAGAAA-1,
AGAGAACCGTCTAGGA-1,GC
AGAGAAGGAGTACAAT-1,
AGAGATCTCTAAAGCG-1,
AGAGCAGTTATGAGAC-1,
AGAGCCGCCGAGATTT-1,
AGAGCGGGCTAATCAT-1,
AGAGCGTACAAGCTCG-1,
AGAGGCTTCGGAAACC-1,
AGAGGTATCTCGGTCC-1,
AGAGTAAACTTCACTA-1,
AGAGTTAGAGACCGAT-1,
AGATAACTTCAGGGCC-1,
AGATACCAATAGAACC-1,
AGATACCAGCACTTCA-1,
AGATACCGGTGTTCAC-1,
AGATACGACTTCATAT-1,
AGATACTCAAGATCGA-1,GC
AGATATAATACGACTA-1,
AGATCGTGCATAAGAT-1,
AGATCTCAGGTGTGAT-1,
AGATGACTCGCCCACG-1,GC
AGATGAGGGTTGCGAT-1,
AGATGATGGAGTCTGG-1,GC
AGATGCAAGACGTGCA-1,
AGATTATAGGACGTTT-1,
AGATTCACAACCGATA-1,
AGCAAAGGCCGCTAGT-1,
AGCAACATATCTTATT-1,
AGCAACCGAAAGTAAT-1,
AGCACACGTTTAGACT-1,
AGCACCAGTACTCACG-1,
AGCACTACCGGCCTGT-1,
AGCACTACCTCACCAG-1,
AGCACTTAAGGACGCC-1,
AGCAGAAGGAGAAAGA-1,GC
AGCAGCCAGATGAATA-1,
AGCAGTCGAAGCATGC-1,
AGCATATCAATATGCT-1,
AGCATCATTTCGAAAG-1,
AGCATCGTCGATAATT-1,
AGCATTACGAGGCAAG-1,
AGCCAAGCTTTGTGTC-1,
AGCCACAGGTTACCCG-1,
AGCCACTCCCGTGCTT-1,
AGCCATATAGTATGTG-1,
AGCCCATACATGTAAG-1,
AGCCCGCAACAAGCAG-1,
AGCCCGGCATTAGAGG-1,
AGCCCGGTAGCCTGTA-1,
AGCCCTAAGCGAAGTT-1,
AGCCCTCCCTGGTGGC-1,
AGCCCTTCTAATCCGA-1,
AGCCGTGGCTAAATGT-1,
AGCCTAATACCCACGT-1,
AGCCTTAAAGCGGAAG-1,
AGCGACAGGAACGGTC-1,
AGCGACATCCCATTCA-1,
AGCGACCAACGATATT-1,
AGCGACTTTGAAGACA-1,
AGCGAGACGTGAAGGC-1,
AGCGATGCGCCTAATA-1,
AGCGCATAATGAATCG-1,
AGCGCGGGTGCCAATG-1,
AGCGCTTATGGGCAAG-1,GC
AGCGGACACTTCGTAG-1,
AGCGGCGGTTAGCGGT-1,
AGCGGGAAGGGTCCAT-1,
AGCGGGTCTGACACTC-1,
AGCGGTTGAGATGTAC-1,
AGCGGTTGCCGCTCTG-1,GC
AGCGTACGAGAGCTAG-1,
AGCGTAGCGCTAGACC-1,
AGCGTCTGAACCCGCA-1,
AGCGTGGTATTCTACT-1,
AGCGTTCCGATTTAAA-1,
AGCTAACAAGCAATGT-1,
AGCTAAGCTCCGTCCG-1,
AGCTAAGTACGCAGGC-1,
AGCTAGAAGCAGAAGT-1,
AGCTATTTAATCCAAC-1,
AGCTCCTTCGCACATC-1,
AGCTCTAGACGTTCCA-1,
AGCTCTTCCCAGTGCA-1,
AGCTCTTCGTAACCTT-1,
AGCTCTTTACTCAGTT-1,GC
AGCTGAAGTAAACCAA-1,GC
AGCTGCTGTGCCGAAT-1,
AGCTGTAACCTCAATC-1,
AGCTTATAGAGACCTG-1,
AGCTTCAATACTTTGA-1,
AGCTTGATCTTAACTT-1,GC
AGGAAGCTGTCCGCCG-1,
AGGACAGTCGAATCCC-1,GC
AGGACATCGCACGTCG-1,
AGGACGACCCATTAGA-1,
AGGACGCTCGATGTTG-1,
AGGAGCGTTTATTATC-1,
AGGAGGCCTTCGCGCG-1,
AGGATAAAGTCGGGAT-1,
AGGATATAGGGATTTA-1,
AGGATATCCGACTGCA-1,
AGGATCACGCGATCTG-1,
AGGCAAAGAGGAATCA-1,GC
AGGCAGATGCGTAAAC-1,GC
AGGCAGGGAGCGTACT-1,
AGGCATTGTCGTAGGG-1,
AGGCCACCCGTTATGA-1,
AGGCCCATTGTACAGG-1,
AGGCCCTAGAACGCCA-1,
AGGCCTATCATACCAA-1,
AGGCCTGAGAATCTCG-1,GC
AGGCGGTTTGTCCCGC-1,
AGGCGTCTATGGACGG-1,
AGGCTATGGTTAGCTT-1,
AGGCTTAAGTTGCACA-1,
AGGCTTCCCGAAGAAG-1,
AGGCTTGCTAGACACC-1,
AGGGAAACGAGGTACT-1,GC
AGGGACAGCACGGCGG-1,
AGGGACCGGCTGCGTT-1,
AGGGACTCTACGCGAC-1,
AGGGAGACATACTTCG-1,
AGGGCAGCGGCGTGGT-1,
AGGGCGAGCAGCTGAT-1,
AGGGCGTGATCGGCTA-1,
AGGGCTGCAGTTACAG-1,
AGGGTCAGAGCACTCG-1,
AGGGTCAGTAACCCTA-1,
AGGGTCGATGCGAACT-1,
AGGGTGCCGTTCTTTA-1,
AGGGTGCTCTCGAGGG-1,
AGGGTTCAGACGGTCC-1,
AGGGTTCCCTTTGGTT-1,
AGGGTTTAGTTCGGGA-1,
AGGTAACCTCCTATTC-1,
AGGTACGATATTGCCA-1,
AGGTAGATCGAGATAT-1,
AGGTAGGTACAAAGCT-1,
AGGTATAATTGATAGT-1,GC
AGGTCAGGTGAGAGTG-1,
AGGTCGCCACTTCGGT-1,
AGGTCGCGGAGTTACT-1,
AGGTGGTGACCTTCGC-1,
AGGTGTATCGCCATGA-1,
AGGTTACACCATGCCG-1,
AGGTTCTCCTTTCCGG-1,
AGGTTGAGGCACGCTT-1,
AGGTTTCACACACCTT-1,GC
AGTAACGTTCATCCTG-1,
AGTAATCTAAGGGTGG-1,GC
AGTAATGTCTTGCCGC-1,
AGTAATTTGCAAGCGT-1,
AGTACAGAAGCTTATA-1,
AGTACATCATTTATCA-1,GC
AGTACCTTCGAGTGCT-1,
AGTACGGCCCGTATCG-1,
AGTACGGGCACCTGGC-1,
AGTACGTGGCCTGTCT-1,
AGTACTCTTATGCCCA-1,
AGTAGAAGGCGCCTCA-1,
AGTAGCGTGAACGAAC-1,
AGTAGGAAGGAAGTTG-1,
AGTAGGTAACATACAT-1,
AGTATAATACTAGGCA-1,
AGTATACACAGCGACA-1,
AGTATCCATAATAACG-1,
AGTATGCTGGAGACCA-1,
AGTATTTGGCACGACC-1,
AGTCAAATGATGTGAT-1,
AGTCAACACCACCATC-1,
AGTCAAGATGACACTT-1,
AGTCACTAGCTCTCGA-1,
AGTCACTCCGCCTCAT-1,
AGTCAGCCACCGCCTG-1,
AGTCCAGCGGGTACGT-1,
AGTCCATTGGCTGATG-1,
AGTCCCGCCTTTAATT-1,
AGTCGACGGTCTCAAG-1,
AGTCGGCCCAAACGAC-1,
AGTCGGCTCAACTTTA-1,
AGTCGGTTGCGTGAGA-1,
AGTCGTATAAAGCAGA-1,
AGTCGTCGACCACCAA-1,
AGTCGTGGGCATTACG-1,
AGTCTAAAGTATACTC-1,GC
AGTCTCACAAGACTAC-1,
AGTCTGGACATCCTTG-1,
AGTCTTCTCCTCAAAT-1,
AGTCTTTAAAGTGTCC-1,
AGTGAACAAACTTCTC-1,
AGTGACCTACTTTACG-1,
AGTGACTGTGACACAA-1,
AGTGAGACTTCCAGTA-1,
AGTGAGCCTCGCCGCC-1,
AGTGAGGGTTTCTGAC-1,
AGTGATAACCTGCGCG-1,
AGTGATATGAGTAGTT-1,
AGTGATTCAAGCAGGA-1,
AGTGCACGCTTAAGAA-1,
AGTGCGTAGCTCGTAA-1,
AGTGCTAAACACAGCA-1,
AGTGCTTGCACGAATA-1,GC
AGTGGCCCGCAAATGG-1,
AGTGGCGGCAATTTGA-1,
AGTGGCGTCTGAAGGT-1,GC
AGTGGCTCCGTCGGCC-1,
AGTGGTGTTACCCGTG-1,
AGTGTATTGCGCATTG-1,
AGTGTGGTCTATTGTG-1,
AGTTAAACACTTGCGA-1,GC
AGTTAAGCGGTCCCGG-1,
AGTTAAGTCAACCGCT-1,
AGTTACCGCACATGGT-1,
AGTTACTCTATCGTGG-1,
AGTTATTGAAAGGTAA-1,
AGTTCCTACAGAATTA-1,
AGTTCCTATTTATGTT-1,GC
AGTTCTGCGTTGTATC-1,
AGTTGACATCGGCTGG-1,
AGTTGACGGTCCTTGC-1,
AGTTGCGGTCCTCAAC-1,
AGTTGCTGACTGATAT-1,GC
AGTTTCGCAGGTCGGA-1,
AGTTTGCACCTGCCTC-1,
AGTTTGGCACGGGTTG-1,
AGTTTGGCCAGACCTA-1,
ATAAACCATTGGACGG-1,
ATAAACGGACCCGTAA-1,
ATAAAGGCTCGGTCGT-1,
ATAAAGGTCAAGTACG-1,
ATAAATATTAGCAGCT-1,
ATAACGCCGGAGGGTC-1,
ATAACGGAGTCCAACG-1,
ATAACGTTACCTCCAC-1,
ATAAGGTGGAGAACAT-1,
ATAAGTACCCGATTGT-1,
ATAAGTAGGATTCAGA-1,
ATAAGTAGGGCGACTC-1,
ATAAGTTACCGCGACG-1,
ATAATACCGTTAGCCG-1,GC
ATAATAGCTGTTGAAT-1,
ATAATAGTGTAGGGAC-1,
ATAATCTTGGAGAACC-1,
ATAATTAGCTAAGTAG-1,
ATACAGGCCCTCCAAT-1,
ATACCACGGGCAACTT-1,
ATACCAGCAAATTGCT-1,GC
ATACCAGGCTAATAGA-1,
ATACCAGGTGAGCGAT-1,
ATACCGTCATCCATAA-1,
ATACCTAACCAAGAAA-1,
ATACGAGGTTTGTAAG-1,
ATACGCCGATCTACCG-1,GC
ATACGCCGGCGAAACC-1,
ATACGGAACGTCGTTT-1,
ATACGGGTTTCGATTG-1,
ATACGGTGAAGATGCA-1,GC
ATACGTACTTAGCCAC-1,
ATACGTCCACTCCTGT-1,
ATACGTTATGCACGGA-1,
ATACTAGCATGACCCT-1,
ATACTCTCGCCACTCT-1,
ATACTGCCTTACACCG-1,
ATACTTGTTCTCGAGC-1,
ATAGACAACGGGACCT-1,
ATAGACGAAGAGAAAG-1,
ATAGAGTACTGGGACA-1,
ATAGAGTTATCAACTT-1,
ATAGATTTGCAGTCGG-1,GC
ATAGCAACTAGGGAAG-1,
ATAGGCGGCTATAGAA-1,
ATAGGCTAGCTTCGCA-1,GC
ATAGGGATATCCTTGA-1,GC
ATAGGTTGGGCAGATG-1,
ATAGTCTTTGACGTGC-1,
ATAGTGAAGCGTTCTC-1,
ATAGTTCCACCCACTC-1,
ATATAAAGCGCTCGTG-1,
ATATAAATGTAGCTGC-1,
ATATAACACGGGCGCA-1,
ATATACGCTCGTGACG-1,
ATATAGAGTATTGGTC-1,GC
ATATCAACCTACAGAG-1,
ATATCAATTCCAGCCT-1,
ATATCGGTAGGGAGAT-1,
ATATCGTGCCAGACCC-1,
ATATCGTTCCTCGAAC-1,
ATATCTCCCTCGTTAA-1,GC
ATATCTTAGGGCCTTC-1,
ATATGGGATAGCAACT-1,
ATATGTCTAGAGCGTG-1,
ATATGTCTCCCTAGCC-1,
ATATTCAGTTAAACCT-1,
ATATTCCACATAGTGA-1,
ATATTCCCACAGGTCA-1,GC
ATATTGCTGTCAAAGT-1,
ATATTTAACCCTCAAG-1,
ATCAAACACTGTTCCA-1,
ATCAAACGAAGGTTTG-1,
ATCAAAGAGCCGTGGT-1,
ATCAAGATCCCAGGAC-1,
ATCAATCTGGGCTGCA-1,
ATCAATGCCGTGGCTG-1,
ATCACATTAGAATATC-1,
ATCACGTGCTAATTAA-1,
ATCACTTCATCCTCGC-1,GC
ATCAGACGGCACGCCG-1,
ATCAGCCTCATGCTGC-1,
ATCAGCTCGTCCACTA-1,
ATCAGGTCGCCATTGC-1,GC
ATCAGTAGGCAGGGAT-1,
ATCATAGATCGACGAG-1,
ATCATAGCCCTATGTA-1,
ATCATCCAATATTTGT-1,
ATCATCTGCCCAGTGT-1,
ATCCAACGCAGTCATA-1,
ATCCAATGGAGGGTCC-1,
ATCCACATCGACAGAA-1,
ATCCACGCTAAATGTT-1,
ATCCACTTTCAGACTA-1,
ATCCAGAGCAACAACC-1,
ATCCAGGATTCGTGAA-1,GC
ATCCCATCCACAGCGC-1,GC
ATCCCATTTCCGTGGG-1,
ATCCTACCTAAGCTCT-1,GC
ATCCTGAATCGCTGCG-1,
ATCCTGCGTGGAATGG-1,GC
ATCCTGCTGCAGATAG-1,
ATCGACCCAATACAGA-1,GC
ATCGACTCTTTCCGTT-1,
ATCGCACGCCGGGAGA-1,
ATCGCCAGTCAACATT-1,
ATCGCTGCGTGCAGCA-1,
ATCGGAGACAGACGGC-1,
ATCGGCAAGCAGTCCA-1,
ATCGTGGAAAGTCTGG-1,
ATCGTTAGCTAGCGGA-1,
ATCGTTCACTTTCGCC-1,
ATCTAATATCCTACGG-1,
ATCTACCATCTGCTCC-1,GC
ATCTAGCTTGTGAGGG-1,
ATCTCCCACGGAATAT-1,
ATCTCCCTGCAATCTA-1,
ATCTCGTGAGCGAAAC-1,
ATCTGACATGGAAGGA-1,
ATCTGCACCTCTGCGA-1,
ATCTGCTGTTATCGCC-1,
ATCTGGGCTGTTCTTG-1,
ATCTGGTTAAGACTGT-1,
ATCTGTAATTGTACCC-1,
ATCTTAGGGCATTAAT-1,
ATCTTATCGCACACCC-1,
ATCTTGACCTGCAACG-1,
ATCTTGACTTGTCCAA-1,
ATGAAGCCAAGGAGCC-1,
ATGACGCCGGCTCTAA-1,
ATGACGCGTTCTATCC-1,
ATGACTATCAGCTGTG-1,
ATGACTATGCGACATT-1,
ATGAGGAGTGTTAATC-1,
ATGATCGGGAATAGAC-1,
ATGATGCAATGGTACA-1,
ATGCACGCGCTGTTCA-1,
ATGCACTACCGCATTG-1,
ATGCATGATCCAGGAT-1,
ATGCATTCCGTGATGG-1,
ATGCCAATCGCTCTGC-1,
ATGCCATTTGCGACCA-1,
ATGCCGGTCTTGCATA-1,
ATGCCGGTTGATGGGA-1,
ATGCGACAATTGGTCC-1,
ATGCGACAGTCCCATT-1,
ATGCGAGTCCCACCAC-1,
ATGCTCAGTGTTGCAT-1,
ATGCTCTGGCGCGGTA-1,
ATGGAAATTTAAGGAG-1,
ATGGACTGCTTAGTTG-1,
ATGGAGCAGGCCGTGA-1,
ATGGATCCGGCGTCCG-1,
ATGGATTGACCAAACG-1,
ATGGCAGCATTACGAT-1,GC
ATGGCAGCCGAGAAAC-1,
ATGGCTGGAAATGGCC-1,GC
ATGGGAACGGAAGCGG-1,
ATGGGACCTGCTGAAC-1,
ATGGGCCTCGGCCTCT-1,
ATGGGTGTATACCTCC-1,
ATGGTATTGGGAACCG-1,
ATGGTATTTACTGATT-1,
ATGGTCGCGTGGTTTC-1,GC
ATGGTGCTCAAAGCCA-1,
ATGGTTACGAAACATG-1,
ATGTAAGGCTGCTCTT-1,
ATGTACATGCGGTGAG-1,
ATGTACGATGACGTCG-1,
ATGTAGCGCGCGTAGG-1,
ATGTCATAATAAACGA-1,
ATGTCTTGTTTGACTC-1,
ATGTGAAAGCCTAATG-1,
ATGTGCATCCGACGCA-1,
ATGTGGACATCTTGAT-1,
ATGTGTAGTTTAGTCA-1,GC
ATGTTACGAGCAATAC-1,
ATGTTCGTCGACCCAC-1,
ATGTTGATTAGAGACT-1,
ATGTTGTAGTCTGTTT-1,
ATGTTTGTAAGATCAT-1,
ATTAAACATGCGGACC-1,
ATTAATACTACGCGGG-1,
ATTAATGAACCAGTCG-1,
ATTAATTCGGTCACTC-1,GC
ATTACAACTACCGGCC-1,
ATTACATGTCAGTCTT-1,
ATTACGCGCTGGCAGG-1,
ATTACTAGCCTCTTGC-1,
ATTACTTACTGGGCAT-1,
ATTAGATTCCTCAGCA-1,
ATTAGATTGATAGCGG-1,
ATTAGGCGATGCTTTC-1,
ATTATACTTTGCTCGT-1,
ATTATAGCTACTTTAC-1,
ATTATCGGAATGTACG-1,
ATTATCTCGACAGATC-1,
ATTATGAGACCCAATT-1,GC
ATTATGCCATAGGGAG-1,
ATTATTATGTCCGTCA-1,
ATTATTCAGAGTCACT-1,
ATTCAACCATTTAAGG-1,
ATTCACTGATGTTGGA-1,
ATTCAGATGAATCCCT-1,
ATTCAGGACCTATTTC-1,
ATTCAGGATCGCCTCT-1,
ATTCAGTAGCAGGGTC-1,
ATTCATATACTGTCCA-1,
ATTCATCGTTGAGGCA-1,GC
ATTCCCACATAAACAA-1,
ATTCCTAAGACGTGGA-1,
ATTCCTCCGCCAGTGC-1,
ATTCCTTCCAGGCGGT-1,GC
ATTCGACGCCGGGCCT-1,
ATTCGCGCCTTGAGAG-1,
ATTCGTGCTATCTCTT-1,
ATTCGTGTACCCATTC-1,
ATTCTCGTCTCTTTAG-1,
ATTCTGAGTATGAACT-1,
ATTCTTCGTACTTATG-1,
ATTGAAGATCTTAGTG-1,
ATTGACCGGCGATGAC-1,GC
ATTGACGTAACTCGGT-1,
ATTGATAGCAACGAGA-1,GC
ATTGATCACCACATTT-1,
ATTGATGAGTCCTAAC-1,
ATTGCCTATTAGACCG-1,
ATTGCCTTTATGTTTG-1,
ATTGCGATCAGTAACT-1,
ATTGCTGCTCCTCCAT-1,GC
ATTGGATTACAGCGTA-1,
ATTGGGAATATCTTGG-1,
ATTGGGAGTTCTGTAA-1,
ATTGTACAACTCGGCT-1,
ATTGTCGCAATACCTT-1,
ATTGTCTGTTTCATGT-1,
ATTGTGACTTCGCTGC-1,
ATTTAACTCGTATTAC-1,
ATTTACAGTTTACTGG-1,
ATTTACTAAGTCCATT-1,
ATTTATACTGGTAAAG-1,
ATTTCATTATTTCGCG-1,
ATTTCCGGGTTCTGCG-1,
ATTTGCCTAGTTACGA-1,GC
ATTTGCGCGAGTAGCT-1,
ATTTGTCTTGGGAGCT-1,GC
ATTTGTTCCAGGGCTC-1,GC
CAAACCATAAGCGTAT-1,
CAAACCCTCCGGCGGG-1,
CAAACGAGTATCGCAG-1,
CAAACGGTCGCACTTT-1,
CAAACGTGGTCTTGCG-1,
CAAACTACGATAGAGA-1,
CAAACTATTGAGCTTC-1,
CAAACTCGCGACGCCG-1,
CAAAGATTATTGGGCC-1,
CAAATCTCTCACAAGG-1,
CAAATGCGGAGTGTTC-1,
CAAATGTCCTTCCGTG-1,
CAAATTGGATTATGCC-1,
CAAATTGTCAGCAAGC-1,GC
CAACAGAATAACGCTA-1,
CAACAGTGCCAAACGG-1,
CAACCAGTGGCCTACC-1,
CAACCTACCGAGCAGT-1,
CAACGACCCGTTTACA-1,
CAACGCGATGAGCCAA-1,
CAACGGTTCTTGATAC-1,
CAACTATATCGAATGC-1,
CAACTCCAACGTTTAG-1,
CAACTCCTTGATCCCG-1,
CAACTGCTCATCCGAT-1,
CAACTTGTAGTGGGCA-1,
CAAGAGGGCGGAGTAC-1,
CAAGATATTATAACGT-1,
CAAGCAACGTCGGAGT-1,
CAAGCACCAAATGCCT-1,
CAAGCGGCACATAATT-1,
CAAGGATCGCATGTTC-1,
CAAGGCCAGTGGTGCA-1,
CAAGGTCCTATAGGCT-1,GC
CAAGTAAGTGATAGAC-1,
CAAGTCGTTGAAATCT-1,
CAAGTGAACTTTGGTT-1,
CAAGTGTGGTTGCAAA-1,
CAATAAACCTTGGCCC-1,
CAATACGCTCTGAGGC-1,
CAATATTCTTGACCTA-1,
CAATATTGGACTAGTG-1,GC
CAATCCCTATACCAGC-1,
CAATCCTGCCGTGGAG-1,
CAATGACCCTTAATTT-1,
CAATGCGAGAAGTATC-1,
CAATGGAATCTACATA-1,
CAATGGATCTCTACCA-1,
CAATGGTCGGCCTGGG-1,
CAATGTGCCAACCCTT-1,
CAATTAAGGGTGATGA-1,
CAATTGGGCCGCACTC-1,
CAATTTCGTATAAGGG-1,
CACAAACCGCAGAACT-1,
CACAAGAAAGATATTA-1,
CACAAGCTAAGAAAGG-1,
CACAATGAGCTGCTAT-1,
CACACACGCTAACGAG-1,
CACACAGCTTGCGCTC-1,
CACACAGGGATAGATT-1,
CACACGCGCTGTCTTA-1,
CACACGTTTCAATGGG-1,
CACACTTGTATTGCGA-1,
CACAGAGACGAGGACG-1,GC
CACAGCACCCACGGCA-1,
CACAGCTAGGGAGTGA-1,
CACAGGGCCATATAGT-1,
CACAGGGCCGTTGTCA-1,
CACAGTCCCGCTTCGC-1,
CACATAAGGCGACCGT-1,GC
CACATATTAGCAGGAT-1,
CACATCGTGCACGCGC-1,
CACATCTCACCGACGA-1,
CACATGATTCAGCAAC-1,
CACATGTTTGGACATG-1,GC
CACATTCTTTCGATGG-1,
CACATTTCTTGTCAGA-1,
CACCAGTCAGCATGCA-1,
CACCATCGGAGGAGAC-1,
CACCATGATCGCAAAG-1,
CACCCAAATCTTATGT-1,
CACCCACACGTCACCC-1,
CACCCACGAGGCAATT-1,GC
CACCCGGTTTGTGACT-1,
CACCCTAACAAGATCT-1,
CACCCTTGGTGAGACC-1,
CACCCTTTCCTCGCTC-1,
CACCGATACACCGAGC-1,
CACCGCCAGAAGGTTT-1,GC
CACCGCCGACCAGCGA-1,
CACCGCGTCCACTCTA-1,
CACCGGAGATATCTCC-1,GC
CACCGGGCATCACAAG-1,
CACCGGTAGAGACATT-1,
CACCGTATCCCATCCG-1,
CACCGTTAGGGATCAC-1,
CACCGTTGCGCGATAT-1,
CACCTAATAGAGTCGT-1,
CACCTAATCAGTTTAC-1,GC
CACCTCGATGGTGGAC-1,
CACCTTGCGAAACTCG-1,
CACCTTGGCGCCTTTG-1,
CACGAAAGTTAGTCCC-1,
CACGACGTAATAGTAA-1,
CACGACTAAAGTTCTG-1,
CACGAGCAAACCAGAC-1,
CACGATTGGTCGTTAA-1,
CACGCACAGCGCAGCT-1,
CACGCAGCGAGGCTTT-1,
CACGCGGAACTGTTGC-1,
CACGGCGCGCCAAAGG-1,
CACGGGATTGAGGGTT-1,GC
CACGTCAATCAATGGA-1,
CACGTCGGCAACCTCT-1,
CACGTCTATGATGTGG-1,GC
CACGTTCGTGCTCTAG-1,
CACGTTTCGTACACAC-1,
CACTAAAGTTGCCTAT-1,
CACTACGGGAGCTGCC-1,
CACTACTCAGTTCTGT-1,
CACTCAAGAGCTATGG-1,
CACTCAGCTCTTGAGG-1,
CACTCCTATGTAAGAT-1,
CACTCCTCTCGGTCGG-1,
CACTCGAGCTGAACAA-1,
CACTCGGTTAGGAGGA-1,
CACTCTCAAGCATCGA-1,
CACTCTTCTGCTAGCC-1,
CACTGACGATTGTGGA-1,
CACTGTCCAAGTGAGA-1,
CACTTAATCAGACGGA-1,
CACTTCGCCACAGGCT-1,
CAGAACTTAGCCCTCT-1,
CAGACACCGATCGCTG-1,
CAGACCTGTAAGTGTT-1,
CAGACGAACCTGATAC-1,
CAGAGACGGTCACCCA-1,
CAGAGCATGAGCTTGC-1,
CAGAGGCGATGCATGA-1,
CAGAGTGATTTAACGT-1,
CAGATAATGGGCGGGT-1,
CAGATACTAACATAGT-1,
CAGATATGAAGATGAC-1,
CAGATCATTTAAAGTC-1,
CAGATCCTGGTTTGAA-1,
CAGCAGCCCGTTCCTT-1,
CAGCAGTCCAGACTAT-1,
CAGCAGTCTGTGCTGC-1,
CAGCCCTCACAGGCAG-1,GC
CAGCCGGGCCCTCTAT-1,
CAGCCTCCTGCAGAGG-1,
CAGCCTCTCCTCAAGA-1,
CAGCGATTCCCTTCAA-1,
CAGCTCGACAAGTTAA-1,
CAGCTCGTGCTTGTGT-1,
CAGCTCTGGGCTCACT-1,
CAGCTGGCGTAACCGT-1,
CAGCTTAGTAGGTAGC-1,
CAGGAAGACTTTATAT-1,
CAGGATATATCGTTGT-1,
CAGGATCCGCCCGACC-1,
CAGGCAGTCTTACCAG-1,
CAGGCCAGTACCACCT-1,
CAGGCCGTTTGGGTGT-1,GC
CAGGCGCACGGTGGTC-1,
CAGGCGCCATGCTAGG-1,
CAGGGAGATAGGCCAG-1,
CAGTAACTATTTATTG-1,
CAGTAAGGGACGTCTC-1,
CAGTAATCCCTCCCAG-1,
CAGTACATTCTCTAAA-1,
CAGTACCAGTTTACGT-1,
CAGTAGCCCACGCGGT-1,
CAGTAGCGAGGTAGTA-1,
CAGTCGAGGATGCAAT-1,
CAGTCTCTCGGCTAAT-1,
CAGTCTGTATACTGGG-1,GC
CAGTGAATAAATGACT-1,
CAGTGGTTGCACATGA-1,
CAGTGTCCGCAGAATG-1,
CAGTGTCGGCTGGCCC-1,
CAGTGTTAATCTCTCA-1,
CAGTTCAAATTGACAC-1,
CAGTTCCGCGGGTCGA-1,
CAGTTCGAGGACCCGA-1,
CATAACGGACAGTCGT-1,
CATAAGAAGCTTGGCT-1,
CATAAGCTCTCCGTCT-1,
CATAATGAGCGGGCGA-1,
CATACAAAGCCGAACC-1,
CATACACGGTTCCCAC-1,
CATACCCGTACCCAGT-1,
CATACGAACTAGCTGG-1,
CATACGGCGTCTGGGC-1,
CATACTATGTAATTGT-1,
CATACTTAGGCAATAC-1,
CATACTTCTTTCTCCG-1,
CATAGAGGAGATACTA-1,
CATAGCCGCCCGGGAT-1,
CATAGCGTTGCCCACC-1,
CATAGGGACACTTGTG-1,
CATAGTACATTGAGAG-1,
CATAGTAGCATAGTAG-1,
CATAGTCAAATACATA-1,
CATAGTCCACAAGAAC-1,
CATATACTACTGATAA-1,
CATATAGGTACAGTCA-1,
CATATGTCAGGCTACG-1,
CATATTATTTGCCCTA-1,
CATCAAACTGGCGCCC-1,
CATCATCTACCCGGAC-1,
CATCATTACCCTGAGG-1,
CATCCAATATAGTTTG-1,
CATCCCGAGATTCATA-1,
CATCCTCTCAAAGATC-1,
CATCGCCCGCGGCCAA-1,
CATCGGACGGGTTAAT-1,
CATCTACCCGAGAACG-1,
CATCTATCCCGTGTCT-1,
CATCTTACACCACCTC-1,
CATGAACCGACATTTG-1,
CATGAACCTCTTATCA-1,
CATGACTTCGCTGAAT-1,
CATGAGATGCACTCTC-1,
CATGAGTCCATCACGG-1,
CATGATACGGTGAAAC-1,
CATGATCGCTTTGAGA-1,
CATGATGCACAATTCT-1,GC
CATGATGGAAGTTAGC-1,
CATGCACATGAGAGGC-1,
CATGCACGTGTTACTG-1,
CATGCATGGAGACCCT-1,
CATGCCAACTCGCAAA-1,
CATGCGACCAGTTTAA-1,
CATGCGTTAGACAGAA-1,
CATGCGTTGAGAGGAG-1,
CATGCTGGCTCCAATT-1,
CATGGAAATGGGACCA-1,
CATGGATTGTCTTCCG-1,
CATGGCAGGAAGATCG-1,
CATGGGTATGCCTTAT-1,
CATGGGTCGGGTGTGG-1,GC
CATGGTAAGTAGCGTT-1,
CATGGTATTAGTTTGT-1,
CATGGTCTAGATACCG-1,
CATGGTTTATTAATCA-1,
CATGTAAGAGACATTT-1,
CATGTAGGAGCGCCAA-1,
CATGTCTCATTTATGG-1,
CATGTGGGCTCATCAC-1,
CATTACATAGATTGTG-1,
CATTACGTCGGCCCGT-1,
CATTATAACAGGGTCC-1,GC
CATTATCCCATTAACG-1,
CATTATGCTTGTTGTG-1,
CATTCACTGACAGCTA-1,
CATTCAGGTCAGTGCG-1,
CATTCCCATTCCGTCG-1,
CATTCCCTAAGTACAA-1,
CATTGCAAAGCATAAT-1,
CATTGCGAAATGGGCG-1,
CATTGCGGGTCAATTC-1,
CATTTAGCGGACCATG-1,
CATTTATCGTTCAAGA-1,
CATTTCTAGCAGACTA-1,
CATTTGAGTGGTACGT-1,
CCAAACAGAACCCTCG-1,
CCAAAGTCCCGCTAAC-1,
CCAAATAACAAGATTC-1,
CCAAATCAAAGGGCAA-1,
CCAACCTTATGTAACT-1,
CCAACGATGCACTGAT-1,
CCAACGCTTGCCAGGG-1,
CCAAGAAAGTGGGCGA-1,
CCAAGACTTCTGCGAA-1,
CCAAGCGTAACTCGTA-1,
CCAAGGAACAGAGAGG-1,
CCAATAGTGCCGTCGA-1,GC
CCAATCGGTAGATCGA-1,
CCAATGTCACAGCAAG-1,
CCAATTACGGGTCGAG-1,
CCAATTGAATGTTAAT-1,
CCACAATGTACGTCTT-1,
CCACACTGAGATATTA-1,
CCACAGCTGAAATCAT-1,
CCACAGTACCCATCCT-1,
CCACATGGCTCTTTAT-1,
CCACCAACTTTACTGT-1,
CCACCCAAGGAAAGTG-1,
CCACGAATTTAACCTC-1,
CCACGAGAAGAGAATC-1,
CCACGGAGCCATAAGA-1,
CCACGGCAGGTGTAGG-1,GC
CCACGGTGCCCGGTAG-1,GC
CCACTATCCGGGTCAC-1,
CCACTCAGATCCGCAA-1,
CCACTGGTGGCTGGTT-1,
CCAGAAAGCAACTCAT-1,
CCAGAGACAAAGCCGG-1,
CCAGATAGTTGAGTGA-1,
CCAGCCTGGACCAATA-1,
CCAGCTACGCCTCATA-1,
CCAGCTCGAACGCATT-1,
CCAGCTGATGGTACTT-1,GC
CCAGCTTCCGCCCGCA-1,
CCAGGGACGTGGCCTC-1,
CCAGTAGTCTGATCCA-1,
CCAGTCCATTATTCGA-1,GC
CCAGTCTAGACGGCGC-1,
CCAGTCTTGTCATAGA-1,
CCAGTGTACAGACCGA-1,
CCAGTTCGGTAACTCA-1,GC
CCATAAACAACCCGAC-1,
CCATACCTTTACTTGT-1,GC
CCATAGAGGCTGCCAG-1,
CCATAGGTTGGCGTGG-1,
CCATAGTCAGTAACCC-1,GC
CCATATGGAAACTATA-1,
CCATCCATACCAAGTC-1,
CCATCGCAGTTAAACT-1,
CCATCTCACCAGTGAA-1,
CCATCTTGTTCACAAT-1,
CCATGCCCTAGATTTC-1,
CCATGCCTGTTTAGTA-1,
CCATGCTCTGCAGGAA-1,
CCATGGCAAACGCTCA-1,
CCATGGCCCTTGTACC-1,
CCATGTTCATCTATAT-1,
CCATTAGCGATAATCC-1,
CCATTCCCTGCCCACA-1,
CCATTTCTACCTATTA-1,
CCCAAACATGCTGCTC-1,
CCCAACATACGTCGCG-1,
CCCAACCACACTAACA-1,
CCCAAGAATGCACGGT-1,
CCCAAGACAGAGTATG-1,
CCCAATGAGATTTGCA-1,
CCCAATTTCACAACTT-1,
CCCAGAGGAGGGCGTA-1,
CCCAGATTCCCGTGAC-1,
CCCAGGAAGAATTCGA-1,
CCCAGGTCTGAAGGCT-1,
CCCAGTAAACTTGGGA-1,
CCCAGTTAAGGCGCCG-1,
CCCATATAGGTCGATT-1,
CCCGAAGTTTCGCGAA-1,
CCCGACCATAGTCCGC-1,
CCCGAGTTTCTCCGTA-1,
CCCGCAAATAATCATC-1,
CCCGCAGCGCGAACTA-1,
CCCGCAGGGCCCAAAG-1,
CCCGCCATGCTCCCGT-1,
CCCGCGCAATGCACCC-1,
CCCGCTAGAGGGTTAA-1,GC
CCCGCTTGCCCTCGTC-1,
CCCGGGTCGTTCAGGG-1,
CCCGGTGGAAGAACCT-1,
CCCGGTGTATCGGAAT-1,
CCCGTAAGTCTAGGCC-1,
CCCGTAGCTGGGAAGA-1,
CCCGTCAGCGTCTGAC-1,
CCCGTGACAGTGCCTT-1,
CCCGTTTCGCAGATGT-1,
CCCTACCCACACCCAG-1,GC
CCCTACTTGAACAATG-1,
CCCTAGCTCTAAGGTC-1,
CCCTAGTGTCAGGTGT-1,GC
CCCTATGTAGAGCAGA-1,
CCCTCAGATCGAGAAC-1,
CCCTCATCACAGAGTA-1,
CCCTCATTCTGGAATT-1,
CCCTCCTCGCTCGTAT-1,
CCCTCGATAATACACA-1,
CCCTCGGGAGCCTTGT-1,GC
CCCTGAAATGAGTTGA-1,
CCCTGACTAACAAATT-1,
CCCTGCCCAATCCGCT-1,GC
CCCTGCGCTACGCATA-1,
CCCTGGGAGGGATCCT-1,
CCCTGGTATGGGCGGC-1,
CCCTTCTCGTACGCGA-1,GC
CCCTTTAATGGAGTTC-1,
CCCTTTGACAGGTCTT-1,
CCGAAAGTGGTGAGCA-1,
CCGAACACTGGGCCTC-1,
CCGAACCTTCCCGGCC-1,
CCGAAGCATTGACCAA-1,
CCGAAGTATATTGTTC-1,
CCGACAAAGGGAGTGC-1,
CCGACGGGCATGAGGT-1,
CCGACGTAAACACAAC-1,
CCGACTCGCATAGTCT-1,
CCGAGAAGTCGCATAA-1,
CCGAGCTGTGCTTGTC-1,GC
CCGAGGGATGTTAGGC-1,GC
CCGATCTCAACCTTAT-1,
CCGATTCGAGGGACCC-1,
CCGATTGGTCAATGAA-1,
CCGCACAAAGACCAAC-1,
CCGCACGTGACCTCGG-1,
CCGCATGTGGTACGAT-1,
CCGCCACCACAATCCA-1,GC
CCGCCGGAACTTCTCG-1,
CCGCCGGTCAACACAC-1,GC
CCGCCTGCGAATTGGT-1,
CCGCGATTTGGTAGGT-1,
CCGCGCAAGATACCCA-1,
CCGCGGAATGCGTCAC-1,
CCGCGGGTACGAAGAA-1,
CCGCGTAGGTAAGGGC-1,
CCGCTATCAGCACCAG-1,
CCGCTCCAGGGCGATC-1,
CCGCTCTTCCGAACTA-1,
CCGCTGGTGCCATTCA-1,
CCGCTTACCTCACTCT-1,
CCGCTTCGCGGTTAAC-1,GC
CCGCTTGCTGACATGG-1,GC
CCGGAATGGTTTCAGT-1,
CCGGAGCGTACTTTCT-1,
CCGGAGGTCTTATGGT-1,
CCGGCACGACCGTTTC-1,
CCGGCCGCGAGCATAT-1,
CCGGCGCATATTGGAT-1,
CCGGCGTGAGACTCTG-1,
CCGGGACCCGCAGAGA-1,
CCGGGCGGTCTCGTCA-1,
CCGGGCTAAGAATTTC-1,
CCGGGCTGCTCCATAC-1,
CCGGGTTCGAGGTTAC-1,
CCGGTAATGGCTAGTC-1,
CCGGTATCTGGCGACT-1,GC
CCGGTTTGTAATTGTG-1,
CCGTAAGTTGGTCCCA-1,
CCGTACCCAAGCGCCA-1,
CCGTAGGAAATCCCTG-1,
CCGTAGGGTTGTTTAC-1,
CCGTATCTCGTCGTAG-1,
CCGTATTAGCGCAGTT-1,
CCGTCAACCTCTGGCG-1,
CCGTGCCCATGACGGC-1,
CCGTGGAACGATCCAA-1,
CCGTGTTAAATTCCAT-1,
CCGTTACGTTAGAACA-1,GC
CCGTTCCGAATCTCGG-1,GC
CCGTTTCCTTTCCGTG-1,
CCTAAACAGGGTCCGT-1,
CCTAAAGGCTGACGCT-1,
CCTAAATTAACGGTTC-1,GC
CCTAAATTGTATCCTA-1,
CCTAACCCAAACAAGT-1,
CCTAACTAAGGCTCTA-1,
CCTAAGTGTCTAACCG-1,GC
CCTACAAGTCCGGAAT-1,
CCTACAGTTGAGGGAG-1,GC
CCTACATTCACAGACG-1,
CCTACGCGACCTTACA-1,
CCTACGGCTCAGTCGA-1,
CCTACTGCTTACACTT-1,
CCTAGGCGTAGCGATC-1,
CCTAGGTAAAGGTAGC-1,
CCTAGTTAGTCGCATG-1,
CCTATAATGAGTGCCC-1,
CCTATACCGTCCTGTC-1,
CCTATATCGTGTCACG-1,
CCTATATTTGTCCTGG-1,
CCTATCTATATCGGAA-1,
CCTATGAAGTGGTGCC-1,
CCTATGGCTCCTAGTG-1,
CCTATGGGTTACCGTC-1,
CCTATGGTCAAAGCTG-1,
CCTATGTCCACTCCAC-1,
CCTCACCAATCTTGAC-1,
CCTCACCTGAGGGAGC-1,
CCTCACCTTAGCATCG-1,
CCTCATGCAGCTACGA-1,
CCTCCCGACAATCCCT-1,
CCTCCGACAATTCAAG-1,
CCTCCTAGCTAGAGTC-1,
CCTCCTGTTGTGTCGT-1,
CCTCGAAGTGGACGGG-1,
CCTCGACCCACTGCCT-1,
CCTCGCCAGCAAATTA-1,
CCTCGCGCGATATAGG-1,
CCTCGCGCTGTGCGAT-1,
CCTCGGACCGGGATAG-1,GC
CCTCGGATGCTACCTG-1,GC
CCTCGGTTTCCTTGCC-1,
CCTCGTTACGCCTGTT-1,
CCTCTAATCTGCCAAG-1,
CCTCTACAAGGATTGG-1,
CCTCTATCGATTAGCA-1,
CCTCTCTCCCATCTAG-1,
CCTCTGGCCTAGACGG-1,
CCTCTGTACTATTCTA-1,
CCTGAACGATATATTC-1,
CCTGAATATTTACATA-1,
CCTGACCACCGATGGT-1,
CCTGACGCAACCTTTA-1,
CCTGAGAATAAATGCA-1,
CCTGATTCGCGAAGAA-1,
CCTGCCCGTTGTCTAG-1,
CCTGCGATAGAACTGT-1,GC
CCTGCGTTCTACGCTT-1,GC
CCTGCTATTTGAGAAG-1,
CCTGGAAACGTTCTGC-1,
CCTGGCTAGACCCGCC-1,
CCTGGTCGAATGTGGG-1,
CCTGTAAGACATGATA-1,GC
CCTGTACTCACGCCCA-1,
CCTGTCACCCGGGCTC-1,
CCTGTCCCTCACGTTA-1,
CCTGTCGCCCGTAAAT-1,
CCTGTTCAACCTCGGG-1,
CCTGTTTGAAGACACG-1,
CCTTAAGTACGCAATT-1,
CCTTCAGTTAAAGTGA-1,
CCTTCCGCAACGCTGC-1,
CCTTCGTATAGAATCC-1,
CCTTCTCAGCGTTCCT-1,
CCTTCTTGATCCAGTG-1,
CCTTGTGAACGTGGTT-1,
CCTTTAAGGGAGCACT-1,
CCTTTCAATGAAGAAA-1,GC
CCTTTGAATTATGGCT-1,
CGAAACATAGATGGCA-1,
CGAAACGCAATTCATG-1,
CGAACAGTATGGGCGT-1,
CGAACATAGTCAGAAA-1,
CGAACCCGCATGCGTC-1,
CGAACCTCTTTCCTAG-1,
CGAACGCCCAGTGCCG-1,
CGAACGGCCGGACAAC-1,
CGAAGACTGCCCGGGA-1,
CGAAGATCAGTTTCAT-1,
CGAAGCTATAAATTCA-1,
CGAAGGGTTTCAGATT-1,GC
CGAAGTTGCTCTGTGT-1,
CGAATCTGCTCGACGC-1,
CGAATGAAGTCATTGC-1,GC
CGAATGACGCATAATG-1,
CGAATGGTAGGTCGTC-1,
CGAATTACATGGTGTT-1,
CGACAATTTGATCTAA-1,
CGACACGCTCCGACAG-1,
CGACAGTTCGCGTTAT-1,GC
CGACATGCGATCTTCT-1,
CGACCCTTAACGCCGG-1,
CGACCGTTGGTATTCG-1,
CGACGCATCCGTACCT-1,
CGACTCAGGATGTTAT-1,
CGACTTGCCGGGAAAT-1,
CGACTTTGTATAGCCT-1,GC
CGAGACCCTAGAGTGT-1,
CGAGAGATGTGAACCT-1,
CGAGAGCGCGTAGATA-1,
CGAGAGCTTTCACTAC-1,
CGAGAGGGTAGCCGCG-1,
CGAGATGTTGCCTATA-1,GC
CGAGATTTCGCTCGGG-1,
CGAGCACTTCAAGTTT-1,
CGAGCGTTGATCAGCC-1,
CGAGCTGGGCTTTAGG-1,
CGAGGAGCTTCCATAT-1,
CGAGGATCGGGAACGA-1,
CGAGGCCAGGCATTGG-1,
CGAGGCTAAATATGGC-1,
CGAGGGACTGCGGTCG-1,
CGAGGGTATCCAGGTG-1,
CGAGTACTAAAGAGGA-1,
CGAGTGAAGGTACCAG-1,
CGAGTGCTATAGTTCG-1,
CGAGTTCTGTCCCACC-1,GC
CGAGTTTATCGGACTG-1,
CGATAATACTCAGGTT-1,
CGATACCTCGCGGACA-1,
CGATAGCGATACAGTG-1,
CGATAGTCGTACTGCA-1,GC
CGATATTAGCCGCAGG-1,
CGATCCACCATTGTTG-1,
CGATCCGACCCAGTGC-1,
CGATCCTCGCAACATA-1,
CGATCGAGAAGCACCA-1,
CGATCTGTTGGAGGAC-1,
CGATGGACCCTACGCC-1,
CGATGTTGTTATCTAC-1,
CGATTAAATATCTCCT-1,
CGATTCGCCTGGCTGC-1,
CGATTTGTCATTAATG-1,
CGCAAACACGAGTTAC-1,
CGCAATTACTTTCGGT-1,
CGCAATTAGGGTAATA-1,
CGCAATTCTACAATAA-1,
CGCACATGTCCACTAC-1,GC
CGCACGTCTGTTTATG-1,
CGCACGTGCGCTATCA-1,
CGCAGAAACATTTGCG-1,
CGCAGATCTTCACCCG-1,
CGCAGGCGATCCAAAC-1,
CGCAGTTCTATCTTTC-1,
CGCATCATGGCTTCAG-1,
CGCATCCATCAGCCAG-1,
CGCATGCCGAATGCGT-1,GC
CGCATGGTGCGATGCT-1,
CGCATTAGCTAATAGG-1,
CGCCAAGAAGCCGAGT-1,
CGCCACAGGTCGCGAT-1,
CGCCACCCGCATTAAC-1,
CGCCATCCGATTATGA-1,
CGCCCAGCACGCCTAG-1,
CGCCCAGCGTTTCACG-1,
CGCCCGCTTCCGTACA-1,
CGCCCTAATTGTTCAA-1,
CGCCCTTGAAGGCTGA-1,
CGCCGCCCATGCCTGT-1,
CGCCGCGTTCTGAACG-1,
CGCCTCCCTCCTCTAT-1,GC
CGCCTGGCCTACGTAA-1,
CGCCTTTAGCATGCTC-1,
CGCGAAGTGGCATACT-1,
CGCGACCGCGACAGAT-1,
CGCGAGAGGGACTTGT-1,
CGCGAGTCTGCCGGGT-1,
CGCGCAAATGTCCAGA-1,
CGCGCAAGGAACTACA-1,
CGCGCATGTTTGATTG-1,
CGCGCCCGACTTAATA-1,
CGCGGCAGTATTACGG-1,
CGCGGCTCAACTTGAA-1,
CGCGGGAATTAGGCAG-1,
CGCGGGAATTCCTTTC-1,
CGCGGTAAGTCTAGCT-1,
CGCGGTACGGTATACA-1,
CGCGGTCACAAACCAA-1,
CGCGTCATATTAAACC-1,GC
CGCGTGCTATCAACGA-1,GC
CGCGTTCATGAAATAC-1,
CGCTACCGCCCTATGA-1,
CGCTACGGGACATTTA-1,
CGCTAGAGACCGCTGC-1,
CGCTATACCGCCCACT-1,
CGCTATTCAATGTATG-1,
CGCTATTCTTAGGCTC-1,
CGCTCGACATAATGAT-1,
CGCTCTCCGTAGATTA-1,
CGCTGAGGACGTCCAA-1,
CGCTGGTGACTACCCT-1,
CGCTGTGACGCCGCAC-1,
CGCTGTGTGGATGTTG-1,
CGCTTAGTATTGATAC-1,
CGCTTATTCCCGGTCG-1,
CGCTTCCACTGAAATC-1,
CGCTTCGGTCTAAGAC-1,
CGCTTGGACGGATAGA-1,
CGCTTTCATACCGGTG-1,
CGCTTTCCGCCAAGGT-1,
CGCTTTCTTGCATTCG-1,
CGGAAAGAATCAAACG-1,
CGGAAATTTCACATCC-1,
CGGAACGTAAACATAG-1,
CGGACCTCTGTAGTTA-1,
CGGACCTTTACGTCCC-1,
CGGAGCAATTTAATCG-1,
CGGAGCATGGCGATCC-1,
CGGAGCTTATAACACC-1,
CGGAGTTTGAGAGACA-1,
CGGATAAGCGGACATG-1,
CGGATCCTCAAGGACT-1,
CGGATGAATGCTGTGA-1,
CGGATTCTGCCTTATG-1,
CGGCAAACATCGTGCG-1,
CGGCAATAAGATCGCC-1,
CGGCACCGTTAGCGCC-1,
CGGCACTCAAGAAAGT-1,
CGGCAGGGTCGGGTTG-1,
CGGCCACGCACAAAGT-1,
CGGCCAGAGCGACCAT-1,
CGGCCCAACCTGTAGT-1,GC
CGGCCCAGGTATATCC-1,
CGGCGCCATCAATCCC-1,
CGGCTCTAAAGCTGCA-1,
CGGCTCTTCGTCGAAC-1,
CGGCTGCAAGATTAAG-1,
CGGCTTTGTATGATAA-1,
CGGGAAGTACCGTGGC-1,
CGGGAATATAGTATAC-1,
CGGGAATTTATGTAAA-1,GC
CGGGAGCTTCAGTGTA-1,
CGGGAGTATACCGCCG-1,
CGGGATCAATGTAAGA-1,
CGGGCAGCTAAACCGC-1,
CGGGCCATAGCCGCAC-1,
CGGGCCTTCTTTGTAA-1,
CGGGCGATGGATCACG-1,
CGGGTGTACCCATTTA-1,
CGGGTTCGGCACGTAT-1,
CGGGTTGTAGCTTTGG-1,GC
CGGTACTAGAATCAAA-1,GC
CGGTAGAGGTGCAGGT-1,
CGGTATAGGTATTAGC-1,
CGGTATGGGCACTCTG-1,
CGGTCAAGTGGGAACC-1,
CGGTCCATGAGACTCC-1,
CGGTCCGTCGCAAGCC-1,
CGGTCTATCAACCCGT-1,
CGGTGAAGACTAAAGT-1,
CGGTGCAGATAGAACG-1,
CGGTGCGCGTTGGTCC-1,
CGGTGGGCTCCAGCCT-1,
CGGTGTACTTGATCCC-1,
CGGTTATCCAACAGTG-1,
CGGTTCAAGTAGGTGT-1,
CGGTTCCGGCTTCTTG-1,
CGGTTGACCTGGCATA-1,
CGGTTGAGTATCCTTC-1,
CGGTTGGGCAGGGTCC-1,
CGGTTGGGTTCAAGTT-1,
CGGTTTATGAAGGAAC-1,
CGTAAACGCTTGAGTG-1,GC
CGTAAAGCAAGAAATC-1,GC
CGTAAATAACAAAGGG-1,
CGTAACTTCGACACTT-1,
CGTACCTGATAGGCCT-1,
CGTAGAGAGTAATTAT-1,
CGTAGCGAATTGTCAG-1,
CGTAGCGCCGACGTTG-1,
CGTATTAAGAGATCTA-1,
CGTCAAGGCTATAAAT-1,
CGTCACGTCCATTGGT-1,
CGTCAGTGCGCACAAG-1,
CGTCAGTTTATCGTCT-1,GC
CGTCATACCATATCCA-1,
CGTCGCATGTGAGCCA-1,
CGTCGCTTGGTTATAC-1,
CGTCGGATAGTGTTGA-1,
CGTCGGGTCTAAGCGC-1,
CGTCGTCCTTCGCGAA-1,
CGTCTGGAAGGGCCCG-1,
CGTGAAGTTAATTCAC-1,
CGTGACATTGGGTCGT-1,
CGTGACCAGTCCTCTG-1,
CGTGCACACCACTGTA-1,GC
CGTGCAGACTGGGACA-1,
CGTGCATTGTCGACGC-1,
CGTGCCCGACATTTGT-1,GC
CGTGCCCTCCCGAAGA-1,
CGTGCTGGCCTAGTCG-1,GC
CGTGCTTCTACCTAAA-1,
CGTGGCCGAATATCTA-1,
CGTGGTACCCAAAGGC-1,
CGTGTATGGGAGCTGA-1,
CGTGTCCCATTCGCGA-1,
CGTGTCTCGTTACGAC-1,
CGTGTGTTAAACCCTG-1,
CGTTAAACTAGTTAGG-1,
CGTTAATGTCCCGACG-1,
CGTTAGCTCACAACTG-1,
CGTTCAAGGAAACGGA-1,
CGTTCAGACCCGCGAA-1,
CGTTCATGGTGCGCGT-1,
CGTTCTTCGCACACCT-1,
CGTTGAATACCGCGCT-1,
CGTTGAGCGACCGTCG-1,
CGTTGAGTAATTGCGT-1,
CGTTGCCCGCGTGGGA-1,
CGTTGTAAGATTGATT-1,GC
CGTTGTCGGCAATTGA-1,
CGTTGTTTCAATTCCC-1,GC
CGTTTAAGCGGAGCAC-1,
CGTTTACAAGGCAGCT-1,
CGTTTCACTTCGGGCG-1,
CGTTTCGCTCATTACA-1,
CGTTTGTGTAGAGGGT-1,
CTAAACGGGTGTAATC-1,
CTAAAGAATGCCTACT-1,
CTAAAGGATGAGATAC-1,
CTAAAGGGAAATAGGA-1,
CTAAAGTCCGAAGCTA-1,
CTAAATCCGGTGTACA-1,
CTAAATCCTATTCCGG-1,
CTAACAGCACAATAAC-1,
CTAACCGCGCGCCCGT-1,
CTAACGAAACTTGCTG-1,
CTAACTGATAATCGCC-1,
CTAACTGGTCCGGTTC-1,
CTAAGGGAATGATTGG-1,GC
CTAAGTACAGGGCTAC-1,
CTAATTCGCACGCGCT-1,
CTAATTCTCAGATATT-1,
CTAATTTCAACAACAC-1,
CTACAAGAAATAACCC-1,
CTACACTAGCTTGTTC-1,
CTACACTCGCAGATGG-1,
CTACATATCGCGGGAC-1,
CTACCCTAAGGTCATA-1,
CTACGAACTAGGTCGA-1,
CTACGACTAGCTATAA-1,
CTACGATCCTATCCTA-1,
CTACGCACGGAGTACC-1,
CTACGCCATTTCCGAT-1,
CTACGTGTTGCCACCA-1,
CTACTATCATAGGTTT-1,
CTACTATCTTTCAGAG-1,
CTACTCAAGGTATAGT-1,
CTACTCTAGGCCCGGC-1,
CTACTGCCACCTGACC-1,
CTAGACATATATGTAG-1,
CTAGACTGCATTTCGT-1,
CTAGATAAACTCCTCG-1,
CTAGATGTGAGTGTAA-1,GC
CTAGATTTACGACGGC-1,GC
CTAGCAACTAATTTAC-1,
CTAGCCACAGGCGAGC-1,
CTAGCCCGGGAGACGA-1,
CTAGCCGATGTTATGA-1,
CTAGGCGCCCTATCAG-1,
CTAGGCGGCAGAGAAT-1,
CTAGGGATAGGGACAA-1,
CTAGGTCTGAAGGAAT-1,
CTAGGTTCGGACGTGA-1,
CTAGTAGAAAGGGATT-1,
CTAGTATTCGGAATTA-1,
CTAGTCACGTCTTAAG-1,
CTAGTGAAGGACAGGA-1,
CTAGTTACAACCCGGT-1,
CTAGTTGGGCCCGGTA-1,
CTATAAGAGCCAATCG-1,
CTATACTTAAAGCGAG-1,
CTATAGGCGTTGATGT-1,
CTATATCCAGCCTGGC-1,
CTATCACAACGCTGGA-1,
CTATCGACGAAATACA-1,
CTATCGGGTCTCAACA-1,
CTATGAACACCTTGCC-1,GC
CTATGCCCGAATGCAA-1,
CTATGGGAAGCGGAAT-1,
CTATGTCACTAGCCCA-1,
CTATGTCTATTGAAAC-1,GC
CTATGTGAGTCACGGC-1,
CTATTCATGTGTCCCA-1,
CTATTGTGTTTGGTCA-1,
CTATTTGCTTGGAGGA-1,
CTATTTGGTTACGGAT-1,
CTCAAACCACTGCCCG-1,
CTCAACTAACCCGGAT-1,GC
CTCAAGACATTAGCGC-1,
CTCACATTTACTAAAT-1,
CTCACTGTGATACTTA-1,
CTCACTTGGCTGGTAA-1,
CTCAGAGCTAATGTCG-1,
CTCAGCAGACTGCCGA-1,
CTCAGGACTCACCTGT-1,
CTCAGTCACGACAAAT-1,
CTCATGGCTCACAATC-1,
CTCATGGTAATTTGCG-1,
CTCATTGCTCTAACAA-1,
CTCATTTGATGGGCGG-1,
CTCCCAATGAGTCGCG-1,
CTCCCTCCTTTCGATC-1,
CTCCGCCCACATGAGG-1,
CTCCGGCCTAATATGC-1,
CTCCGGCTTGTAGACA-1,GC
CTCCTAAGTTATGTCT-1,
CTCCTAGTAATCGTGA-1,
CTCCTCCAGCTCACAC-1,
CTCCTTTACGCAAGTC-1,
CTCGAATGGAACGTAT-1,
CTCGAGACATACGATA-1,
CTCGAGGCAAGTTTCA-1,
CTCGAGGTCGAACAGT-1,GC
CTCGATATTTGCGAGC-1,
CTCGCACCTATATAGT-1,
CTCGCATTGCATAGCC-1,
CTCGCCGAATGTAGGG-1,
CTCGCTAGGTAAGCGA-1,
CTCGGGCATCGTCGGG-1,
CTCGGGTTCTCTGGCC-1,
CTCGGTACCACTGCTC-1,
CTCGGTCCGTAGCCTG-1,
CTCGGTTGTCGGCCCT-1,
CTCGTCGAGGGCTCAT-1,
CTCGTCTGTGCCTTCG-1,
CTCGTGGCACTGAAAG-1,
CTCGTTACGGCTACCA-1,
CTCGTTTCTAATGTTT-1,
CTCTAACACCGGCAGC-1,GC
CTCTAATGCATTGATC-1,
CTCTACACTGGCGATT-1,
CTCTACATCCTGCGTG-1,
CTCTAGCCCTCGGAAA-1,GC
CTCTATTTGGCTGCAG-1,
CTCTCACAATCGATGA-1,
CTCTCGATGTGCGCCT-1,GC
CTCTCTAACTGCCTAG-1,
CTCTGCAGGCATTCTT-1,
CTCTGCGAAGCAAGCA-1,
CTCTGGACGCCTGGTG-1,
CTCTGTCCATGCACCA-1,
CTCTGTGCCTGCTATG-1,
CTCTGTTTGAGGATTC-1,
CTCTTCTATTGACTGG-1,
CTCTTCTGGAAGTTAG-1,
CTCTTGTCCCGCTTGG-1,
CTGAAAGAGATCCGAC-1,GC
CTGAATCCGAGACCTC-1,
CTGAATTTATTGCCAG-1,
CTGACTGCGCAGCTCG-1,GC
CTGAGAAAGTTCGGCG-1,
CTGAGCAAGTAACAAG-1,
CTGATAGTGTATCTCA-1,
CTGATCCCTTTATGCA-1,GC
CTGCAAATGGGCTCCA-1,GC
CTGCAAGCACGTTCCG-1,
CTGCACAACTACATAT-1,
CTGCACCTAGTCCACA-1,
CTGCACCTGGAACCGC-1,
CTGCACTCCAGTACAG-1,
CTGCAGAGAATCAGAG-1,
CTGCCAAGGTTGGAAG-1,
CTGCCATGCATCACAT-1,
CTGCCTAGCCACCAAG-1,
CTGCCTTTAATACCTT-1,
CTGCCTTTCTAGTAAA-1,
CTGCGACCTCGCCGAA-1,
CTGCGATTTCGAGATT-1,
CTGCGGGTGAAATGTT-1,
CTGCGGTAGTCACGTG-1,
CTGCGTTACGATATAA-1,
CTGCTCTGACGGCAAA-1,
CTGCTGAGGCCACGAA-1,
CTGCTTGGCGATAGCT-1,
CTGCTTTATGTCCGCG-1,
CTGGAAATGGATGCTT-1,
CTGGAAGACACGGTGG-1,
CTGGACGCAGTCCGGC-1,
CTGGATTTACACTTGA-1,
CTGGCATCCGAATGAG-1,
CTGGCGACATAAGTCC-1,
CTGGCGCACAGGTCTG-1,
CTGGCGGGAATAAGTA-1,
CTGGCTCCTGCGGGAT-1,
CTGGCTGATTCATCCT-1,
CTGGCTGCTAACGTAA-1,
CTGGCTGGTTGTCAGT-1,
CTGGGATAAATAATGG-1,
CTGGGATACGCTACCC-1,
CTGGGATCGCCCAGAT-1,GC
CTGGGCCTGCTATATC-1,
CTGGGCGGCCAAATGT-1,
CTGGGCTATCCTTTGG-1,
CTGGGTAGGCAGTTAA-1,
CTGGGTTGAGTTAAAG-1,
CTGGTAAAGTGTGGGC-1,
CTGGTAACACATAGAA-1,GC
CTGGTAACGAGCTCTT-1,
CTGGTCATTCCAATCC-1,
CTGGTCCTAACTTGGC-1,
CTGGTGAATGGGCCTA-1,GC
CTGGTTCAACGCATCA-1,
CTGGTTTCGAGCAAGA-1,
CTGTACTTCTTAGCAT-1,
CTGTAGCCATCTCACT-1,
CTGTAGTGAGGATCGA-1,
CTGTATGGTGTAGAAA-1,
CTGTCAAATGGCTCGG-1,
CTGTCACGCCAGGCGC-1,
CTGTGCAGGGTAGGTC-1,GC
CTGTGGTCGGGAGATA-1,
CTGTTACCCAATCTAG-1,
CTGTTCACTGCCTGTG-1,GC
CTGTTCATCTCACGGG-1,
CTGTTGTTCAGTCGTA-1,
CTTAACTTCGAAGTAC-1,
CTTAATCGACTTAGTA-1,
CTTACACGGTATTCCA-1,
CTTACACTGGGAAATA-1,
CTTACATAGATTTCTT-1,
CTTAGATGTTTCATCC-1,
CTTAGCCTTCCACATG-1,
CTTAGGTATAGACCAG-1,GC
CTTAGTAGGCCTACAG-1,GC
CTTAGTGTAGTAGCAT-1,GC
CTTAGTTGAGGAATCG-1,
CTTATGCGCTCAGGGC-1,
CTTATGTTGACTACCA-1,
CTTCAACTCCACTTGG-1,
CTTCACGCCCTGGTAC-1,
CTTCAGTGGTCGCCTA-1,
CTTCAGTTGGACAACG-1,GC
CTTCATAGCTCAAGAA-1,
CTTCATCACCAGGGCT-1,GC
CTTCATTGTCAGTGGA-1,
CTTCCGCTCCGTGAAG-1,
CTTCGATTGCGCAAGC-1,
CTTCGGCCAATTGTTT-1,
CTTCGTAGATAGGTGA-1,GC
CTTCGTGCCCGCATCG-1,GC
CTTCTATGTTGAAGTA-1,
CTTCTATTAATGCTAG-1,
CTTCTGGGCGTACCTA-1,
CTTCTTACGTCGTATA-1,
CTTGACCCGAAAGATA-1,
CTTGAGGTTATCCCGA-1,
CTTGAGTTAGGGTAAT-1,
CTTGCAACCGCCTCCT-1,
CTTGCCCAGGCTCTAC-1,
CTTGGCCAAGCTGGGA-1,
CTTGTACTTGTTGACT-1,
CTTGTCAACATTCGAG-1,
CTTGTCGTACGTGTCA-1,GC
CTTGTGAGTCTTTGAC-1,
CTTGTGCTCACCGATT-1,
CTTGTTGCTGAGTCAA-1,
CTTGTTTATGTAGCCA-1,
CTTTAACTTTCAAAGG-1,
CTTTAATATTGGTCGA-1,
CTTTACCGAATAGTAG-1,
CTTTAGGAACACTGTT-1,GC
CTTTAGTGCTATTATT-1,GC
CTTTATCCGACGCATG-1,
CTTTCTGTGCGGGCTT-1,
CTTTGAAACATATTCC-1,
CTTTGCATCGCTCTTG-1,
CTTTGGCAGACAGAGT-1,
CTTTGGCGCTTTATAC-1,
CTTTGGCTTTAGTAAA-1,
CTTTGGGATTGTTGCA-1,
CTTTGTCGAATGCTCC-1,
GAAACAGATGACCACC-1,
GAAACAGCCATGCAGT-1,
GAAACATAGGAAACAG-1,
GAAACCATGGTGCGCT-1,GC
GAAACCGAATTACCTT-1,
GAAACCTATACAAATG-1,
GAAACTCGTGCGATGC-1,
GAAACTCTAATGAAGG-1,
GAAAGAACAGCGTTAT-1,
GAAAGCAGTGCACTTT-1,
GAAAGCCCTTTGGACC-1,GC
GAAAGTGACTAACTGC-1,
GAAATACCTGCTGGCT-1,
GAAATACTAAACGTTT-1,
GAAATATCACCATCAG-1,
GAAATATGCTTGAATG-1,
GAAATCGCGCGCAACT-1,
GAAATGGCGGTGTTAG-1,
GAAATGGGATGTAAAC-1,
GAAATTAGCACGGATA-1,
GAAATTCACATCGCTG-1,
GAAATTGTCTCTATAA-1,
GAACAACTGGGATGAA-1,
GAACACACATCAACCA-1,
GAACAGATTACTAAAT-1,
GAACCATCTGGGAGAC-1,
GAACCCTCTGTGTTCT-1,
GAACCTCGACCTACAC-1,
GAACCTTTAACGATCC-1,
GAACGACCGAATGATA-1,
GAACGCGGGTCACACG-1,
GAACGTCTCATGGTCG-1,
GAACGTTAGGAAGACG-1,
GAACTGTGGAGAGACA-1,
GAACTTAGCGCCCGGT-1,
GAAGAAACGATATTGT-1,
GAAGAACGGTGCAGGT-1,
GAAGACTTCAATGCCG-1,GC
GAAGCAAGGCAATGTT-1,
GAAGCCACTGATTATG-1,
GAAGCCTGCACATTCC-1,
GAAGCTCGGACCCGTC-1,
GAAGCTTGCTGACCGC-1,
GAAGGAGTCGAGTGCG-1,
GAAGGGTCATTAAGAC-1,
GAAGTCAGTTGCACTA-1,
GAAGTCTCCCTAGCGA-1,
GAAGTGATTTATCGTG-1,
GAAGTGCTGGATAGCT-1,
GAAGTTTCCACTCAAT-1,
GAATAGACGCGACCCA-1,
GAATAGCCCTGCGGTC-1,
GAATAGTGCTCGATTA-1,
GAATATTCGGAGTCCC-1,
GAATCGACATGGTCAC-1,
GAATCGCCGGACACGG-1,
GAATCTATACTCGGAC-1,
GAATCTGAACATTCTC-1,GC
GAATGAAGGTCTTCAG-1,
GAATGCCGAAATGACC-1,
GAATGCGAATCGGTTC-1,GC
GAATGTATGGCAGGTC-1,
GAATGTGGTCCGGATT-1,
GAATGTTGGGTAATCT-1,
GAATTATAGTGAAAGG-1,
GAATTCACCCGGGTGT-1,
GAATTTCTCGCTGCAG-1,
GACAAACATATGCAGG-1,
GACAACGACCATTGAA-1,
GACAACGCAGCTTACG-1,
GACACAAGGGAAGAAA-1,
GACACCCAAAGACGCG-1,
GACACGAGTTAGAGGA-1,
GACACTGAGTTCAGTG-1,GC
GACACTGGAACCCGAT-1,
GACAGAGGTCTTCAGT-1,
GACAGATTTCTGGCTC-1,
GACAGCCAGACCTGAC-1,GC
GACAGGCACACACTAT-1,
GACAGGTAATCCGTGT-1,
GACATCCGTCGAACTG-1,
GACATCGATTTATAAC-1,
GACATTTCGCCCAGCC-1,
GACCACACTTCCCTTT-1,
GACCAGAGCCCTGTAG-1,
GACCAGGTCATTCATA-1,
GACCCAATTATGATAC-1,
GACCCGTCGCCGGCTA-1,
GACCGACGTGAAAGCA-1,
GACCGACTGAAGCGTC-1,
GACCGATTAAATATGT-1,
GACCGCGTCTGACGTG-1,
GACCGTCAGGTCGTGA-1,
GACCGTGCTGACGGTG-1,
GACCTTCCACGTCTAC-1,
GACGACGATCCGCGTT-1,
GACGAGGCTAATAAAC-1,
GACGATATCACTGGGT-1,
GACGCATACCCGTCGG-1,
GACGCCGTAAAGGCTA-1,
GACGCCTGTTGCAGGG-1,
GACGCTTGCTTCTAAA-1,
GACGGACCGCGTTCCT-1,GC
GACGGGATGTCTTATG-1,GC
GACGGGTTGGCCCGTA-1,
GACGGTCAATAGAAGC-1,
GACGTGAGACTCCATG-1,
GACGTGTAGGGATTAT-1,
GACGTTCGTAAATACA-1,
GACGTTGCTCGGCGGC-1,
GACTAACACAGCACCT-1,
GACTAAGATCATGCAC-1,
GACTAAGTAGGCTCAC-1,
GACTACAAAGCGGTGG-1,
GACTACAATTGCTCGT-1,
GACTAGGCCGTTAGGT-1,
GACTCACCCACGTGAG-1,
GACTCCCAGAATAAGG-1,GC
GACTCCTTCCAATTGA-1,
GACTCGCGGGAATGAC-1,
GACTCGGTCGGCGGAT-1,
GACTCTAGAGTTCCAA-1,
GACTGATTGGTCACAA-1,
GACTGCAAATCGAGCT-1,
GACTGCACCAGCCCAG-1,
GACTGCGGCACGTGTA-1,
GACTGCTGGTGAGAAA-1,
GACTGGGCGCCGCAAC-1,
GACTTCAACGCATCAA-1,
GACTTTCGAGCGGTTC-1,
GAGAACGGTTCTGACT-1,
GAGACCCTGCAACGCC-1,
GAGACTGATGGGTAGA-1,
GAGACTTCGCGACCGA-1,
GAGAGGCCTATGTGTA-1,
GAGAGGGCGCGAGGTT-1,
GAGAGGTGCATTCTGG-1,
GAGAGTCTCGGGAGAG-1,
GAGATCTGCTTGGCAT-1,GC
GAGATCTGTCACTCCG-1,
GAGATCTTCCATGACA-1,
GAGATGGCTTTAATCA-1,
GAGATGGGAGTCGACA-1,
GAGCACCTGTGTCCAG-1,
GAGCATCAACAACTTG-1,
GAGCATCATCCCTGGG-1,
GAGCCACGGTAGTAGG-1,
GAGCCAGCTACCTGTG-1,
GAGCCGAGCGTTTATT-1,
GAGCGAGGGAGTACCG-1,
GAGCGCAAATACTCCG-1,
GAGCGCGCACGAGTAG-1,
GAGCGCTGTTAGGTAA-1,
GAGCGGAATGCGGTGT-1,
GAGCTAAGGGCATATC-1,
GAGCTCAACATGAGCG-1,
GAGCTCTCGGACCTAA-1,
GAGGAATATCTCTTTG-1,
GAGGAATGGAGAGGTT-1,
GAGGAGTAATTCCTAC-1,
GAGGATAAACAGTGCT-1,
GAGGCCCGACTCCGCA-1,
GAGGCCTGTTGATACA-1,
GAGGCTATCAAAGTCG-1,
GAGGGAGTCAGATCGC-1,
GAGGGCATCGCGTATC-1,
GAGGGCGCAGCTCTGC-1,
GAGGGTAGTAACAAAG-1,
GAGGTACATCCATCTT-1,GC
GAGGTACGCGTGTCCC-1,
GAGGTCCCAAAGATCT-1,
GAGGTCCGTTCGCTGT-1,
GAGGTCTTAGTGGGTC-1,
GAGTAAACCGGAAAGT-1,
GAGTAAGGCCACGGGA-1,
GAGTACGGGTATACAA-1,
GAGTAGATACTAGTTG-1,
GAGTATACCCTAATCA-1,GC
GAGTATGCCCGCCTTG-1,
GAGTATGCGCGTGCAT-1,
GAGTCAGACCAGAATC-1,
GAGTCCACCAGGTTTA-1,
GAGTCCGCTTACCGGA-1,
GAGTGTCAACCAGAAA-1,GC
GAGTGTGCGGTACCCA-1,
GAGTTCTGTGGGTGCT-1,
GAGTTGATGGCAATTT-1,
GAGTTGTCACCAGTCT-1,
GATAAATCGGTGGATG-1,
GATAACTCGCACTGTG-1,GC
GATAAGGCAGATGCAA-1,
GATACGATGGGAGTCA-1,GC
GATAGAACCCGCTAGG-1,
GATAGATAGTACAGTC-1,
GATAGGTAACGTTGAC-1,
GATAGTGCGAGTAAGT-1,
GATATCAAGCAGGAGC-1,
GATATCTCATGCAATA-1,GC
GATATGAGACACTAAC-1,
GATATGCGGTAGCCAA-1,
GATATGGATTACGCGG-1,
GATATTGAGATTGGCG-1,
GATATTTCCTACATGG-1,
GATCAACATAAAGGGA-1,
GATCATTCCAAACATT-1,
GATCCCTTTATACTGC-1,GC
GATCCGGGAATTAACA-1,
GATCCTAAATCGGGAC-1,
GATCCTCGACACTGGC-1,
GATCCTCTTGCGCTTA-1,
GATCGACACTATCTGA-1,
GATCGCGGGCTCTCCA-1,
GATCGCTACCCGATTT-1,
GATCGCTATATCTCAG-1,
GATCGCTGTGGTGCGT-1,
GATCGGATAGAACCAT-1,
GATCGGCGATAAGTCG-1,
GATCGGTGGCCATAAC-1,
GATCGTGACTGATATC-1,
GATCTAACCGTATTCA-1,
GATCTCGACGCTGTGG-1,
GATCTGCTATCTAAGG-1,
GATCTTGGAGGGCATA-1,GC
GATCTTTGCAGGGTAT-1,GC
GATGACAAGTAGGGCA-1,
GATGACGATGATCGCG-1,GC
GATGAGGAACCTTCGG-1,
GATGATTTGAAACTGG-1,GC
GATGCCACACTACAGC-1,GC
GATGCCAGCAGAAGGC-1,
GATGCCTTCTGCGGCA-1,
GATGCGTCCTGCATTC-1,
GATGCTACAAGCGCCT-1,
GATGCTACCTTCGATG-1,
GATGCTGTATTTCATC-1,GC
GATGGCGCACACATTA-1,
GATGGTGCCCTAGGCA-1,
GATGTAACGAACCACC-1,
GATGTCCGGATCACAT-1,
GATGTCGGTCAACTGC-1,
GATGTGTTGTCACAAG-1,
GATGTTCAATCCACGA-1,GC
GATGTTTGTGCGAGAT-1,
GATTAACCGAAAGCCC-1,
GATTAATCCTGGCTCA-1,
GATTACTGAATTTGGG-1,
GATTAGAAACAAGCGT-1,
GATTATCTTGCATTAT-1,
GATTCCCTTGTCGCAG-1,
GATTCCGCGTTTCCGT-1,
GATTCCTATACGGCGC-1,
GATTCGACGGTTCACG-1,GC
GATTCTGTTAATGAGT-1,
GATTGACACTCTGCTC-1,GC
GATTGCTCCAGTTGCA-1,
GATTGGGAAAGGTTGT-1,
GATTTGCGCTAACACC-1,
GCAAACCCTACATTAT-1,
GCAAACCTTGGCCATA-1,
GCAAACGTCGCCAGGT-1,
GCAAAGGGCGTTAGCC-1,
GCAAATATTACGCTTT-1,GC
GCAACACACTAGAACT-1,
GCAACAGCAGTATGCG-1,
GCAACCACCAGACCGG-1,
GCAACCACGGCCGCGT-1,
GCAACGGCTAGTTATG-1,
GCAAGAATTCCTTGGC-1,
GCAAGATGTGTTCGCG-1,
GCAAGTGCACAGAGAA-1,
GCAAGTGTAAAGCATG-1,
GCACAAACCCTAGATG-1,
GCACAAACGAGGCGTG-1,
GCACAACCTCGGGCGT-1,
GCACAAGTGTCGGAAG-1,
GCACACACTGGTAGCC-1,
GCACACAGCTATTACC-1,
GCACACGCCCATGGTC-1,
GCACAGCACGGGCCGA-1,
GCACGCCGATTCCCGC-1,
GCACGCCTACTTAGAT-1,
GCACGTGGTTTACTTA-1,
GCACTAGTCGCGCTAT-1,
GCACTCCCACAGTCCC-1,
GCACTGCCTACCTTTA-1,
GCACTGTGCAAATGTA-1,
GCAGACCCAGCACGTA-1,
GCAGATCCATAAGACT-1,
GCAGATCCTCGCAAAT-1,
GCAGATTAGGGATATC-1,
GCAGCACACAGCCCAG-1,
GCAGCCTATATCACAT-1,
GCAGCGGTGGGCATTA-1,
GCAGCTATGGACAGGT-1,
GCAGCTGTCAACGCAT-1,
GCAGGAACTTAGATCT-1,
GCAGGACTATAGAATA-1,
GCAGGTAGAGTATGGT-1,
GCAGTGTGGCTATAGG-1,
GCATACGAGGTCTTTA-1,
GCATAGAGCACTCAGG-1,
GCATCCCTAACTTTGA-1,
GCATCGGCCGTGTAGG-1,
GCATGAGGGACGCGGC-1,
GCATGCTAATAACGAT-1,
GCATTCAAGGCAACGC-1,GC
GCATTCGAAATGAACA-1,
GCATTGACTTGCGGAA-1,
GCATTGTAATTCATAT-1,GC
GCATTTCCAAGGCTCC-1,
GCCAACCATTTCCGGA-1,
GCCAAGAATACTTCTG-1,
GCCAATAGGGCATCTC-1,
GCCACAATTTAAGGAC-1,
GCCACTCAGAGCGCGA-1,
GCCAGGAAAGAACACT-1,
GCCAGGAGTAACCGAT-1,
GCCAGGCGTTCGCATG-1,
GCCATATTGCACACAG-1,
GCCATCGAGCTGCGTG-1,
GCCATCGATGCTGCAT-1,
GCCATTAGCCTCAAAC-1,
GCCCACCAAGGCTGTC-1,
GCCCAGTTGGTATGCC-1,
GCCCATGGGTGCAATG-1,
GCCCGACTTCTTCCCG-1,
GCCCGAGAGTCTAAAT-1,
GCCCGATCTGTGGTCG-1,
GCCCGATGCCCAGTTC-1,
GCCCGCGCGTAAACGG-1,
GCCCGCGCGTTTGACA-1,
GCCCGTAATACCTTCT-1,
GCCCGTTCACACAATT-1,
GCCCTAAGTGCAGGAT-1,
GCCCTAGCCGTCGCGA-1,
GCCCTGAGGATGGGCT-1,
GCCGAAATTCCTACGT-1,
GCCGACCCACGACTGC-1,
GCCGATTGGCCAAGCT-1,
GCCGCATTAGTCCGGC-1,
GCCGCTAGATACGCAG-1,
GCCGCTTGTGAGAAAC-1,GC
GCCGGAAACACATCTT-1,
GCCGGGTTAGGGTCGC-1,
GCCGGTCGTATCTCTC-1,
GCCGGTTTGGGCGGAT-1,
GCCGTCGGTTTCGGGC-1,
GCCGTGGAAGAAATGT-1,
GCCTACGTTCTGTGCA-1,
GCCTAGCGATCTGACC-1,
GCCTATAGTGTCAGGG-1,
GCCTATGCTGGGCCTT-1,GC
GCCTATTCCGATATAG-1,
GCCTATTTGCTACACA-1,
GCCTCAGGTACCGGTC-1,
GCCTCATCTGGAAATA-1,
GCCTCCGACAATTCAC-1,
GCCTCTATACATAGCA-1,
GCCTGCTACACTGAGA-1,
GCCTGTCCCGGTGCAT-1,
GCCTTCAGCCCTACCG-1,
GCCTTGTATATGCAGT-1,
GCCTTTGTCAGTGGAC-1,GC
GCGAAACGATCGGGAG-1,
GCGAAACTTAACTGGA-1,
GCGAAGAATCTGACGG-1,
GCGAAGCCATACCCGT-1,
GCGAATGGACTAGCGA-1,
GCGACATGTAAACATC-1,
GCGACCCAACCATCTG-1,
GCGACGATAGTTGTAC-1,
GCGACGGTAGTCTCCT-1,
GCGAGAGGCCATGTAA-1,
GCGAGAGTTGCGTCCA-1,GC
GCGAGCGCATGCTCCC-1,
GCGAGGCCCGAGCAGA-1,
GCGAGTTCTGCAAAGA-1,
GCGATTCTGGAAGCAG-1,
GCGATTGTTAACGTTA-1,
GCGCAAATATATTCAA-1,
GCGCAAGAGCGCGCTG-1,
GCGCATCCAGTCAGCA-1,
GCGCCGTTCCACGATA-1,GC
GCGCCTCCCACTCCGA-1,
GCGCGATGGGTCAAGT-1,
GCGCGGTCTAGTAACT-1,
GCGCGTCATTGGTACA-1,
GCGCTAAGTATGCATG-1,
GCGCTAATTGAATAGA-1,
GCGCTATGCCGAGGCA-1,
GCGCTGATCCAGACTC-1,
GCGCTGCTTTGCATTT-1,
GCGCTTAAATAATTGG-1,
GCGGACCGCGTTGTGG-1,
GCGGAGAAACTTCGCA-1,
GCGGAGAGGGAGAACG-1,
GCGGCAAAGTATTGCC-1,
GCGGCTCTGACGTACC-1,
GCGGCTTTAGCAAGTT-1,
GCGGGAACCAGGCCCT-1,
GCGGGCAGACGGGTGA-1,
GCGGGCATTACGATGC-1,
GCGGGCGAGCCTTACC-1,
GCGGTAACCCAAATGA-1,
GCGGTCCCTAGACGCA-1,
GCGGTCTTGCTTTCAC-1,
GCGGTGAACTGCGCTC-1,
GCGGTTCCCTATCATG-1,
GCGTAAATGGCCATAA-1,
GCGTCCAGCTCGTGGC-1,
GCGTCCCTAAGACATA-1,
GCGTCGAAATGTCGGT-1,
GCGTCGCCAGGGTGAT-1,
GCGTCGTAACATGGTC-1,
GCGTCTCTGCATTGGG-1,
GCGTGGTACTGGGTTA-1,
GCGTGTATGTCGTATT-1,GC
GCGTTATATTTGGAAC-1,
GCTAAACCTGAGGTGA-1,
GCTAACTGAAGTCTGA-1,
GCTAAGTAAAGGCGAT-1,
GCTAAGTAGTTTCTCT-1,
GCTAATACCGAATGCC-1,
GCTACAATCGAGGATA-1,
GCTACACTGTCCGAAC-1,GC
GCTACAGTACGGACCG-1,
GCTACGACTTATTGGG-1,GC
GCTACTATAGTAGAGT-1,
GCTAGACCGTCTACTG-1,
GCTAGAGTAGAGATGT-1,
GCTAGCAACGCACCTA-1,
GCTAGCAGGGAGTGGG-1,
GCTAGCGATAGGTCTT-1,
GCTAGCTTGAATAGCT-1,
GCTAGGCACCACGGAG-1,
GCTAGTAGAGCTTGTA-1,
GCTAGTTTCATTGAGG-1,
GCTATACGTCTCGGAC-1,
GCTATCATACTCATGG-1,
GCTATCGCGGCGCAAC-1,
GCTCAATCCGTTTATT-1,
GCTCAATGTAATACCG-1,
GCTCATTACTGCATGT-1,GC
GCTCATTGATCATATC-1,
GCTCCATGCAAAGCAA-1,
GCTCCCAGTCGGTCCA-1,
GCTCCGCTCGCTTCAG-1,
GCTCCTGACATACTGG-1,
GCTCGACCGAACTGAA-1,
GCTCGCGGTTCCGCTC-1,
GCTCGCTCATGTCCAA-1,
GCTCGGAATTTAAAGC-1,
GCTCTAAACCCTGACG-1,
GCTCTATGTTACGTGC-1,
GCTCTCGGGTACCGAA-1,
GCTCTTTCCGCTAGTG-1,
GCTGAATCTTCCAATC-1,
GCTGAGGCGTGAGTAT-1,
GCTGCACGGTTTCTTA-1,
GCTGCGAAGAATTATT-1,
GCTGCTAAGTAGTCGA-1,
GCTGCTACTGCGTAGC-1,
GCTGCTCTCCGGACAC-1,
GCTGGACCCAAAGTGG-1,
GCTGGCATATTCACCT-1,
GCTGGCGGCGCATGCT-1,
GCTGGGAGCGCGTCAA-1,
GCTGGTGACTCGTAGT-1,
GCTGGTTTAGGCCATA-1,
GCTGTATTACTGGCCC-1,
GCTGTCTGTGATCGAC-1,
GCTGTTGCTACCGAAC-1,
GCTTAATGTAACTAAC-1,
GCTTACGTAGTTAGTA-1,
GCTTATGAAGCAGGAA-1,
GCTTCAGTGGGATTAC-1,
GCTTCCCGTAAGCTCC-1,
GCTTCCGTCCCTAGAC-1,
GCTTCGACGTTCAATC-1,
GCTTGATGATAATCAG-1,
GCTTGCAGCACAATTG-1,GC
GCTTGGATCGATTAGG-1,
GCTTTACACAACTGGG-1,
GCTTTATTAAGTTACC-1,
GCTTTCAGAGGAGGTG-1,
GGAAACAGAGCTTGGG-1,
GGAAACTAAATGGGCC-1,
GGAAAGGGAATTGAGC-1,
GGAAAGTCTTGATTGT-1,
GGAAAGTGCCCATGCC-1,
GGAACCGTGTAAATTG-1,
GGAACCTTGACTCTGC-1,
GGAACGGCCTGCAGCC-1,
GGAACTCGTGAATACG-1,
GGAACTTTGGCGATTA-1,
GGAAGCTCGCTTACAG-1,
GGAAGGACACCGTATA-1,
GGAATAACCTCAAGAA-1,GC
GGAATGCGCTAGCGTG-1,
GGACACAAGTTTACAC-1,
GGACACCTCGGTGTTG-1,
GGACCAACAGGATAAC-1,
GGACCTACGGTAACGT-1,
GGACCTCTAGGCCGCC-1,
GGACGGCTTGCGCAAC-1,
GGACGGGCGACCAACC-1,
GGACGTCCATAGTTGG-1,
GGACTCGACAGCGCAT-1,
GGACTCGTGAGTGGTC-1,
GGACTCTTTGACTAAG-1,
GGAGAAGTCATTGGCA-1,
GGAGACCAATGTGCTT-1,
GGAGACCATCTACATA-1,
GGAGACGACACCTTTG-1,GC
GGAGCAACATTTCAAG-1,
GGAGCACCAAGAACTA-1,
GGAGCGAGGCCTACTT-1,
GGAGGATTGAAAGGAG-1,
GGAGGCCGAAGTCGTC-1,
GGAGGGCTTGGTTGGC-1,GC
GGAGGGTCAAGTAAGA-1,
GGAGTGCCGCCCTGGA-1,
GGATACTCATGAATTG-1,
GGATCAAAGGACGAGG-1,
GGATCATCCCGTACGC-1,
GGATCCGGAATATACT-1,
GGATCTACCGTTCGTC-1,
GGATCTTACTGCCCTT-1,
GGATCTTGACTCAACC-1,
GGATGAAGATCGCTGA-1,
GGATGACGCGAGTTTA-1,
GGATGCTGGCGTTCCT-1,
GGATGTCCTTACCGCA-1,
GGATTAAGCTAAGGTC-1,
GGATTAATCATGGACC-1,
GGATTCAGTACGGTGG-1,
GGATTCCGCTATACCC-1,
GGATTGCTGTGACTCC-1,
GGATTTCACTTCTATA-1,
GGCAAAGGCGCCAATA-1,
GGCAAATTACTTTACT-1,
GGCAAGCCCATAGTGG-1,
GGCAAGGCGAAATAGC-1,
GGCAATAGTCAATGAG-1,
GGCACTCCACTGGGCA-1,
GGCAGCAAACCTATGC-1,
GGCAGCGGTAATCCTA-1,
GGCATACAGGTAGCGG-1,
GGCATATCGGTTCTGC-1,
GGCATCAACGAGCACG-1,
GGCATTGAACATCTCA-1,
GGCCACAAGCGATGGC-1,
GGCCCAGCTGGTTTGC-1,
GGCCCAGTTATCAGCA-1,
GGCCCGGAGCATGTCT-1,
GGCCCTCACCCACTTA-1,
GGCCGAGACTCTGGTG-1,
GGCCGCAGGAACCGCA-1,
GGCCGGCGTCTGCTAT-1,
GGCCGTTTGGGTTTCA-1,
GGCCTGCTCTGATGTT-1,
GGCCTGCTTCTCCCGA-1,
GGCGAAATCTAACTTG-1,
GGCGAGCATCGAGGAC-1,GC
GGCGAGCGAAACGGCA-1,
GGCGCAGGACATCTTC-1,
GGCGCATGAATTGATG-1,
GGCGCGGAGATCTTTC-1,
GGCGCGTTCGAGTTTA-1,
GGCGCTCCTCATCAAT-1,GC
GGCGCTTCATTCCCTG-1,
GGCGGAGTAATATTAG-1,
GGCGGTAGGATCATTG-1,
GGCGTACCCTATATAA-1,
GGCGTAGGGAAAGCTG-1,
GGCGTCCTATCCGCTG-1,
GGCTAAAGGGCGGGTC-1,
GGCTAATGATTGAAAT-1,
GGCTACTATACACTCC-1,
GGCTATTAAGTTGTAT-1,GC
GGCTCCTCCACCTGTT-1,
GGCTCGCGTTGAGGTA-1,
GGCTCGTGCCACCAGC-1,
GGCTCTGCTCCAACGC-1,
GGCTGAAATAGCAAAG-1,
GGCTGAGCATCGTAAG-1,
GGCTGGCAATCCCACG-1,
GGCTGGCTAGCTTAAA-1,
GGCTGTCCTACTGCGG-1,
GGCTTCTCGTGGGTGG-1,GC
GGCTTTCAATAAGGGT-1,
GGGAACCACCTGTTTC-1,GC
GGGAACGGGAGGTTAG-1,
GGGAACGGTTTCAGAT-1,
GGGAAGACGGTCTGTC-1,
GGGAAGGGCTTTCTCA-1,
GGGAATGAGCCCTCAC-1,
GGGACAGAGTTACTCC-1,
GGGACCCGTATATCTT-1,
GGGACTGCATAGATAG-1,
GGGAGAACTCACAGTA-1,
GGGAGCGACCGTAGTG-1,
GGGAGGATGCCCGAAA-1,
GGGAGTAATGGCTGGC-1,
GGGAGTTAATGAGGCG-1,
GGGATATTGATCGCCA-1,
GGGATGGACCCGCGTC-1,
GGGATGGTCGTAACCG-1,
GGGATTTACCGCACCT-1,GC
GGGCAACCGCACGTGC-1,
GGGCACGTAGTACTGT-1,
GGGCACTATTGACCAT-1,
GGGCAGAGCAATCGTT-1,
GGGCAGGATTTCTGTG-1,
GGGCAGTCAACGCCAA-1,
GGGCATGCATGTCGAG-1,
GGGCCCGTCTTAAACA-1,
GGGCCCTACGAAAGGG-1,
GGGCCGGCCGAAGTAC-1,
GGGCCTAAATGGGCTA-1,
GGGCCTATTTAAGTAT-1,
GGGCGATATGTGTGAA-1,GC
GGGCGGCAAATGAATT-1,
GGGCGGGTTCCCTACG-1,
GGGCGGTCCTATTGTC-1,
GGGCGTACATTTATAT-1,
GGGCGTCACCACGTAA-1,
GGGCGTCCACTGGCTC-1,
GGGCGTGGTTTCCCAG-1,
GGGCGTTTACATTCAT-1,
GGGCTACTATTTCGTG-1,
GGGCTATGATCGATGG-1,
GGGCTCATCGAACCCA-1,
GGGCTGCCTAGGGCGA-1,
GGGCTGGTTAGTCGCG-1,
GGGTAATGCTGTGTTT-1,GC
GGGTACCCACGGTCCT-1,
GGGTACTTCATGAACT-1,GC
GGGTATGTATGCACTT-1,
GGGTATTCTAGCAAAC-1,
GGGTCACCGTGACGGT-1,
GGGTCACGTGCTTATG-1,
GGGTCAGGAGCTAGAT-1,
GGGTCATGCGTACCAT-1,
GGGTCCTTGGAAGAAG-1,
GGGTCGTGGCAAGTGT-1,
GGGTCTATCGCTTTCC-1,
GGGTGACACCTTAACT-1,
GGGTGCATATGAAAGC-1,
GGGTGGTCCAGCCTGT-1,
GGGTGTTTCAGCTATG-1,
GGGTTAACATTTGAGT-1,
GGGTTCAGACGAACAA-1,
GGGTTTAGGATAGGAT-1,
GGTAAACTCTGCGCTG-1,
GGTAAATGTGCGTTAC-1,
GGTAACCGGGAGGATA-1,
GGTAACTATGTATCTG-1,
GGTACAAACATGCTAT-1,
GGTACACCAGATTTAT-1,
GGTACATCTGGGACGA-1,
GGTACCATTAAGACGG-1,
GGTAGAAGACCGCCTG-1,
GGTAGACCGTTGGGCG-1,
GGTAGGCCAATATCAC-1,
GGTAGTGCTCGCACCA-1,
GGTATAGTGACACATA-1,
GGTATTGCCGAGTTTA-1,
GGTCAAGACTACTTCG-1,
GGTCACGTTAGATTCA-1,
GGTCAGTGGGTCCCAC-1,
GGTCCACGTCTATTTG-1,
GGTCGGATAAACGGCG-1,
GGTCGGCCAGGAGCTT-1,
GGTCGGTAATTAGACA-1,
GGTCGGTCGTCCACAG-1,
GGTCGTAAGCTCGCAC-1,
GGTCTCCGTCCAGGTT-1,
GGTCTCTGAATGGACT-1,
GGTCTGAGAATCTGGA-1,GC
GGTCTTGAGCGCTCTT-1,
GGTGAAACCGGGAATG-1,
GGTGAACGGGCTAGCC-1,
GGTGAAGTACAGGGAT-1,
GGTGAGATGCAGATAA-1,
GGTGATAAGGAGCAGT-1,
GGTGATTTCATCTTGT-1,
GGTGCAGAGCCTATCG-1,
GGTGCATAAATGATTA-1,
GGTGCGGATAAGTGGC-1,
GGTGCTGATCACAAAG-1,
GGTGCTGGTACACATT-1,
GGTGGACCACGTGTTA-1,
GGTGGACTGCTCTGGC-1,
GGTGGGATTAGGTCCC-1,
GGTGTAAATCGATTGT-1,
GGTGTAGGTAAGTAAA-1,
GGTGTTCTGTTTCTAC-1,
GGTTACCACCCTCGGG-1,
GGTTACCGCTCCCTAC-1,
GGTTAGCTATATGTCT-1,
GGTTAGGCTTGGAGAA-1,
GGTTAGTTACGGCGCC-1,
GGTTCCACCCGCTTCT-1,
GGTTCCGTACGACTAA-1,
GGTTCGGATTATACTA-1,
GGTTCTACTCGTCTGA-1,
GGTTGTATCGTGAAAT-1,
GGTTGTGTAGCCTGGC-1,GC
GGTTTAATTACCATCG-1,
GGTTTAATTGAGCAGG-1,
GGTTTACAATCTCAAT-1,
GGTTTAGCCTTTCTTG-1,
GGTTTCAATCGGTCAG-1,
GGTTTGACAAGAAGCT-1,
GGTTTGAGTGCTGGAA-1,
GGTTTGTGACCTGAGG-1,
GTAACAGGTTAACGGC-1,
GTAACTACGTAGACCT-1,
GTAACTGCCCAAGGAG-1,
GTAACTTGCGGCAGTC-1,
GTAAGCGGGCAGTCAG-1,
GTAAGGATTTGTCGGA-1,
GTAAGTAACAGTCTGG-1,
GTAAGTAGGGTATACC-1,
GTAATAAAGGGCTCCC-1,GC
GTAATCTGATTCTTCG-1,
GTACACTTACCTGAAG-1,
GTACAGAGGCAAGGGT-1,
GTACGACGGCGCTGCG-1,
GTACGAGATTGCGACA-1,GC
GTACGCTTCATTGCAC-1,
GTACGTCACGTATTAA-1,
GTACGTTTGCCCGTCA-1,GC
GTACTAAGATTTGGAG-1,
GTACTACGGCCTCGTT-1,
GTACTCCCTTATCGCT-1,
GTACTCCTGGGTATGC-1,
GTACTGAGGTCGTAAC-1,
GTACTGCATGAAGCGT-1,
GTACTGGAGTTAGACC-1,
GTACTTGGGCACTTCT-1,
GTAGAAACGGGTGGAG-1,
GTAGACAACCGATGAA-1,
GTAGACACGCCTGACT-1,GC
GTAGACGTCGTTACAT-1,
GTAGAGGGAGACAAGT-1,
GTAGCCAAACATGGGA-1,
GTAGCGCTGTTGTAGT-1,
GTAGCGGCTATACACT-1,
GTAGCTAGTAAGCGCG-1,
GTAGCTCCGGGAGGCT-1,
GTAGCTTCCTCTTGTT-1,
GTAGGTGATCCGTGTA-1,
GTAGTCGCGGGAATCA-1,
GTAGTCTACGATATTG-1,
GTAGTGAGCAACCTCA-1,
GTAGTTCGAAGGCGAA-1,
GTAGTTTAAGCACACG-1,
GTATAGGACTCAGTAG-1,GC
GTATAGTGGCCCATGT-1,
GTATATGTTACGGCGG-1,
GTATCAAACGTTAGCT-1,
GTATCAAGGTACTTCC-1,
GTATCAGCTTGGGTTC-1,
GTATCCTTTGGTAACC-1,
GTATCTCAGTCTTGAC-1,
GTATCTCCCTAACTGT-1,GC
GTATCTCGGGCGCTTT-1,
GTATCTTGTTGCTCAC-1,
GTATCTTTCATAACCA-1,
GTATGAAATTTCACTC-1,
GTATGACGTGGGAAAC-1,
GTATGTGGGTCTAGTT-1,
GTATTAAGGCGTCTAA-1,
GTATTAGGGTTCGCGT-1,
GTATTCTGAGAAACGA-1,
GTATTCTTACCGTGCT-1,
GTCAAAGAAGTGGTGT-1,
GTCAAAGTTTACATAG-1,
GTCAACCAGGCCTATA-1,
GTCAAGCGGACTCGGG-1,
GTCAATTGTACTGAAG-1,
GTCACAAAGTTTCCAA-1,
GTCACCTGTCTATGTC-1,
GTCACTCTCCAAATCT-1,
GTCAGAATAGTCTATG-1,
GTCAGTTGTGCTCGTT-1,
GTCAGTTTGGTAGTCG-1,
GTCATCCCAAACTCAC-1,
GTCATGCACCTCCGTT-1,GC
GTCATGCGCGAGGGCT-1,
GTCATGGACATGACTA-1,
GTCATTAGAGCGAACG-1,
GTCATTGCATTGACCC-1,
GTCCAATATTTAGCCT-1,
GTCCACGTCGCATTCG-1,
GTCCAGGCACGTGTGC-1,
GTCCATTACTGCTACG-1,
GTCCCAACGTAAAGTA-1,
GTCCCGCGACGTTATG-1,
GTCCGGACCTGAAATT-1,
GTCCGGCTGAATTGCG-1,
GTCCGGGTTCACATTA-1,
GTCCGTTAGAGGGCCT-1,
GTCCTACAGGCGGCTC-1,
GTCCTACGAATAGTCT-1,
GTCCTACTCTACGGGC-1,
GTCCTAGGATACCTTA-1,
GTCCTTCTAGTGGGTT-1,
GTCCTTTAATGACTTC-1,
GTCGAATTTGGGCGCT-1,
GTCGCCGTTGTGTGTT-1,
GTCGCGTAACCCGTTG-1,
GTCGGAAGGATACCAG-1,
GTCGGATATCTCAGAC-1,
GTCGGATGTAGCGCGC-1,
GTCGGGAAGCAGAAAC-1,
GTCGTACCATCTCGGG-1,
GTCGTATTGGCGTACA-1,
GTCGTCAATTATAAGG-1,
GTCGTGTCTGGTCATC-1,GC
GTCGTTATTCGCTTAT-1,
GTCTACTCAATTACAA-1,
GTCTAGTGAGCCGCTT-1,
GTCTATACACGCATGG-1,
GTCTATCTGAGTTTCT-1,GC
GTCTATTGCATGCTCG-1,
GTCTATTGGTTCCGGT-1,
GTCTCAAGGCCCGGCT-1,
GTCTCCGCCTCAATAC-1,
GTCTCCTGCCAGTATG-1,
GTCTCGACTAAGTTTG-1,GC
GTCTCGATCTGCTTTC-1,
GTCTCGCCAACACGCC-1,
GTCTGCCGACTCGACG-1,GC
GTCTGGGCGGTCGAGA-1,
GTCTGTAGGTTGAACA-1,
GTCTTACCACGCCAAG-1,
GTCTTAGTACAGCCGG-1,
GTCTTGAGGAGCAGTG-1,
GTCTTGTAGCTATTCA-1,
GTGAAACGGCGCCACC-1,
GTGAAACGTGCTCCAC-1,
GTGAACTCCCATTCGA-1,
GTGAAGATTTCAAGTG-1,
GTGAAGCCGTATAGTC-1,
GTGAAGTCACGACTCG-1,
GTGACAGCTTCCCACT-1,
GTGACCGCACACTACG-1,
GTGACGAGGGTGACCC-1,
GTGACGCAGGTTTCAT-1,
GTGACTTCAGTAGTGC-1,
GTGAGATAACCTTATA-1,
GTGAGCGTGCTGCACT-1,
GTGAGGACACTTAAGG-1,
GTGAGGAGCGGTTGAG-1,
GTGAGTGGTACAACGC-1,
GTGATCAAGCGTGCAC-1,
GTGATCACTAACGCCT-1,
GTGATCATAGATCTGC-1,
GTGATCCTTGTCATGA-1,GC
GTGATGCACAACATCT-1,
GTGATTCGCCGCTCAA-1,
GTGCAACAAATGTGGC-1,
GTGCACCAGCTTCAAC-1,
GTGCACGAAAGTGACT-1,
GTGCCATCACACGGTG-1,
GTGCCCGTTCGGATTC-1,GC
GTGCCGCTTCAAAGGT-1,
GTGCCTCAGTGTACGG-1,
GTGCCTGAGACCAAAC-1,
GTGCGAAATCGAACAC-1,
GTGCGACAGGGAGTGT-1,
GTGCGCAGCTTGCTCC-1,
GTGCGCTTACAAATGA-1,
GTGCGGGACCATCGGC-1,
GTGCGGGTCTCCAAAT-1,GC
GTGCGTGTATATGAGC-1,GC
GTGCTATCCAGCTGGA-1,
GTGCTCAAGTACTGTC-1,
GTGCTGTTAGAACATA-1,GC
GTGCTTACATCAGCGC-1,
GTGGAACCTACATGCG-1,
GTGGACCAACCCGATT-1,
GTGGACGCATTTGTCC-1,
GTGGACGTGCTGAGAC-1,
GTGGAGCGTTTACCGA-1,
GTGGAGTCGGCGGTTG-1,
GTGGCAAACAGCGGCA-1,
GTGGCCGGTTTCTCGG-1,
GTGGCGGGCCGTAGCT-1,
GTGGCGGTCCCAGCGT-1,GC
GTGGCTGTTTCTGTTC-1,
GTGGGAACAAACCGGG-1,
GTGGGAAGACTGAATC-1,
GTGGGCTTAGACACAC-1,
GTGGTATAGTCTGCCG-1,
GTGGTCAGCGAAGTAT-1,GC
GTGGTGGCCAAGTGAA-1,
GTGGTTACTTCTTTCG-1,GC
GTGGTTTCCGCCTTTC-1,
GTGTACCTTGGCTACG-1,
GTGTATATCAGCGGGC-1,
GTGTATGACTTTAAAG-1,
GTGTCAGTGTACGTGG-1,
GTGTCCGATAAGGCAT-1,
GTGTCGTATAGCGTTC-1,
GTGTCGTATTCACCTT-1,
GTGTGAATAACTTAGG-1,
GTGTGAGCCGAGGTGC-1,GC
GTGTTACTATGCGTCC-1,
GTTAAAGTAGGACTGG-1,
GTTAACATCACTTAAA-1,
GTTAACTATGTTGTCA-1,
GTTAAGGGTGCGATGT-1,
GTTAAGTTAGAGTGGG-1,
GTTAATGTCTATCTTA-1,
GTTACAATTGGTGACG-1,
GTTACCTACAACTTGC-1,
GTTACGAAATCCACGC-1,
GTTACGGCCCGACTGC-1,
GTTACTTTGGGCCTAG-1,
GTTAGAGTGTGCCGCT-1,
GTTAGCCCATGACATC-1,
GTTAGCCGTAAATCAA-1,
GTTAGGCTACCCGTTT-1,
GTTATAATACGGTGAA-1,
GTTATATCAGGAGCCA-1,
GTTATATTATCTCCCT-1,
GTTATCAAGCTATCGA-1,
GTTATCACCTTCTGAA-1,
GTTATTAAATACGACC-1,
GTTATTAACGTGGGAG-1,
GTTCAATCTATGTCAA-1,
GTTCACAGGAGTCTAG-1,
GTTCAGTCGCCAAATG-1,
GTTCATCGTTTGGCTG-1,GC
GTTCCAAGACAGCGAC-1,
GTTCCAGTCTGACCAT-1,
GTTCCGTCCGCCTGCA-1,
GTTCGACAATTGTATA-1,
GTTCGCCATAAGTGCC-1,
GTTCGCTGAGACGTCT-1,
GTTCGGAGCACTCAAC-1,
GTTCGGATCGGGAACA-1,
GTTCGGGCGTACCATT-1,GC
GTTCGTCTAAAGAACT-1,
GTTCGTTGCGGACCAG-1,GC
GTTCTTCCCTCGATGT-1,
GTTCTTGTAACTCAAT-1,
GTTGAACCGGTTCCAT-1,
GTTGAGTCCCGCCGGT-1,
GTTGCACGGAGTTTCG-1,
GTTGCCCTAACGGGTG-1,
GTTGGACCGCATCAGG-1,
GTTGGATTCAGTGGCT-1,
GTTGGATTGAGAACAC-1,
GTTGGATTTGCGTTGG-1,
GTTGGTCATGCTATCC-1,
GTTGTAGATTTATGAG-1,
GTTGTCGTGTTAGTTG-1,
GTTGTTACATTGCGCT-1,
GTTTACGTTCCATCTG-1,
GTTTCAAACGAGTTGT-1,
GTTTCATATCGTCGCT-1,
GTTTCCTGGAGGGTGA-1,
GTTTCTAGAGGCGCGG-1,
GTTTCTGCAGTCTCCC-1,
GTTTGACCAAATCCTA-1,
GTTTGAGCGGTTATGT-1,
GTTTGGCCCAAGTTAT-1,
GTTTGGCCGCTCAGCG-1,
GTTTGGGCTTGTGAGC-1,
GTTTGGGTTTCGCCCG-1,
GTTTGGTAGGGTCAAC-1,
GTTTGGTGATCGGTGC-1,
TAAACCCAGGAGGGCA-1,
TAAAGACAACCCTTTA-1,
TAAAGAGCCCGAAACC-1,
TAAAGCGGTATTTCCA-1,
TAAAGCGTTAGGAGAA-1,
TAAAGCTGCAATAGGG-1,
TAAAGGAGAAACTAGT-1,
TAAAGTGCACGTCTCG-1,
TAAATGAATCCGTTTC-1,
TAAATGCCGTCTCATG-1,
TAAATTGTGGGTAAAG-1,
TAAATTTAGTAACACC-1,
TAACAAAGGGAGAAGC-1,
TAACAATATTTGTTGC-1,
TAACAGCGTTTGTGCT-1,
TAACAGGTTCCCTTAG-1,
TAACATACAATGTGGG-1,
TAACATACACGCGATC-1,
TAACCGCCCGCAGTGC-1,
TAACCTACCGTCCGAG-1,GC
TAACCTAGGGAGTCCA-1,
TAACGCTTTGAGAGCG-1,
TAACTATCGAAGGTCC-1,
TAACTATTACGCCAAA-1,GC
TAACTCATCCGCGCGG-1,
TAACTCCATGGAGGCT-1,
TAAGAGGGACAGGGAC-1,GC
TAAGATTTAGCGGGAG-1,
TAAGCAGGCGACACGC-1,GC
TAAGCCCTTACGACCA-1,
TAAGCGCGAATCAAAT-1,
TAAGGAACTTGTGGGA-1,
TAAGGCAACATAAGAT-1,
TAAGGCATAACATCAA-1,
TAAGGCCCGTCACCCT-1,
TAAGGCTGAATCCCTC-1,
TAAGGGCCTGTCCGAT-1,
TAAGGGCTGGGAGAGG-1,
TAAGTAAATGTGCCGC-1,
TAAGTAACATCTTGAC-1,
TAAGTCGCCGAGTATC-1,
TAAGTGAATAGTCTAC-1,
TAAGTTGCGACGTAGG-1,
TAATAAACAAGGAGAT-1,
TAATACACAGTAGTAT-1,
TAATACTAGAACAGAC-1,
TAATAGAACAGAGTTA-1,
TAATAGGTCACCAGAA-1,
TAATAGTGACGACCAG-1,
TAATATTGAAATTCGC-1,
TAATCAGGAATGCTGC-1,
TAATCGATCCGTACGT-1,
TAATGAAAGACCCTTG-1,
TAATGTCGGTTCATGG-1,
TAATTACGTCAGTAGA-1,
TAATTAGATGGATATG-1,
TAATTAGGACATCCGT-1,
TAATTGGAATCGGGAA-1,
TACAAATTGCGGAGGT-1,GC
TACAACGCACAACTCA-1,
TACAAGCTGTTCACTG-1,
TACAAGGGCTTCTTTA-1,
TACAAGTCTCGTGCAT-1,
TACAATGAAACCAGCA-1,
TACACAGCCGTGGTGC-1,
TACACCGTCGTTAGTC-1,
TACACCTCTTCGAATC-1,GC
TACAGAAACGGTGGGC-1,
TACATAGGCATACACC-1,
TACATCCCTATCCCTG-1,
TACATTTCTAACGTGC-1,
TACCAAATAGCCCAGA-1,
TACCAATAAAGTACCA-1,
TACCAGAAGTAGGTTC-1,
TACCAGCTAGGTTTAA-1,GC
TACCAGGAATCCCGTC-1,
TACCGAATAATTGTAA-1,
TACCGCGGACTTGCAG-1,
TACCGGCTCACTGCCC-1,
TACCGGTCGTTTCCAT-1,
TACCGTAGGTTAACTA-1,
TACCGTGCCTCGGACC-1,
TACCTACTCCCAGTAT-1,
TACCTCACGCTTGTAC-1,
TACCTCAGTTGTCTGT-1,
TACCTCCACACCAATG-1,
TACCTGCTGCACTGTG-1,
TACCTTAAGATTTCCC-1,
TACGAACACGACTTCA-1,
TACGACGCTTGCTGCG-1,
TACGACTGCCTCTTAG-1,GC
TACGAGAACTTCACGT-1,GC
TACGATGTTGATCATC-1,
TACGCAGTTCTTTCCT-1,
TACGCCATATTCTAAT-1,
TACGCCGAGGGTACCC-1,
TACGCCTCCATTCCGA-1,
TACGCTATAGAAACCT-1,GC
TACGCTCCTAGAACTG-1,
TACGCTCGGTATTGGA-1,
TACGCTGATAGTTGTA-1,
TACGCTGCTGTGTTAA-1,
TACGGAAGCCAAACCA-1,
TACGGCATGGACGCTA-1,
TACGGGATGCTAGCAG-1,
TACGGGTAATAACATA-1,GC
TACGTAAAGCGGAGTG-1,
TACGTACTAGTGCTGA-1,
TACGTGCACTATGCTG-1,
TACGTGGGCCCAGGGC-1,
TACGTTTACCGGCAAT-1,
TACTACGTGCAATGCG-1,
TACTATGGTTCCTCAG-1,
TACTCCTCTAGTTGAC-1,
TACTCGGCACGCCGGG-1,
TACTCGTTTGAATCAA-1,
TACTCTCCGAACAAAT-1,
TACTCTTACTTTACTG-1,
TACTCTTTCGTCTTCA-1,
TACTGAACAGATTTAG-1,
TACTGAGGGAAGAAAG-1,
TACTGCAATCAATTAC-1,
TACTGCATGATTAAAT-1,
TACTGGACAGCTCGGC-1,
TACTTGTTAGTAGTCC-1,
TACTTTACTGAGCCGG-1,
TACTTTCCGCACGCCA-1,
TAGAAACCACTAAGTA-1,
TAGAAAGGTGGCGCTA-1,GC
TAGAAATTCACGTATA-1,
TAGAATAGCCGATGAA-1,
TAGAATTAAGGGCAAC-1,
TAGACGAAACGCCAAT-1,
TAGACGCCCGTACCGG-1,
TAGACTACCTAGCGTT-1,
TAGACTCAGTTGGCCT-1,
TAGAGATCATGCAACT-1,
TAGAGCTACGAAGAAC-1,
TAGAGGGAGTTTATCT-1,
TAGAGGTTCTACTTGT-1,
TAGAGTCTAAGCGAAC-1,
TAGATATGGACTGGAA-1,
TAGATCCGAAGTCGCA-1,
TAGATGGTTCCTTACT-1,
TAGATTCAAAGTGCGG-1,
TAGATTCCTGGTTATT-1,
TAGCAACCTGTCACAA-1,
TAGCAGATACTTAGGG-1,GC
TAGCAGTATGACTAAA-1,
TAGCCATTTCAAAGTC-1,
TAGCCGGCGGTCAGCG-1,
TAGCGTCCCTCGATTG-1,
TAGCGTCCGGTGTGGT-1,
TAGCGTTGGGTCTTAC-1,
TAGCTAAGTCCGGGAG-1,
TAGCTAGAAGGCATGA-1,
TAGCTAGTGATGATGG-1,
TAGCTCAGATCCTAGT-1,
TAGCTCGCCTGATAAC-1,
TAGCTGATGTGAAGCG-1,
TAGGAACAGCCTCCAG-1,
TAGGAGGCTCGAGAAC-1,
TAGGATCTTAACCGCA-1,
TAGGCATGTTACGCCA-1,
TAGGCGATGAGGTCTC-1,
TAGGCGGCTGCAAAGA-1,GC
TAGGCTAAAGTGGCAC-1,
TAGGGAGCTTGGGATG-1,
TAGGGTGTTTCAAGAG-1,
TAGGTCCAAGTAAGGA-1,
TAGGTCGCCGGAACTG-1,GC
TAGGTGACGATAACCT-1,
TAGGTGAGCCCTACTC-1,
TAGGTGCTCGCCTAGC-1,GC
TAGGTGTTCCACAGAT-1,
TAGGTTCGAGTTCGTC-1,
TAGGTTCTGCTGAGAA-1,
TAGTACCACAACTTTC-1,GC
TAGTACCTTAGTGGTC-1,
TAGTAGCTTATACCAG-1,
TAGTAGTTGCCGGACA-1,
TAGTCCCGGAGACCAC-1,
TAGTCCGCAGAGAATG-1,
TAGTCCTGCACTAAGC-1,
TAGTCGATCACGGGTT-1,
TAGTCTAACAACGAGA-1,
TAGTCTGCGGCACATT-1,
TAGTCTGTGACGTTGC-1,
TAGTCTTTCCGAATTG-1,
TAGTGAGAAGTGGTTG-1,
TAGTGCCCTCCAGAGT-1,
TAGTGGAACTCATACA-1,
TAGTGTCAGAAACGGC-1,
TAGTTAAGATAGGATA-1,
TAGTTTATTCTTGCTT-1,
TATAAATCCACAAGCT-1,
TATAAGTGAGGATAGC-1,
TATACACAGACGCCTT-1,
TATACACGCAAAGTAT-1,
TATACGCGTCATCACT-1,
TATACTCATGCGGCAA-1,
TATAGAGTCGCTTGAA-1,
TATAGATGGTCGCAGT-1,
TATAGCGCACGTTATC-1,
TATAGGGTACTCATGA-1,GC
TATAGTTAGGTGTACT-1,
TATATAGGGCTTTACG-1,
TATATATCGAGAAATG-1,
TATATCAAAGTGATCT-1,
TATATCCCTGGGAGGA-1,
TATATTACAAATGTCG-1,
TATATTCGCGTCGATA-1,
TATCACAGCACGGGCA-1,GC
TATCACCATGTAAAGT-1,GC
TATCACCCAACCGACC-1,
TATCACTTCGAGTAAC-1,
TATCAGTGGCGTAGTC-1,
TATCCAATTGGTTATC-1,
TATCCATATCATGCGA-1,
TATCCATCTCGGTTAG-1,
TATCCCTCGATCTGCA-1,GC
TATCCGCACCGTCGGG-1,
TATCCTATCAACTGGT-1,
TATCCTGCATGGGAAT-1,
TATCGATCTATGCATA-1,
TATCGATGATTAAACG-1,
TATCTACAGAGGTAAT-1,
TATCTACCACAGCGGG-1,
TATCTAGCCTAAAGGA-1,
TATCTGAGCCGATATT-1,
TATCTTGCAATACAAC-1,
TATGAAGACAGGTGCG-1,
TATGATAAATCTAACG-1,
TATGATCCGGCACGCC-1,GC
TATGATCTTCTCTTTA-1,
TATGATTCTGCTTGGT-1,
TATGCTCCCTACTTAC-1,
TATGGAGTTTCTCGTT-1,
TATGGATGTGCTACGC-1,
TATGGCAGACTTTCGA-1,GC
TATGGCCCGGCCTCGC-1,
TATGGGACCGAGCAGG-1,
TATGGGTACGTATCGT-1,
TATGGTCTGAGTAACA-1,
TATGGTTAGTGGGAGA-1,
TATGTAAAGTGCTTAA-1,
TATGTAGAAACCCGGC-1,
TATGTCAAGACCGACT-1,
TATGTCTCATTGTGCC-1,
TATTAACACCAAAGCA-1,
TATTAACCTGACCGCG-1,
TATTACCATCCTGCTT-1,
TATTATGTTTGCCTGC-1,
TATTCAATTCTAATCC-1,
TATTCCACTCAGCTCG-1,
TATTCCGAGCTGTTAT-1,
TATTCCGGCAGTCCTA-1,
TATTCCTCCGCCCACT-1,
TATTCGTGCCAGAATA-1,
TATTGACATTTCTGCC-1,
TATTGCCGGGCTTGTA-1,
TATTTAGTCTAGATCG-1,
TATTTATACCGAGTAG-1,
TATTTGTTACCCTTTA-1,
TCAAACAACCGCGTCG-1,
TCAAACTTAGATTGTT-1,
TCAAAGAGCTATCTGT-1,
TCAAAGTCACGGCGTC-1,
TCAAATTGTTGTGCCG-1,
TCAAATTTGAGACTCA-1,
TCAACAAAGATAATTC-1,
TCAACACATTGGGTAA-1,
TCAACATAGCGCCCTA-1,
TCAACATCGACCGAGA-1,
TCAACCATGTTCGGGC-1,
TCAACGAGGAGACAAA-1,
TCAACGCAGGAAATAA-1,
TCAACGCGACCGGCAG-1,
TCAACTAACGTATAAC-1,
TCAAGAAATACTAGCT-1,GC
TCAAGGTTACTACACC-1,
TCAATACGCCGTCATG-1,
TCACAAACCGAGGTAC-1,
TCACAGCAAACTCGAA-1,
TCACAGGAGAATAAGA-1,
TCACAGGGAATCGCAA-1,
TCACAGGTTATTGGGC-1,
TCACATCTTATCTGAT-1,
TCACCCTCTTAAGATT-1,
TCACCGCTCGGCACTC-1,
TCACGATGTCCGTGGA-1,
TCACGCATTGTAGATC-1,
TCACGGCCCAAGAGAG-1,
TCACGGTCATCGCACA-1,
TCACGTGCCCGATTCA-1,
TCACTACGACCAATGC-1,
TCACTATCGTGCAATC-1,
TCACTCAGCGCATTAG-1,
TCACTCGTGCAACGGC-1,
TCAGAACCTCCACAGG-1,
TCAGAACGGCGGTAAT-1,
TCAGACGCTATAGAAG-1,
TCAGAGGACGCGTTAG-1,
TCAGCAAATGCATCTC-1,
TCAGCAGTAGGCCCTG-1,
TCAGCCAATCCGTAAA-1,
TCAGCGCACGCCGTTT-1,
TCAGCTTGAGCTTTCG-1,
TCAGGGCGCAAACTCG-1,
TCAGGGTGCACGAAAC-1,
TCAGGGTGTAACGTAA-1,
TCAGGTTCTTTGAGAA-1,
TCAGTACTGACCCGCG-1,
TCAGTAGGGACTATAA-1,
TCAGTGTATACGTCAT-1,
TCAGTTACGGAATGAT-1,
TCATACTTACAGATCC-1,
TCATATGAGCTTTGTT-1,
TCATCACTCGAGCTCG-1,
TCATCCCAGAGGGTGG-1,
TCATCCTCAGCTGCTT-1,
TCATCGACGACCGTCG-1,
TCATCGATGGTCCCAA-1,
TCATGCAGGTTCTCAT-1,
TCATTCGTATAATTTG-1,
TCATTTAAGTCTCCGA-1,
TCATTTAGAAGTGTGA-1,
TCCAACTCAGCTATCT-1,GC
TCCAACTTTAAATTCT-1,
TCCAAGCCTAGACACA-1,
TCCAATAAAGGCTACC-1,
TCCACAATGGTTTACG-1,
TCCACATCGTATATTG-1,
TCCACCTCTAGCCTTT-1,
TCCACTTTATCTAGGT-1,GC
TCCAGAGCACCGGTTC-1,
TCCAGATGTACGCCAA-1,
TCCAGCGCTATAAGCG-1,
TCCAGGCAGGACGATC-1,
TCCAGGCGAGTACGGT-1,
TCCAGGGTATATACGA-1,
TCCATCAATACTAATC-1,GC
TCCATTAGTTGGATAG-1,
TCCATTGTGACCTCGT-1,
TCCCAAACAGACAACG-1,
TCCCAAACATCCTCTA-1,
TCCCAAAGACGAAGGA-1,
TCCCAAAGCCCTAAAT-1,
TCCCACGGAGGGAGCT-1,
TCCCACTCTCTTCCGG-1,
TCCCAGGCTTAGCTAA-1,
TCCCGCGTACTCCTGG-1,
TCCCGGGTGTGCTGCT-1,
TCCCGGTCAGGAATTT-1,
TCCCGTCAGTCCCGCA-1,
TCCCGTCGCGTCATAG-1,
TCCCGTGTGCAATTTG-1,
TCCCTAGATCAATAGG-1,
TCCCTCCGAAATCGTT-1,GC
TCCCTCTTCTCAAGGG-1,
TCCCTGGCGTATTAAC-1,
TCCCTGGCTCGCTGGA-1,
TCCCTTAGATTACTCG-1,
TCCCTTGTCTGAAACT-1,
TCCGAACTTGGCTTAC-1,
TCCGAAGTAGTCACCA-1,
TCCGAATGGTCCTGAG-1,
TCCGACCGCTAATCAA-1,
TCCGAGAAGGCTAAGC-1,
TCCGATAATTGCCATA-1,
TCCGATGACTGAGCTC-1,
TCCGATGGTGCGACAT-1,
TCCGATTACATTGCCG-1,
TCCGCCTGTCTACAAG-1,
TCCGCGGCAGCATCTG-1,
TCCGCGGCCCAATGAA-1,
TCCGCTGTCATCCCGG-1,
TCCGCTTATCCCATTA-1,
TCCGGAGGAAGGGCTG-1,
TCCGGCCTAGCGTACA-1,
TCCGGCCTGCATCGAT-1,
TCCGGGCTTGACGGGA-1,
TCCGGTTCGTCCGGTC-1,
TCCGTAACCACAATCC-1,
TCCGTTAAGCTAATAT-1,
TCCGTTTAGCCTTGAA-1,
TCCTAAAGATTCAGAC-1,
TCCTAAATTGGGAAGC-1,
TCCTAACCGTCGGGCA-1,
TCCTACATCCACGGCC-1,GC
TCCTAGCAAAGAAGCT-1,GC
TCCTCCTAAGACATTC-1,
TCCTCGGGCTGGGCTT-1,
TCCTCTACGAGATGGC-1,
TCCTCTCCAGTTGTCC-1,
TCCTCTGGCCCATTAG-1,
TCCTGCAGCCGCCAAT-1,
TCCTGCCAACTGGAGA-1,GC
TCCTGCGTTGATACTC-1,
TCCTGGCGCTGCCTGG-1,
TCCTTACGACGGTCCG-1,
TCCTTCAGTGGTCGAA-1,
TCCTTGTCCTTTAATT-1,
TCCTTTAAATCCGCTT-1,
TCCTTTCTTACGCTTA-1,
TCGAAATTTAGGACCA-1,
TCGAAGAACCGAGCAC-1,
TCGAATATCCCGCAGG-1,
TCGAATCGCAGGGTAG-1,
TCGACAACTGAACCCG-1,
TCGACATAGCGTAGCG-1,GC
TCGAGACCAACACCGT-1,
TCGAGCCAGGCAGGCC-1,
TCGAGTCTACGATTCG-1,
TCGATAGGCTAGTCGC-1,
TCGATTTACGAAACGA-1,
TCGCAAAGATGCATTT-1,
TCGCACCAGGAGGCAG-1,
TCGCATAAAGGGCGCA-1,
TCGCATCCCTAAGTGT-1,
TCGCATTCAATGACTT-1,
TCGCCCAACTGACTCC-1,
TCGCCGAAGTTGCGTC-1,
TCGCCGACATATTCGC-1,
TCGCCGGTCGATCCGT-1,
TCGCCTCCTTCGGCTC-1,GC
TCGCGTAGCAGTGTCC-1,
TCGCGTCCAGAAGGTC-1,
TCGCTAAACCGCTATC-1,
TCGCTACTGGCTTTGA-1,
TCGCTCGATATATTCC-1,
TCGCTCGGCACCAGCG-1,
TCGCTGCCAATGCTGT-1,
TCGCTGGGCGGATTGT-1,
TCGCTGTGCGTAAATC-1,
TCGCTTTAAACGTTTG-1,GC
TCGGAATGACCATCAA-1,
TCGGAATGCGCTCTGA-1,
TCGGACGCCCAGCCCA-1,
TCGGAGAGTATCGGGA-1,
TCGGAGTACATGAGTA-1,
TCGGATCTGGATGACC-1,
TCGGCGAACCCAAACC-1,
TCGGCGTACTGCACAA-1,
TCGGCTAACTTCCCTT-1,
TCGGCTTGTATCGACG-1,
TCGGGAACGTGCCTAG-1,
TCGGGAGACAGCGTAC-1,
TCGGGATTCAAACATA-1,
TCGGGCACTTCTGGAT-1,
TCGGGCCGTCGTGGTA-1,GC
TCGGGTGAAACTGCTA-1,GC
TCGGTCCCGACAATAG-1,
TCGGTCCCTGACTCCA-1,
TCGGTGACCGCTCCGG-1,
TCGGTTAGCCATGTAG-1,
TCGTAAGACGACATTG-1,
TCGTAAGCTCCGAGGA-1,
TCGTACCGACGTCAAG-1,
TCGTATAGTGCAATTA-1,GC
TCGTATTACCCATTGC-1,
TCGTATTTCGTCCGGA-1,
TCGTCAAGTACGCGCA-1,
TCGTCACACTGTTAGC-1,
TCGTCCGCTGGCGTCT-1,
TCGTCTTAGGCGTTAA-1,
TCGTGTACTATGGATG-1,
TCGTGTCACGCTGACA-1,
TCGTTAGGAGTCCCTA-1,
TCGTTCGTTATTATGT-1,
TCGTTGCTATCCGGTC-1,
TCGTTGGCTCGTCAAT-1,
TCGTTTACGCGACCCT-1,
TCTAAAGAACAGTCTC-1,
TCTAACTGTATGTAAA-1,
TCTAATACTGCCTCAG-1,
TCTACACGTTCATGCA-1,
TCTACCCAATAGAGAG-1,
TCTACCGTCCACAAGC-1,
TCTACGCACGATCTCC-1,
TCTAGCAATCTCCGCC-1,
TCTAGCATCTTCGATG-1,
TCTAGCATGCCCAGAA-1,
TCTAGGTGGCGACGCT-1,
TCTAGTGATATCGTGG-1,
TCTATCATGCAGTTAC-1,
TCTATCCGATTGCACA-1,
TCTATCGGTCGCAACA-1,
TCTATGCTATAACGAC-1,
TCTATTACGCTGGCGA-1,
TCTATTACTAGAGGAT-1,
TCTCAAATCAATCGGG-1,GC
TCTCATGAGATAGGGT-1,
TCTCCAACGTAGGTTA-1,
TCTCCACAAGTTGAAT-1,
TCTCCCTGGGCAGCGT-1,
TCTCGAACGAGGTCAC-1,
TCTCGACGTATCGCCG-1,
TCTCGAGGAGGTTCGC-1,
TCTCGGCTCCAGGACT-1,
TCTCTAATAGCTGGTA-1,
TCTCTTACCGCGAACC-1,
TCTGAACCGGTCGGCT-1,
TCTGAACTCGTACCCG-1,
TCTGAAGCACGTGGTC-1,
TCTGAATTCCGTACAA-1,
TCTGAGCAATTGACTG-1,
TCTGATCGGGTGCTAG-1,
TCTGATGTATTCTGTC-1,
TCTGCATACCTTGCTT-1,
TCTGCCAGAAACTGCA-1,
TCTGCGTCCGGTTTCT-1,
TCTGGGAACCTTTGAA-1,
TCTGGGTAGCGCTCAT-1,
TCTGTCATACAAGAGC-1,
TCTGTGACTGACCGTT-1,GC
TCTGTGATGGAGGTTG-1,
TCTGTGCCATCATAGT-1,GC
TCTGTGGCTACATTTC-1,
TCTGTTACCCAGCATA-1,
TCTTACAGAGGTACCG-1,
TCTTACCGGAACTCGT-1,
TCTTACGGCATCCGAC-1,
TCTTACTTATGCCTCT-1,
TCTTAGAGCTCCAATT-1,
TCTTAGAGTGAACTCT-1,
TCTTATGGGTAGTACC-1,
TCTTCCCATGGGCACA-1,
TCTTCGAATAGACGTT-1,
TCTTCGATACCAATAA-1,
TCTTCGCGGTGAGAGG-1,
TCTTCTATAACCCGCC-1,
TCTTGATGCGTAGCGA-1,
TCTTGCTCCCGATACT-1,
TCTTGGTAACACCAAA-1,
TCTTGGTCAATGATAC-1,
TCTTTAAGACTATGAA-1,
TCTTTAGAGTCTAACA-1,
TCTTTAGCAGGCGAAC-1,
TCTTTCATCCGTCCTT-1,
TCTTTCTCTTAAGGAG-1,
TGAAACCTCAACTCAC-1,GC
TGAAACTTATGCAAGC-1,
TGAAAGGACCTGACTC-1,
TGAACAAGCAGGGACT-1,
TGAATACCGACGCGTA-1,
TGAATATGCTATAAAC-1,
TGAATGAGTGTTTCCC-1,
TGAATGTCAGCCGGCC-1,
TGACAACTTAAAGGTG-1,
TGACACTTCTCTTTGC-1,
TGACAGGACAAGTCCA-1,
TGACATCGAGCGGACC-1,
TGACATGTAACGTGAC-1,
TGACCAAATCTTAAAC-1,
TGACCAGCTTCAAAGT-1,
TGACCCAACTCACATT-1,GC
TGACCCACGTTAGACA-1,
TGACGAATATTTCCCT-1,
TGACGATGCACTAGAA-1,
TGACTATAATCCTTTC-1,
TGACTCCGAATCATAC-1,GC
TGAGAATGCTTTACCG-1,
TGAGAGATTTACCACG-1,
TGAGATCAAATACTCA-1,
TGAGATTAGGCCCTAA-1,
TGAGCAGTCGTGAAGT-1,
TGAGCCATACAGTCTC-1,
TGAGCGGAAAGTGTTC-1,
TGAGCTTTAATGACGC-1,GC
TGAGGAGTGCCAGCTT-1,
TGAGGCATGTACTGTG-1,
TGAGGTGTGTGGCGGA-1,
TGAGGTTGATCCCAAG-1,GC
TGAGTAAATTAGCGTA-1,
TGAGTGCCTCTTAAAT-1,
TGAGTGGTCCGTGACG-1,
TGAGTTAAAGACATTC-1,
TGATACATTTAGCCGT-1,
TGATAGCGGGATTCTA-1,
TGATCACCACACTGAC-1,
TGATCAGGGAACTGCT-1,
TGATCCCAGCATTAGT-1,GC
TGATCGGTTTGACCCT-1,
TGATCTACGCTGATCT-1,
TGATCTATCACACTCT-1,GC
TGATCTCCGGCGCCAG-1,
TGATGGCTGTTTCTGA-1,
TGATTATGGCACGCAG-1,
TGATTCAGGTCCCGCG-1,
TGATTCCCGGTTACCT-1,
TGATTCGTCTATCACT-1,
TGATTCTGTCGCCGGT-1,
TGATTTATTAGCTGTG-1,
TGATTTCCTCCTGACG-1,
TGCAAACCCACATCAA-1,GC
TGCAAACGTACTAGTT-1,
TGCAAAGTTCGTCTGT-1,
TGCAACCCATCTGCGG-1,
TGCAACTACTGGTTGA-1,
TGCAAGAATGACGTAA-1,
TGCAATCTAACACGGT-1,GC
TGCAATTTGGGCACGG-1,
TGCACAGTGAAGTTAT-1,
TGCACGAGTCGGCAGC-1,
TGCAGAACTATATCGT-1,GC
TGCAGAGTACCGAGCA-1,
TGCAGATCGTCCTAGG-1,
TGCAGCTACGTACTTC-1,
TGCAGGATCGGCAAAG-1,
TGCAGTGGTAGGGAAC-1,
TGCAGTTTCCTCCCAT-1,GC
TGCATATGTCTGTCAC-1,
TGCATGGATCGGATCT-1,
TGCATGTGACCCATAG-1,
TGCATGTGGTAATCTA-1,
TGCCAAAGTCAGACTT-1,
TGCCAATGGGTACTCT-1,
TGCCACCTGGCGAAAC-1,
TGCCAGTACGTGGAGA-1,
TGCCATGGCTTATAAG-1,
TGCCATTACTAAAGAA-1,
TGCCCGATAGTTAGAA-1,
TGCCCGTACCGTTAAA-1,
TGCCGAAAGCGTATTC-1,
TGCCGGATGTACGAGC-1,
TGCCGTGGATCGTCCT-1,
TGCCGTGGGACCCAAT-1,
TGCCTAATTGAAGATT-1,
TGCCTGACATCGGTCA-1,GC
TGCCTGATCAAACGAT-1,GC
TGCCTTGGCCAGGCAA-1,
TGCGAATATGGGATTT-1,
TGCGACACCCTAGTGC-1,
TGCGACGGCCGAACGT-1,
TGCGAGAATATTACCC-1,
TGCGAGATGGCGGCCA-1,
TGCGAGCCCTTCCGCG-1,
TGCGCAAAGCATTTGG-1,
TGCGCGATTAACGGAG-1,
TGCGGACTTGACTCCG-1,
TGCGGAGTAAAGGTGC-1,
TGCGGCATAGTTCAAC-1,GC
TGCGGGTATTGGGATC-1,
TGCGGTCTACGAGTAA-1,
TGCGGTGAAATTTCAT-1,GC
TGCGTAAGAACCTGAT-1,
TGCGTACGGCTAATTG-1,
TGCGTCATGACTGAGC-1,
TGCGTGATTGGGTGTC-1,GC
TGCGTTTGTTGACACT-1,
TGCTAAGTGTCTATTT-1,
TGCTATACAAACGGAC-1,
TGCTATGGCAAAGGGA-1,
TGCTCAAAGGATGCAC-1,
TGCTCCACAGTTCTTA-1,
TGCTCGGCGAAACCCA-1,
TGCTCGGTGGGTCACC-1,
TGCTCTTGAGAGTTTG-1,
TGCTGGTTGGACAATT-1,
TGCTGTTGAAGAACTC-1,
TGCTTAGAGAGAATGC-1,
TGCTTCCCAAGCAGTA-1,
TGCTTGAAACCATGCA-1,GC
TGGAACCACTGACACA-1,
TGGAAGAAGGGAACGT-1,
TGGAAGACGAACACCA-1,
TGGAAGGATAAAGATG-1,GC
TGGAATATCCTTGACC-1,
TGGAATTAGACGCTTT-1,
TGGACCAATCTAAGAT-1,
TGGACCACGGCGTTGA-1,
TGGACGCAATCCAGCC-1,
TGGACTGTTCGCTCAA-1,
TGGAGAATAATCGTCC-1,
TGGAGCTAAAGTTCCC-1,
TGGAGTGATGCGATGA-1,
TGGATGGCATCTTGGA-1,
TGGCAAACTAAATTAC-1,
TGGCAACTCGCGCGCC-1,
TGGCAAGCACAAGTCG-1,
TGGCAATGGGACGGCG-1,
TGGCACGAGCTCGAGT-1,
TGGCAGATTACGATCA-1,
TGGCAGCAGTAATAGT-1,
TGGCATGAAGTTTGGG-1,
TGGCCAAACTGAAGTA-1,
TGGCCAATTTGGTACT-1,
TGGCCGTATATTGACC-1,
TGGCGACTGCTCCAAA-1,
TGGCGATCAAGTTATG-1,
TGGCGGTGTGCGATTG-1,
TGGCTACACTCTACCT-1,
TGGCTATGTGACATAC-1,
TGGCTCTTGTCGCGTA-1,
TGGCTTGTACAAGCTT-1,
TGGCTTTGGGTAGACA-1,
TGGGAAATGCCTTTCC-1,
TGGGATGCACTCATTC-1,
TGGGCAATAGTTGGGT-1,
TGGGCACAAACAGAAC-1,
TGGGCACGTTCTATGG-1,
TGGGCCACAAGAGCGC-1,
TGGGCCCATACTAATT-1,
TGGGCGATACAATAAG-1,
TGGGTAAGGTTCCCGC-1,
TGGGTGCACAAGCCAT-1,
TGGGTGGGATGTCATT-1,
TGGGTGTAATAGATTT-1,
TGGGTGTTAAGTAGAA-1,
TGGGTTTCGGGCGTAC-1,
TGGTAAGCAGGATTGA-1,
TGGTAGAATATATGGG-1,
TGGTATCGCATCCCAA-1,
TGGTATCGGTCTGTAT-1,
TGGTCCCACGCTACGG-1,
TGGTCGATATACCTCT-1,
TGGTCGTTTGATAGAT-1,
TGGTCTGTTGGGCGTA-1,
TGGTGATCGTATTTGT-1,
TGGTGCCCTGCCTTAC-1,
TGGTTAACTTACATTT-1,
TGGTTAAGGGCGCTGG-1,
TGGTTCAACGGGTAAT-1,
TGGTTCGTAGCAAAGG-1,
TGGTTGGAGGATCCTG-1,
TGGTTTAAACGTGGGT-1,
TGTAACTTGTCAACCT-1,
TGTAATGACCACAATA-1,
TGTACCCGACCCTAAT-1,
TGTACCTACACGAGGG-1,
TGTACGAACAAATCCG-1,
TGTACGCTATCAGCTT-1,
TGTACTATCGCTCGTT-1,
TGTACTGTGCCAAAGT-1,
TGTACTTCCGGGCATG-1,
TGTAGCCAATTCCGTT-1,
TGTAGCCATCCCATTC-1,
TGTAGGAGAAATTTCC-1,
TGTAGTGATCTATAAT-1,
TGTATAACAGATCCTG-1,
TGTATCAGACTGAAGC-1,GC
TGTATCCTTATTCCAT-1,
TGTATGGCGCAGACAG-1,
TGTATTTACCTAATGC-1,
TGTCATTTGTTGGGAA-1,
TGTCCACGGCTCAACT-1,
TGTCCCGACATAGCAC-1,GC
TGTCCGCAAACAATTC-1,
TGTCCGTGGCGCCTTT-1,
TGTCCTAAGTCACCGC-1,
TGTCGGCATGGTGGAA-1,GC
TGTCGTGGGTATAGGC-1,
TGTCGTTATCACATAT-1,
TGTCTACAGTTTCTGT-1,GC
TGTGACTACGCCAGTC-1,
TGTGAGACTAGCCCAA-1,
TGTGATTCCAGCGCTT-1,
TGTGCCGGTGCCGGAA-1,
TGTGCTTTACGTAAGA-1,GC
TGTGGAGGAAGCTTAA-1,
TGTGGCAAAGCGTATG-1,
TGTGGCGGGCTTCTGG-1,
TGTGGTTGCTAAAGCT-1,
TGTGTCGCGAGTTGCA-1,
TGTGTTCGTATCCAAG-1,
TGTTATTGTATGTGGC-1,GC
TGTTCCGCTTCCATGA-1,
TGTTCCGGCCTGAGCT-1,
TGTTCGTATTGCGGTG-1,
TGTTCTTCCATTGACT-1,GC
TGTTGATCACTGTTTA-1,
TGTTGTCAAGAAGTCT-1,
TGTTTAATACTTCATC-1,
TGTTTCGGTACTTCTC-1,
TGTTTCTGAAGCGTGC-1,
TGTTTGAGATCGTCAG-1,
TTAAACAGAGTCCCGC-1,
TTAAACCGGTAGCGAC-1,
TTAAACCTGGTTCCTT-1,
TTAAACTCGAATTCAT-1,
TTAAAGGCGATGCTCG-1,
TTAAAGTAAGTCGCCA-1,
TTAACACCTCGAACAT-1,
TTAACCAACCCTCCCT-1,
TTAACGAACAAGCAGT-1,
TTAACGTCGCAAGACC-1,GC
TTAACTCACGCGTGGA-1,
TTAACTTCAGGTAGGA-1,
TTAAGACGAACGAACC-1,
TTAAGATACCCAGAGA-1,
TTAAGATAGGATTGAC-1,
TTAAGCCGACAACTTC-1,
TTAAGCGCCTGACCCA-1,
TTAAGGATACGGAGGT-1,
TTAAGGCCCGTACTTT-1,
TTAAGTATTGTTATCC-1,
TTAATCAGTACGTCAG-1,
TTAATGCGAGGTAACT-1,
TTAATGTAGACCAGGT-1,
TTAATTGCTTTGGGTG-1,
TTAATTTCAGACGCGG-1,
TTACAACTACGCATCC-1,
TTACACGATCTGCGAC-1,
TTACAGACCTAAATGA-1,GC
TTACATCGTGGCCTGG-1,
TTACATGCCACAACTA-1,
TTACCATTGATTACCC-1,
TTACCCATTGCCGGGT-1,
TTACCCTAACAGTCCT-1,
TTACCCTAGGGATTGG-1,
TTACCGCCTTAGGGAA-1,GC
TTACGGATGGTTCGAG-1,
TTACGGTGTCACCGAG-1,
TTACGTAGCGCGTGCT-1,
TTACGTATCTATGACA-1,
TTACTAAAGGACTTTA-1,
TTACTATCGGCTTCTC-1,
TTACTCCGGCCGGGAA-1,
TTACTCTGGTACGTAC-1,
TTACTGGGATATTTCA-1,
TTACTGTCTAGAGCTC-1,GC
TTACTGTTTCTCTACG-1,GC
TTAGAAGAACATGACT-1,
TTAGAATAAGGGTCGG-1,
TTAGACACGATCGTTG-1,
TTAGACGAGTCACCTC-1,
TTAGAGTATTGTCGAG-1,
TTAGAGTTTAGAAGGA-1,GC
TTAGATAGGTCGATAC-1,
TTAGCAACATGGATGT-1,
TTAGCCATAGGGCTCG-1,
TTAGCGAATAGATAGG-1,
TTAGCTAATACGATCT-1,
TTAGCTCTGTAATCCG-1,
TTAGCTGATTTGCCGT-1,
TTAGGTCATAACCGAC-1,
TTAGTAAACCTGCTCT-1,
TTAGTAGGGCGGCGGG-1,
TTAGTTATTCGTGGCA-1,
TTAGTTCAAGTGTTCG-1,
TTATAGATGCACATTA-1,
TTATAGGTAATTGTCT-1,
TTATAGTCCAAGGTGC-1,
TTATATACGCTGTCAC-1,
TTATATTTGGCAATCC-1,
TTATCATACTCGCAAA-1,GC
TTATCCAATCGAACTC-1,
TTATCCGGGATCTATA-1,
TTATCCTCAAGGAATA-1,
TTATCGCCTGCGAAGC-1,
TTATCTGACATTAGGA-1,
TTATCTGTATCATAAC-1,
TTATGAATGAAAGGGA-1,
TTATGACAAACTGGAT-1,
TTATGATCTTAACGAA-1,
TTATGCGTCCCGGTCC-1,
TTATGTTTGCGATAGA-1,
TTATTAGAGCGTGTTC-1,
TTATTAGGGAAGCATC-1,
TTCAAAGTCTCTAGCC-1,
TTCAACGACCCGACCG-1,
TTCAAGCCGAGCTGAG-1,
TTCAATACTCTGAATC-1,
TTCAATTAGCCATAAT-1,
TTCACGAAAGGATCAC-1,
TTCACGGTCGTCACGT-1,GC
TTCACTCGAGCACCTA-1,
TTCACTTCCTAGAACG-1,
TTCAGAGTAACCTGAC-1,
TTCAGCCCTGGTCCAC-1,
TTCAGCTGGCGTGCCC-1,
TTCAGGCGTCAAAGCC-1,
TTCAGTTCAAGAGGAG-1,
TTCATGGCGCAACAGG-1,
TTCCAATCAGAGCTAG-1,
TTCCAATCTGGCTATC-1,
TTCCACACAGATTTGA-1,
TTCCACATTTCTCGTC-1,
TTCCAGACGAGATTTA-1,
TTCCAGTGGGTTTCGT-1,
TTCCATCATGCGGTGA-1,
TTCCATCGACAGCGTG-1,
TTCCCGACGCTTCACT-1,
TTCCCGGCGCCAATAG-1,
TTCCGCAGAGAAATAT-1,
TTCCGCGTGAGGCGAT-1,
TTCCGGCCTTGAGGCT-1,
TTCCGGCTCGACTTCT-1,
TTCCGGTATCTGTGTC-1,
TTCCGGTTACCCACTT-1,GC
TTCCTCGAGGGTGTCT-1,
TTCCTCGGACTAACCA-1,
TTCCTCTGCCCGAATA-1,
TTCCTTTCTGTGTTGC-1,
TTCGAACGAAACATGC-1,
TTCGACAGAGCCCGTG-1,
TTCGACGGGAAGGGCG-1,
TTCGCACTCGCGTGCT-1,
TTCGCACTGTACGACA-1,
TTCGCATCCGGAAGCA-1,GC
TTCGCCGCTCGCGCTA-1,
TTCGCGCGCCATACGA-1,
TTCGCTAGGAAGTTGT-1,
TTCGCTATCTGACGTG-1,
TTCGGACTGATGCCTT-1,
TTCGGACTGGGCATGG-1,
TTCGGCAACCCGCTGA-1,
TTCGGCTAGAGATGGT-1,
TTCGGGACTAATCGCG-1,
TTCGGGCGCTAGTCTT-1,
TTCGGGTTGCCACGGG-1,
TTCGGTACTGTAGAGG-1,
TTCGTAATCCCAGCGG-1,
TTCGTACTCCAGAACG-1,
TTCGTGCATGTTATAG-1,
TTCGTTCAACGAAGTT-1,
TTCTAACCGAAGCTTA-1,
TTCTACCTCAATCGGT-1,
TTCTACCTTTATGTTG-1,
TTCTACTTGCGAGGGC-1,
TTCTAGAAAGTCTTAT-1,
TTCTAGGCCAATTGTG-1,
TTCTATTAAACGCAGC-1,
TTCTCAATTGCTACAA-1,
TTCTCTTACAGGTGAT-1,
TTCTGACCGGGCTCAA-1,
TTCTGCCGCGCCTAGA-1,
TTCTGCGAGCGCCCTT-1,
TTCTGCGGGTTAGCGG-1,
TTCTGCTAGACTCCAA-1,GC
TTCTTAGTGAACGGTG-1,
TTCTTAGTGGCTCAGA-1,
TTCTTATCCGCTGGGT-1,
TTCTTCCCTTTGATAT-1,
TTCTTCGCAATAGAGC-1,
TTCTTGAGCCGCGCTA-1,
TTCTTGCTAGCATCTC-1,
TTCTTGGACGATCTGC-1,
TTCTTGGAGTAATGAG-1,
TTCTTGTAACCTAATG-1,
TTCTTTGGTCGCGACG-1,
TTGAAAGGTGTAAAGG-1,
TTGAACGAATCCTTTG-1,
TTGAACGACGTGCTGA-1,
TTGAAGAATTCCCAGG-1,
TTGAAGGATGGGCGCC-1,
TTGAATATGGACTTTC-1,
TTGAATCGTTGTATAA-1,
TTGAATTCACGTGAGG-1,
TTGACAGGAGCTCCCG-1,
TTGACATGAACGTGGA-1,
TTGACCAGGAACAACT-1,
TTGACCATGTTCTCCG-1,
TTGACCGTGTTAATGA-1,
TTGACGATTCAGCACG-1,
TTGACGCTCCATGAGC-1,
TTGACTACCATATGGT-1,
TTGACTATTGTCCGGC-1,
TTGAGAAGTTTAGCAT-1,
TTGAGAGTACTGCTAA-1,
TTGAGCAGCCCACGGT-1,
TTGAGCGCCACGTGAT-1,
TTGAGGCATTTAACTC-1,
TTGAGTCCCGCTGCTG-1,
TTGATAGTCAATACAT-1,
TTGATCTAACTTTGTC-1,
TTGATGCCGCTCGTCG-1,
TTGATGTGTAGTCCCG-1,
TTGATTAGCTGTTTCT-1,
TTGATTATGCAGATGA-1,
TTGCAAGAAGACTCCT-1,
TTGCACAATTCAGAAA-1,
TTGCACGGAGCAGCAC-1,
TTGCATGCTGATCACG-1,
TTGCCAAGCAGAACCC-1,
TTGCCATAGCCCGCTC-1,
TTGCCCTGATCACGGG-1,
TTGCCGCAGACCTACA-1,GC
TTGCCGCTTTCTAGTA-1,
TTGCCGGTGATCCCTC-1,
TTGCCTAATCCAAAGT-1,
TTGCCTTCTCGCCGGG-1,
TTGCGGAAAGCTGCCC-1,
TTGCGGCATCAGAAAG-1,
TTGCGGCGACTCATGC-1,GC
TTGCGTAGTTTGAGGA-1,
TTGCGTCGGCCAACCG-1,
TTGCGTGAACGCTTAG-1,
TTGCGTGTGTAGGCAT-1,
TTGCTAGCTACCAATC-1,
TTGCTCCCATACCGGA-1,
TTGCTGAAGGAACCAC-1,GC
TTGCTGATCATGTTCG-1,
TTGCTGCACCTATCCA-1,
TTGCTGGCCGGGCTTC-1,
TTGGAAGAATACAGTC-1,
TTGGACATGTGGCTTA-1,
TTGGACCATCTGGCAA-1,
TTGGACCTATAACAGT-1,
TTGGAGTCTCCCTTCT-1,
TTGGATATCGTCTACG-1,
TTGGATCGACTTCTGG-1,
TTGGATTGGGTACCAC-1,
TTGGCCAAATTGTATC-1,
TTGGCCATCTTGCGCT-1,
TTGGCCTAGAATTTCG-1,
TTGGCTCAATATGTGT-1,
TTGGCTCGCATGAGAC-1,
TTGGGAAGACGAGCCG-1,
TTGGGACACTGCCCGC-1,
TTGGGACGTAAGAGTT-1,
TTGGGCGGCGGTTGCC-1,
TTGGTATGGCTTGTGT-1,
TTGGTCACACTCGTAA-1,
TTGGTTGCGGTGCGCG-1,
TTGTAAGGACCTAAGT-1,
TTGTAAGGCCAGTTGG-1,
TTGTAATCCGTACTCG-1,
TTGTATCACACAGAAT-1,
TTGTCGTTCAGTTACC-1,
TTGTCTCGGCAAGATG-1,
TTGTGAACCTAATCCG-1,
TTGTGAGGCATGACGC-1,
TTGTGCAGCCACGTCA-1,
TTGTGCGGAAGCGGAT-1,
TTGTGGCCCTGACAGT-1,
TTGTGGTAGGAGGGAT-1,
TTGTGGTGGTACTAAG-1,
TTGTGTATGCCACCAA-1,
TTGTGTTTCCCGAAAG-1,
TTGTTAGCAAATTCGA-1,
TTGTTCAGTGTGCTAC-1,
TTGTTGGCAATGACTG-1,
TTGTTGTGTGTCAAGA-1,GC
TTGTTTCACATCCAGG-1,
TTGTTTCATTAGTCTA-1,
TTGTTTCCATACAACT-1,
TTGTTTGTATTACACG-1,
TTGTTTGTGTAAATTC-1,
