Barcode,SSp
AAACAAGTATCTCCCA-1,
AAACAGAGCGACTCCT-1,
AAACCGGGTAGGTACC-1,
AAACCGTTCGTCCAGG-1,
AAACCTAAGCAGCCGG-1,
AAACCTCATGAAGTTG-1,
AAACGAGACGGTTGAT-1,
AAACTCGTGATATAAG-1,
AAACTGCTGGCTCCAA-1,
AAACTTGCAAACGTAT-1,
AAAGACTGGGCGCTTT-1,
AAAGCTTGCCTACATA-1,
AAAGGCTCTCGCGCCG-1,
AAAGGGATGTAGCAAG-1,
AAAGGGCAGCTTGAAT-1,
AAAGTAGCATTGCTCA-1,
AAAGTCGACCCTCAGT-1,
AAAGTGTGATTTATCT-1,
AAAGTTGACTCCCGTA-1,
AAATAACCATACGGGA-1,
AAATAAGGTAGTGCCC-1,
AAATACCTATAAGCAT-1,
AAATAGCTTAGACTTT-1,
AAATAGGGTGCTATTG-1,
AAATCCGATACACGCC-1,
AAATCGTGTACCACAA-1,
AAATCTAGCCCTGCTA-1,
AAATGATTCGATCAGC-1,
AAATGGCATGTCTTGT-1,
AAATGGCCCGTGCCCT-1,
AAATGGTCAATGTGCC-1,
AAATTAACGGGTAGCT-1,
AAATTACACGACTCTG-1,
AAATTACCTATCGATG-1,
AAATTCCAGGTCCAAA-1,
AAATTGATAGTCCTTT-1,
AAATTTGCGGGTGTGG-1,
AACAACTGGTAGTTGC-1,
AACAATTACTCTACGC-1,
AACACACGCTCGCCGC-1,
AACACGAGACGCGGCC-1,
AACAGGAAATCGAATA-1,
AACAGGATGGGCCGCG-1,
AACATATCAACTGGTG-1,
AACATCGATACGTCTA-1,
AACCAAGACTTCTCTG-1,
AACCCAGAGACGGAGA-1,L23
AACCCTACTGTCAATA-1,
AACCGAGCTTGGTCAT-1,
AACCGCTAAGGGATGC-1,
AACCGTTGTGTTTGCT-1,
AACCTCGCTTTAGCCC-1,
AACCTTTAAATACGGT-1,
AACCTTTACGACGTCT-1,
AACGATAATGCCGTAG-1,
AACGATAGAAGGGCCG-1,L4
AACGATATGTCAACTG-1,
AACGCATGATCTGGGT-1,
AACGCGGTCTCCAGCC-1,
AACGCTGTTGCTGAAA-1,
AACGGACGTACGTATA-1,
AACGGCCATCTCCGGT-1,
AACGTACTGTGGGTAC-1,
AACGTCAGACTAGTGG-1,
AACGTGCGAAAGTCTC-1,
AACTAGGCTTGGGTGT-1,
AACTCAAGTTAATTGC-1,
AACTCCAGAGCGTGTT-1,
AACTCCTAATCCCATG-1,
AACTCTCAATAGAGCG-1,
AACTCTCAGTGTGCTC-1,
AACTGATATTAGGCCT-1,
AACTGGGTCCCGACGT-1,
AACTTGCCCGTATGCA-1,
AAGAAATCACCAGATT-1,
AAGACTGCAAGCTACT-1,
AAGAGATGAATCGGTA-1,
AAGAGCTCTTTATCGG-1,
AAGAGGATGTACGCGA-1,
AAGAGGCATGGATCGC-1,
AAGATGGCACCGGACC-1,
AAGATTGGCGGAACGT-1,
AAGCACCCTGCGTATC-1,
AAGCATACTCTCCTGA-1,
AAGCCGAAGCGGTTTA-1,
AAGCCGCTTTACCTTG-1,
AAGCGTCCCTCATCGA-1,
AAGCTAGATCGAGTAA-1,
AAGCTCGTGCCAAGTC-1,
AAGCTCTTTCATGGTG-1,
AAGGAGCGGTTGGTGC-1,
AAGGATCGATCGCTTG-1,
AAGGATGAGGGACCTC-1,
AAGGCGCGTAAAGCTT-1,
AAGGCTGTGCTCATCG-1,
AAGGGACAGATTCTGT-1,
AAGGTGATAAACCAGC-1,
AAGTAGAAGACCGGGT-1,L5
AAGTAGTGACGCGAGG-1,
AAGTCAATTGTCGTCA-1,
AAGTGACGACCGAATT-1,
AAGTGCCTTGACTGTA-1,
AAGTGCGTTAGAATCT-1,
AAGTGTTTGGAGACGG-1,
AAGTTCACTCCAAGCT-1,
AAGTTCAGTCTGCGTA-1,
AAGTTCGGCCAACAGG-1,
AATAACAACGCTCGGC-1,
AATAACACTAGAACAA-1,
AATACAATGTTTCAGG-1,
AATAGAACAGAGTGGC-1,
AATAGAATCTGTTTCA-1,
AATAGCTACCGCGTGC-1,
AATAGTCCGTCCCGAC-1,
AATATCGAGGGTTCTC-1,
AATATTGGAGTATTGA-1,
AATCATGTAAAGACTC-1,
AATCCAAGGGCCTGAG-1,L1
AATCGCCTCAGCGCCA-1,
AATCGCGCAGAGGACT-1,
AATCGTGAGCCGAGCA-1,
AATCTATGCCGGAGCC-1,
AATCTGCGTTGGGACG-1,
AATGACAGCAATGTCT-1,
AATGACGTAGGATGTC-1,
AATGACTGTCAGCCGG-1,L6
AATGATGATACGCTAT-1,
AATGATGCGACTCCTG-1,
AATGCAACCGGGTACC-1,
AATGCACCAAGCAATG-1,
AATGGTCCACCGTTCA-1,
AATGGTTCTCACAAGC-1,L4
AATGTGCCCGAGGTGT-1,
AATTAAAGGTCGGCGT-1,
AATTAACGGATTTCCA-1,
AATTAGCGCTGCAGCG-1,
AATTCATAAGGGATCT-1,
AATTCTAGAGTTAGGC-1,
AATTGAACGCTCTGGT-1,
AATTTGGGACATAGTA-1,
AATTTGGTTCCAAAGA-1,
ACAAATCGCACCGAAT-1,
ACAAATGGTAGTGTTT-1,
ACAACAGCATGAGCTA-1,
ACAACGGTCCCTGCGA-1,
ACAAGCAGTGCCTAGC-1,
ACAAGGAAATCCGCCC-1,
ACAAGGACAAGAGGTT-1,
ACAAGGATGCTTTAGG-1,
ACAAGGGCAGGCTCTG-1,
ACAATAGTCGTACGTT-1,
ACAATCCATTTAAACC-1,
ACAATGAATACGGAGA-1,
ACAATTGTGTCTCTTT-1,
ACAATTTGAGCAGTGG-1,
ACACAAAGACGGGTGG-1,
ACACACCAGGACCAGT-1,
ACACACTTTCTACACG-1,
ACACCACATAATTAGC-1,
ACACCCAGCATGCAGC-1,
ACACCCGAGAAATCCG-1,L4
ACACCTTAAGTAGGGC-1,L6
ACACCTTACTACTTGC-1,
ACACGAGACTCCTTCT-1,
ACACGGGAACTTAGGG-1,
ACACTGATCAAGGTGT-1,
ACAGAACTGAGAACAA-1,
ACAGGCTTGCCCGACT-1,
ACAGGTGGAGGTGAGG-1,
ACAGTATACCGTGGGA-1,
ACATAATAAGGCGGTG-1,L6
ACATCAGCTGGGACGC-1,
ACATCCCGGCCATACG-1,
ACATCCTGGTAACTGT-1,
ACATCGATCGTTTACC-1,
ACATCGGTCAGCCGCG-1,
ACATCGTATGCAATGG-1,
ACATGGCGCCAAAGTA-1,
ACATTAGTTTATATCC-1,
ACCAAACACCCAGCGA-1,
ACCAACACCACACACT-1,
ACCAACGCTTATTTAT-1,
ACCAAGAACGCGTGTC-1,L4
ACCAATATGCAAGTTA-1,
ACCACAAGTTTCTATC-1,
ACCACCAATGTAACAA-1,
ACCACCCTCTCTTCTA-1,
ACCACGTGCAGCTATA-1,
ACCAGTGCGGGAGACG-1,
ACCATATCCGCAATAA-1,
ACCATCGTATATGGTA-1,
ACCCAACGCCCGTGGC-1,
ACCCACCTACATGCTC-1,
ACCCATCTTGAGGGTA-1,
ACCCGGAAACTCCCAG-1,
ACCCGGATGACGCATC-1,
ACCCGGTTACACTTCC-1,
ACCCGTGTCATCAGTA-1,
ACCCTATGCCATATCG-1,
ACCCTCCCTTGCTATT-1,
ACCCTGGTAACGCCCT-1,
ACCCTTCATCTGCGAA-1,
ACCGACTGAGTCCCAC-1,
ACCGATGGTAGCATCG-1,
ACCGCAATAACTGCCT-1,
ACCGCGGTGGAAGTCG-1,
ACCGGGCCTTTGTTGA-1,
ACCTAAGTACCTTTCA-1,
ACCTAATCGACTTCCT-1,
ACCTACAGTATGTGGT-1,
ACCTCCGTTATTCACC-1,
ACCTGCGTGTCATGTT-1,
ACGAAATGGGCGGCAC-1,
ACGAGGATACCACTCT-1,
ACGAGTACGGATGCCC-1,
ACGATACATAGAACTA-1,
ACGATCATACATAGAG-1,
ACGATCATCTTGTAAA-1,
ACGATGCATATGTTAT-1,
ACGCAATCACTACAGC-1,
ACGCATTCGTGAGTAC-1,
ACGCCAGATGATTTCT-1,
ACGCCGCTAGACGACC-1,
ACGCGAAGTCAGACGA-1,
ACGCGCTACACAGGGT-1,
ACGCGGGCCAAGGACA-1,
ACGCTAGTGATACACT-1,
ACGCTGTGAGGCGTAG-1,
ACGGACTCTCAAAGCG-1,
ACGGAGCGCAAATTAC-1,
ACGGATGGTGCGGATA-1,
ACGGCACTTGCTTGGG-1,
ACGGCCAACATGGACT-1,
ACGGCGACGATGGGAA-1,
ACGGGAGTGTCGGCCC-1,
ACGGGCGTATGCGACA-1,
ACGTAGATTGCTGATG-1,
ACGTATTACTCCGATC-1,
ACGTGCGCCTCGTGCA-1,
ACGTTAATGTCGAAGA-1,
ACGTTAGATTTGCCCG-1,
ACGTTCGCAATCAATT-1,
ACGTTTAGTTGTGATC-1,
ACTACCAGCTCTCTGG-1,L6
ACTAGTTGCGATCGTC-1,
ACTATATGCTGTGTTC-1,
ACTATCCAGGGCATGG-1,
ACTATTCGTCCGTGGT-1,
ACTATTTCCGGGCCCA-1,
ACTCAAGTGCAAGGCT-1,
ACTCAATAAAGGCACG-1,
ACTCCCATTCCTAAAG-1,
ACTCCCGAATTCGTTT-1,
ACTCCCGTAGACTAGG-1,
ACTCCCTAATGCTAAA-1,
ACTCCCTAGAATAGTA-1,
ACTCGTAACCCGTCCT-1,
ACTCGTCAGTAATCCC-1,
ACTCTCTGACTTAGGT-1,
ACTCTTGTATAGTAAC-1,
ACTGAAACGCCGTTAG-1,
ACTGAATGGCGAAAGT-1,
ACTGCCGTCGTAACTC-1,
ACTGTACGATACACAT-1,
ACTGTAGCACTTTGGA-1,
ACTGTCCAGGATTATA-1,
ACTGTCTTCTTTAGAA-1,
ACTTACGCATCCACGC-1,
ACTTATACTTACCCGG-1,
ACTTATTAGGATCGGT-1,
ACTTATTTATGTGCCA-1,
ACTTCAGGCTGATCCC-1,
ACTTCCATGCGGGACA-1,
ACTTCGCCATACGCAC-1,
ACTTGACTCCCTCTTT-1,
ACTTGGGACCCGGTGG-1,
ACTTTACCCTCATGAA-1,
ACTTTCCTATAGCTTC-1,
AGAACGTGGTACATTC-1,
AGAAGAGCGCCGTTCC-1,
AGAAGGTTGCCGAATT-1,
AGAAGGTTGTAGGTCG-1,
AGAAGTGATTCGTGAT-1,
AGAATTATGGATTCGA-1,
AGACCATGGGATACAA-1,
AGACCCACCGCTGATC-1,
AGACCCGCCCTCCTCG-1,
AGACCGGGAAACCCTG-1,
AGACGAAGTGCCGGTC-1,
AGACGACGATGCCGCT-1,
AGACTAGCCTTCCAGA-1,
AGAGAACCGTCTAGGA-1,
AGAGAAGGAGTACAAT-1,
AGAGATCTCTAAAGCG-1,
AGAGCAGTTATGAGAC-1,
AGAGCGCTTGTAACGG-1,
AGAGCGGGCTAATCAT-1,
AGAGCGTACAAGCTCG-1,
AGAGGCTTCGGAAACC-1,
AGAGTAAACTTCACTA-1,
AGAGTATAGTGTTACG-1,
AGATAACTTCAGGGCC-1,
AGATACCAGCACTTCA-1,
AGATACCGGTGTTCAC-1,
AGATACGACTTCATAT-1,L1
AGATACTCAAGATCGA-1,
AGATCGTGCATAAGAT-1,
AGATCTCAGGTGTGAT-1,
AGATGACTCGCCCACG-1,L6
AGATGAGGGTTGCGAT-1,
AGATGATGGAGTCTGG-1,
AGATTATAGGACGTTT-1,
AGCAAAGGCCGCTAGT-1,
AGCAACATATCTTATT-1,
AGCACCAGTACTCACG-1,
AGCACTACCGGCCTGT-1,
AGCACTACCTCACCAG-1,
AGCACTTAAGGACGCC-1,
AGCAGCCAGATGAATA-1,
AGCATATCAATATGCT-1,
AGCATCATTTCGAAAG-1,
AGCATCGTCGATAATT-1,L6
AGCCACAGGTTACCCG-1,
AGCCACTCCCGTGCTT-1,
AGCCCATACATGTAAG-1,
AGCCCTAAGCGAAGTT-1,
AGCCCTTCTAATCCGA-1,
AGCCGTGGCTAAATGT-1,
AGCGACAGGAACGGTC-1,
AGCGACATCCCATTCA-1,L5
AGCGACCAACGATATT-1,
AGCGCATAATGAATCG-1,
AGCGCGGGTGCCAATG-1,
AGCGGTTGCCGCTCTG-1,
AGCGTGGTATTCTACT-1,
AGCTAAGTACGCAGGC-1,
AGCTAGAAGCAGAAGT-1,
AGCTATTTAATCCAAC-1,
AGCTCCTTCGCACATC-1,
AGCTCGTTGATGGAAA-1,
AGCTCTAGACGTTCCA-1,
AGCTCTTCCCAGTGCA-1,
AGCTCTTCGTAACCTT-1,
AGCTCTTTACTCAGTT-1,
AGCTGAAGTAAACCAA-1,
AGCTGTAACCTCAATC-1,
AGCTTGATCTTAACTT-1,
AGGACAGTCGAATCCC-1,
AGGACATCGCACGTCG-1,L23
AGGACGACCCATTAGA-1,
AGGACGCTCGATGTTG-1,
AGGAGACATCCACAGT-1,
AGGAGGCCTTCGCGCG-1,
AGGATAAAGTCGGGAT-1,
AGGATATAGGGATTTA-1,
AGGATCACGCGATCTG-1,
AGGATTGCTTACGACA-1,
AGGCAGATGCGTAAAC-1,
AGGCAGGGAGCGTACT-1,
AGGCATTGTCGTAGGG-1,
AGGCCACCCGTTATGA-1,
AGGCCCATTGTACAGG-1,L4
AGGCCCTAGAACGCCA-1,
AGGCCTGAGAATCTCG-1,
AGGCGTCTATGGACGG-1,
AGGCTATGGTTAGCTT-1,
AGGCTTCCCGAAGAAG-1,
AGGCTTGCTAGACACC-1,
AGGGAAACGAGGTACT-1,
AGGGACCGGCTGCGTT-1,
AGGGACTCTACGCGAC-1,
AGGGAGACATACTTCG-1,
AGGGCGAGCAGCTGAT-1,
AGGGCGTGATCGGCTA-1,L4
AGGGCTGCAGTTACAG-1,
AGGGTCAGTAACCCTA-1,
AGGGTCGATGCGAACT-1,
AGGGTGCTCTCGAGGG-1,
AGGGTGGATAGTGCAT-1,
AGGGTTCCCTTTGGTT-1,
AGGGTTTAGTTCGGGA-1,
AGGTACGATATTGCCA-1,
AGGTAGGTACAAAGCT-1,
AGGTATAATTGATAGT-1,
AGGTCAGGTGAGAGTG-1,
AGGTCGCGGAGTTACT-1,
AGGTGTATCGCCATGA-1,
AGGTTGAGGCACGCTT-1,
AGGTTTCACACACCTT-1,
AGTAATGTCTTGCCGC-1,L5
AGTACATCATTTATCA-1,
AGTACGGCCCGTATCG-1,
AGTACTCTTATGCCCA-1,
AGTAGGAAGGAAGTTG-1,
AGTAGGTAACATACAT-1,L23
AGTATAATACTAGGCA-1,
AGTATTTGGCACGACC-1,
AGTCAACACCACCATC-1,
AGTCAAGATGACACTT-1,
AGTCACTAGCTCTCGA-1,
AGTCCATTGGCTGATG-1,
AGTCCCGCCTTTAATT-1,
AGTCGACGGTCTCAAG-1,
AGTCGGCCCAAACGAC-1,
AGTCGGCTCAACTTTA-1,
AGTCGGTTGCGTGAGA-1,
AGTCGTATAAAGCAGA-1,
AGTCGTCGACCACCAA-1,
AGTCGTGGGCATTACG-1,
AGTCTAAAGTATACTC-1,
AGTCTCACAAGACTAC-1,
AGTCTTCTCCTCAAAT-1,
AGTGAACAAACTTCTC-1,
AGTGAAGATGGTGTCC-1,
AGTGACCTACTTTACG-1,
AGTGAGACTTCCAGTA-1,
AGTGAGCCTCGCCGCC-1,
AGTGATAACCTGCGCG-1,
AGTGATATGAGTAGTT-1,
AGTGATTCAAGCAGGA-1,
AGTGCACGCTTAAGAA-1,
AGTGCGTAGCTCGTAA-1,
AGTGCTAAACACAGCA-1,
AGTGCTTGCACGAATA-1,
AGTGGCGGCAATTTGA-1,
AGTGGCGTCTGAAGGT-1,
AGTGGCTCCGTCGGCC-1,
AGTGTATTGCGCATTG-1,
AGTGTGGTCTATTGTG-1,
AGTTAAACACTTGCGA-1,
AGTTAAGCGGTCCCGG-1,
AGTTAAGTCAACCGCT-1,
AGTTACCGCACATGGT-1,
AGTTACTCTATCGTGG-1,
AGTTCCTACAGAATTA-1,
AGTTCCTATTTATGTT-1,
AGTTTATGTAAAGACA-1,
AGTTTCGCAGGTCGGA-1,L1
AGTTTGCACCTGCCTC-1,
AGTTTGGCACGGGTTG-1,
AGTTTGGCCAGACCTA-1,
ATAAACGGACCCGTAA-1,
ATAAAGGCTCGGTCGT-1,
ATAAATATTAGCAGCT-1,
ATAACGCCGGAGGGTC-1,
ATAACGGAGTCCAACG-1,
ATAAGGTGGAGAACAT-1,
ATAAGTAGGATTCAGA-1,
ATAAGTAGGGCGACTC-1,
ATAAGTTACCGCGACG-1,
ATAATAGCTGTTGAAT-1,
ATAATAGTGTAGGGAC-1,
ATAATCTTGGAGAACC-1,
ATACAGGCCCTCCAAT-1,
ATACCACGGGCAACTT-1,
ATACCGTCATCCATAA-1,
ATACCTAACCAAGAAA-1,
ATACGCCGGCGAAACC-1,
ATACGGAACGTCGTTT-1,
ATACGGGTTTCGATTG-1,
ATACGGTGAAGATGCA-1,
ATACGTACTTAGCCAC-1,
ATACGTCCACTCCTGT-1,
ATACTAGCATGACCCT-1,L6
ATACTGCCTTACACCG-1,
ATAGACAACGGGACCT-1,
ATAGACGAAGAGAAAG-1,
ATAGAGTACTGGGACA-1,
ATAGAGTTATCAACTT-1,
ATAGGCGGCTATAGAA-1,
ATAGGCTAGCTTCGCA-1,
ATAGGGATATCCTTGA-1,
ATAGGTTGGGCAGATG-1,
ATAGTGAAGCGTTCTC-1,
ATAGTTCCACCCACTC-1,
ATATAAAGCGCTCGTG-1,
ATATAAATGTAGCTGC-1,
ATATCAACCTACAGAG-1,
ATATCGGTAGGGAGAT-1,
ATATCGTTCCTCGAAC-1,
ATATCTCCCTCGTTAA-1,
ATATCTTAGGGCCTTC-1,
ATATGTCTCCCTAGCC-1,
ATATTCAGTTAAACCT-1,
ATATTCCACATAGTGA-1,
ATATTGCTGTCAAAGT-1,L23
ATATTTAACCCTCAAG-1,
ATCAAACACTGTTCCA-1,
ATCAAACGAAGGTTTG-1,
ATCAATCTGGGCTGCA-1,
ATCACATTAGAATATC-1,
ATCACGTGCTAATTAA-1,
ATCACTTCATCCTCGC-1,
ATCAGACGGCACGCCG-1,
ATCAGCCTCATGCTGC-1,
ATCAGCTCGTCCACTA-1,
ATCAGTAGGCAGGGAT-1,
ATCATCCAATATTTGT-1,
ATCCAACGCAGTCATA-1,
ATCCAATGGAGGGTCC-1,
ATCCACATCGACAGAA-1,
ATCCAGAGCAACAACC-1,
ATCCAGGATTCGTGAA-1,
ATCCTACCTAAGCTCT-1,
ATCCTGAATCGCTGCG-1,
ATCCTGCGTGGAATGG-1,
ATCGACCCAATACAGA-1,
ATCGACTCTTTCCGTT-1,
ATCGCACGCCGGGAGA-1,
ATCGCCAGTCAACATT-1,
ATCGCTGCGTGCAGCA-1,
ATCGGAGACAGACGGC-1,
ATCGGCAAGCAGTCCA-1,
ATCGTTAGCTAGCGGA-1,
ATCTAATATCCTACGG-1,
ATCTCCCTGCAATCTA-1,
ATCTGCACCTCTGCGA-1,
ATCTGGTTAAGACTGT-1,
ATCTGTAATTGTACCC-1,L4
ATCTTGACCTGCAACG-1,
ATCTTGACTTGTCCAA-1,
ATCTTTCGTATAACCA-1,
ATGAAGCCAAGGAGCC-1,L6
ATGACGCCGGCTCTAA-1,L5
ATGACGCGTTCTATCC-1,
ATGACTATGCGACATT-1,
ATGAGGAGTGTTAATC-1,
ATGATCGGGAATAGAC-1,L5
ATGATGCAATGGTACA-1,
ATGCACTACCGCATTG-1,
ATGCATGATCCAGGAT-1,
ATGCCAATCGCTCTGC-1,
ATGCCATTTGCGACCA-1,
ATGCCGGTCTTGCATA-1,
ATGCCGGTTGATGGGA-1,
ATGCGACAGTCCCATT-1,
ATGCGAGTCCCACCAC-1,
ATGCTCAGTGTTGCAT-1,
ATGCTCTGGCGCGGTA-1,
ATGGAGCAGGCCGTGA-1,
ATGGATCCGGCGTCCG-1,
ATGGATTGACCAAACG-1,
ATGGGCCTCGGCCTCT-1,
ATGGTCGCGTGGTTTC-1,
ATGTAAGGCTGCTCTT-1,
ATGTGAAAGCCTAATG-1,
ATGTGCATCCGACGCA-1,
ATGTGGACATCTTGAT-1,
ATGTTCGTCGACCCAC-1,
ATTAAACATGCGGACC-1,
ATTAATACTACGCGGG-1,
ATTAATGAACCAGTCG-1,
ATTAATTCGGTCACTC-1,
ATTACGACTCCACAGT-1,
ATTACGCGCTGGCAGG-1,
ATTACTAGCCTCTTGC-1,L4
ATTACTTACTGGGCAT-1,
ATTAGATTCCTCAGCA-1,
ATTAGATTGATAGCGG-1,L5
ATTAGGCGATGCTTTC-1,
ATTATACTTTGCTCGT-1,
ATTATAGCTACTTTAC-1,
ATTATGCCATAGGGAG-1,L6
ATTATTATGTCCGTCA-1,
ATTCACTGATGTTGGA-1,
ATTCAGGACCTATTTC-1,
ATTCAGTAGCAGGGTC-1,
ATTCATATACTGTCCA-1,
ATTCATCGTTGAGGCA-1,
ATTCCCACATAAACAA-1,
ATTCCTAAGACGTGGA-1,
ATTCCTCCGCCAGTGC-1,L5
ATTCGACGCCGGGCCT-1,
ATTCGTGCTATCTCTT-1,
ATTGAAGATCTTAGTG-1,
ATTGACCGGCGATGAC-1,
ATTGATGAGTCCTAAC-1,
ATTGCCTTTATGTTTG-1,
ATTGCGATCAGTAACT-1,
ATTGCTGCTCCTCCAT-1,
ATTGGGAATATCTTGG-1,L1
ATTGTACAACTCGGCT-1,
ATTGTCGCAATACCTT-1,
ATTTAACTCGTATTAC-1,L23
ATTTACAGTTTACTGG-1,
ATTTACTAAGTCCATT-1,
ATTTCATTATTTCGCG-1,
ATTTCCGGGTTCTGCG-1,
ATTTGCGCGAGTAGCT-1,
ATTTGTCTTGGGAGCT-1,
ATTTGTTCCAGGGCTC-1,
CAAACGAGTATCGCAG-1,
CAAACGGTCGCACTTT-1,
CAAACTACGATAGAGA-1,
CAAACTATTGAGCTTC-1,
CAAACTCGCGACGCCG-1,
CAAAGATTATTGGGCC-1,
CAAATCTCTCACAAGG-1,
CAAATGTCCTTCCGTG-1,
CAAATTGGATTATGCC-1,
CAAATTGTCAGCAAGC-1,
CAACCTGAACCTGCCA-1,
CAACGACCCGTTTACA-1,L5
CAACGGTTCTTGATAC-1,L4
CAACTATATCGAATGC-1,
CAACTCCTTGATCCCG-1,L5
CAACTGCTCATCCGAT-1,
CAAGAGGGCGGAGTAC-1,
CAAGATATTATAACGT-1,
CAAGCAACGTCGGAGT-1,
CAAGCACCAAATGCCT-1,
CAAGCGGCACATAATT-1,
CAAGGATCGCATGTTC-1,
CAAGGTCCTATAGGCT-1,
CAAGTGTGGTTGCAAA-1,
CAATAAACCTTGGCCC-1,
CAATATTCTTGACCTA-1,
CAATCCCTATACCAGC-1,
CAATGAGGTTCGACTA-1,
CAATGCGAGAAGTATC-1,
CAATGGATCTCTACCA-1,
CAATTAAGGGTGATGA-1,
CAATTTCGTATAAGGG-1,
CACAAGAAAGATATTA-1,
CACAATGAGCTGCTAT-1,
CACACAGGGATAGATT-1,
CACACGCGCTGTCTTA-1,
CACAGCACCCACGGCA-1,
CACAGCTAGGGAGTGA-1,L6
CACAGGGCCATATAGT-1,
CACATATTAGCAGGAT-1,
CACATCTCACCGACGA-1,
CACATGATTCAGCAAC-1,
CACATTCTTTCGATGG-1,
CACATTTCTTGTCAGA-1,
CACCATCGGAGGAGAC-1,L1
CACCCAAATCTTATGT-1,
CACCCACACGTCACCC-1,L4
CACCCACGAGGCAATT-1,
CACCCGGTTTGTGACT-1,
CACCCTAACAAGATCT-1,
CACCCTTGGTGAGACC-1,
CACCGATACACCGAGC-1,
CACCGCCAGAAGGTTT-1,
CACCGCGTCCACTCTA-1,
CACCGTATCCCATCCG-1,
CACCGTTAGGGATCAC-1,
CACCGTTGCGCGATAT-1,
CACCTAATAGAGTCGT-1,
CACCTAATCAGTTTAC-1,
CACCTCGATGGTGGAC-1,
CACCTTGCGAAACTCG-1,
CACCTTGGCGCCTTTG-1,
CACGAAAGTTAGTCCC-1,
CACGCACAGCGCAGCT-1,
CACGCAGCGAGGCTTT-1,
CACGCGGAACTGTTGC-1,
CACGGACGTGGATGGC-1,
CACGGCGCGCCAAAGG-1,
CACGGGATTGAGGGTT-1,
CACGTCGGCAACCTCT-1,
CACGTTCGTGCTCTAG-1,
CACGTTTCGTACACAC-1,
CACTAAAGTTGCCTAT-1,
CACTCAAGAGCTATGG-1,
CACTCAGCTCTTGAGG-1,
CACTCCTATGTAAGAT-1,
CACTCCTCTCGGTCGG-1,
CACTCGAGCTGAACAA-1,
CACTCGGTTAGGAGGA-1,
CACTGTCCAAGTGAGA-1,L5
CACTTAATCAGACGGA-1,
CACTTCGCCACAGGCT-1,
CAGAACTTAGCCCTCT-1,
CAGACACCGATCGCTG-1,
CAGACCTGTAAGTGTT-1,
CAGACGAACCTGATAC-1,
CAGAGACGGTCACCCA-1,
CAGAGCATGAGCTTGC-1,
CAGAGGCGATGCATGA-1,
CAGATACTAACATAGT-1,
CAGATCATTTAAAGTC-1,
CAGCAGCCCGTTCCTT-1,
CAGCAGTCCAGACTAT-1,
CAGCAGTCTGTGCTGC-1,
CAGCCGGGCCCTCTAT-1,
CAGCCTCCTGCAGAGG-1,
CAGCCTCTCCTCAAGA-1,
CAGCGATTCCCTTCAA-1,
CAGCTCACTGAGACAT-1,
CAGCTCGACAAGTTAA-1,
CAGCTCGTGCTTGTGT-1,L23
CAGCTGGCGTAACCGT-1,
CAGCTTAGTAGGTAGC-1,
CAGGAAGACTTTATAT-1,
CAGGATATATCGTTGT-1,
CAGGCAGTCTTACCAG-1,
CAGGCCGTTTGGGTGT-1,
CAGGCGCACGGTGGTC-1,
CAGGCGCCATGCTAGG-1,
CAGTAACTATTTATTG-1,
CAGTAATCCCTCCCAG-1,
CAGTACATTCTCTAAA-1,
CAGTACCAGTTTACGT-1,
CAGTAGCCCACGCGGT-1,
CAGTCGAGGATGCAAT-1,
CAGTCTGTATACTGGG-1,
CAGTGAATAAATGACT-1,
CAGTGTCCGCAGAATG-1,L23
CAGTGTCGGCTGGCCC-1,
CAGTTCAAATTGACAC-1,
CAGTTCCGCGGGTCGA-1,
CATAACGGACAGTCGT-1,
CATAAGAAGCTTGGCT-1,
CATAAGCTCTCCGTCT-1,
CATACCCGTACCCAGT-1,
CATACGGCGTCTGGGC-1,
CATACTATGTAATTGT-1,
CATAGCCGCCCGGGAT-1,
CATAGCGTTGCCCACC-1,
CATAGTACATTGAGAG-1,
CATAGTAGCATAGTAG-1,L5
CATAGTCCACAAGAAC-1,
CATATACTACTGATAA-1,
CATATAGGTACAGTCA-1,
CATATGTCAGGCTACG-1,
CATCAAACTGGCGCCC-1,
CATCATCTACCCGGAC-1,
CATCATTACCCTGAGG-1,
CATCCTCTCAAAGATC-1,
CATCGCCCGCGGCCAA-1,L23
CATCGGACGGGTTAAT-1,
CATCGTCCGGTTACTA-1,
CATCTATCCCGTGTCT-1,
CATCTTACACCACCTC-1,
CATGACTTCGCTGAAT-1,
CATGAGATGCACTCTC-1,
CATGATGCACAATTCT-1,
CATGATGGAAGTTAGC-1,
CATGCCAACTCGCAAA-1,
CATGCGACCAGTTTAA-1,
CATGCGTTAGACAGAA-1,
CATGCTGGCTCCAATT-1,L1
CATGGCAGGAAGATCG-1,L5
CATGGGTATGCCTTAT-1,
CATGGGTCGGGTGTGG-1,
CATGGTAAGTAGCGTT-1,
CATGGTCTAGATACCG-1,
CATGTAAGAGACATTT-1,
CATGTAGGAGCGCCAA-1,
CATGTCTCATTTATGG-1,
CATTACATAGATTGTG-1,
CATTACGTCGGCCCGT-1,
CATTATGCTTGTTGTG-1,
CATTCCCATTCCGTCG-1,
CATTGATGAACACGCC-1,
CATTGCGAAATGGGCG-1,
CATTGCGGGTCAATTC-1,
CATTTAGCGGACCATG-1,
CATTTGAGTGGTACGT-1,
CCAAACAGAACCCTCG-1,L6
CCAACGATGCACTGAT-1,
CCAACGCTTGCCAGGG-1,
CCAAGAAAGTGGGCGA-1,
CCAAGACTTCTGCGAA-1,L6
CCAAGCGTAACTCGTA-1,
CCAAGGAACAGAGAGG-1,L23
CCAATAGTGCCGTCGA-1,
CCAATCGGTAGATCGA-1,
CCAATGTCACAGCAAG-1,
CCAATTACGGGTCGAG-1,
CCAATTGAATGTTAAT-1,L5
CCACAATGTACGTCTT-1,
CCACACTGAGATATTA-1,
CCACAGTACCCATCCT-1,
CCACCAACTTTACTGT-1,
CCACCCAAGGAAAGTG-1,
CCACGAATTTAACCTC-1,
CCACGAGAAGAGAATC-1,
CCACGGAGCCATAAGA-1,
CCACGGTGCCCGGTAG-1,
CCACTATCCGGGTCAC-1,
CCACTGGTGGCTGGTT-1,
CCAGAAAGCAACTCAT-1,
CCAGAGACAAAGCCGG-1,
CCAGATAGTTGAGTGA-1,
CCAGATGTAAATGGGT-1,
CCAGCCTGGACCAATA-1,
CCAGCTGATGGTACTT-1,
CCAGCTTCCGCCCGCA-1,
CCAGGGACGTGGCCTC-1,
CCAGTAGTCTGATCCA-1,
CCAGTCTAGACGGCGC-1,
CCATAAACAACCCGAC-1,
CCATACCTTTACTTGT-1,
CCATAGGTTGGCGTGG-1,L5
CCATATGGAAACTATA-1,
CCATCGCAGTTAAACT-1,
CCATCTCACCAGTGAA-1,
CCATGCCCTAGATTTC-1,
CCATGCCTGTTTAGTA-1,
CCATGCTCTGCAGGAA-1,L5
CCATGGCCCTTGTACC-1,
CCATTAGCGATAATCC-1,
CCATTCCCTGCCCACA-1,
CCATTGTTTCCTCCAT-1,
CCATTTCTACCTATTA-1,
CCCAAACATGCTGCTC-1,
CCCAACATACGTCGCG-1,
CCCAATTTCACAACTT-1,
CCCAGAGGAGGGCGTA-1,
CCCAGTTAAGGCGCCG-1,
CCCGACCATAGTCCGC-1,
CCCGAGTTTCTCCGTA-1,
CCCGCAGCGCGAACTA-1,
CCCGCAGGGCCCAAAG-1,
CCCGCCATGCTCCCGT-1,L5
CCCGCGCAATGCACCC-1,
CCCGGTGGAAGAACCT-1,
CCCGTAAGTCTAGGCC-1,
CCCGTAGCTGGGAAGA-1,
CCCGTCAGCGTCTGAC-1,L6
CCCTCATTCTGGAATT-1,L4
CCCTCCTCGCTCGTAT-1,
CCCTGAAATGAGTTGA-1,
CCCTGACTAACAAATT-1,
CCCTGCCCAATCCGCT-1,
CCCTGCGCTACGCATA-1,
CCCTTTGACAGGTCTT-1,
CCGAAAGTGGTGAGCA-1,
CCGAACACTGGGCCTC-1,
CCGAACCTTCCCGGCC-1,
CCGAAGTATATTGTTC-1,
CCGACAAAGGGAGTGC-1,
CCGACGGGCATGAGGT-1,
CCGACGTAAACACAAC-1,
CCGAGCTGTGCTTGTC-1,
CCGATCTCAACCTTAT-1,
CCGATTCGAGGGACCC-1,
CCGCACAAAGACCAAC-1,
CCGCACGTGACCTCGG-1,
CCGCATGTGGTACGAT-1,
CCGCCGGTCAACACAC-1,L23
CCGCCTGCGAATTGGT-1,
CCGCGGAATGCGTCAC-1,
CCGCGGGTACGAAGAA-1,
CCGCGTAGGTAAGGGC-1,
CCGCTATCAGCACCAG-1,
CCGCTTACCTCACTCT-1,
CCGCTTGCTGACATGG-1,
CCGGAATGGTTTCAGT-1,
CCGGAGCGTACTTTCT-1,
CCGGAGGTCTTATGGT-1,
CCGGCACGACCGTTTC-1,
CCGGCGCATATTGGAT-1,L23
CCGGGACCCGCAGAGA-1,L4
CCGGGCGGTCTCGTCA-1,
CCGGGCTGCTCCATAC-1,
CCGGGTTCGAGGTTAC-1,
CCGGTTTGTAATTGTG-1,
CCGTAAGTTGGTCCCA-1,
CCGTAGGAAATCCCTG-1,
CCGTATCTCGTCGTAG-1,
CCGTATTAGCGCAGTT-1,
CCGTGGAACGATCCAA-1,
CCGTGTTAAATTCCAT-1,
CCGTTACGTTAGAACA-1,
CCGTTCCGAATCTCGG-1,
CCTAAAGGCTGACGCT-1,
CCTAAATTAACGGTTC-1,
CCTAACCCAAACAAGT-1,
CCTAACTAAGGCTCTA-1,
CCTACATTCACAGACG-1,
CCTACGGCTCAGTCGA-1,L23
CCTACTGCTTACACTT-1,
CCTAGGCGTAGCGATC-1,
CCTAGTTAGTCGCATG-1,
CCTATAATGAGTGCCC-1,
CCTATACCGTCCTGTC-1,
CCTATCTATATCGGAA-1,
CCTATGAAGTGGTGCC-1,
CCTATGGGTTACCGTC-1,
CCTATGTCCACTCCAC-1,
CCTCACCAATCTTGAC-1,L23
CCTCACCTGAGGGAGC-1,
CCTCACCTTAGCATCG-1,
CCTCCGACAATTCAAG-1,
CCTCGAAGTGGACGGG-1,
CCTCGCCAGCAAATTA-1,
CCTCGCGCGATATAGG-1,
CCTCGCGCTGTGCGAT-1,
CCTCGGACCGGGATAG-1,
CCTCGGATGCTACCTG-1,
CCTCTAATCTGCCAAG-1,
CCTCTATCGATTAGCA-1,
CCTCTCTCCCATCTAG-1,
CCTCTGGCCTAGACGG-1,
CCTCTGTACTATTCTA-1,
CCTGAACGATATATTC-1,
CCTGAATATTTACATA-1,
CCTGACCACCGATGGT-1,
CCTGCGTTCTACGCTT-1,
CCTGCTATTTGAGAAG-1,
CCTGGCTAGACCCGCC-1,
CCTGGTCGAATGTGGG-1,
CCTGTAAGACATGATA-1,
CCTGTACTCACGCCCA-1,
CCTGTCACCCGGGCTC-1,
CCTGTCCCTCACGTTA-1,
CCTGTCGCCCGTAAAT-1,
CCTGTTTGAAGACACG-1,
CCTTCTCAGCGTTCCT-1,
CCTTCTTGATCCAGTG-1,
CCTTTAAGGGAGCACT-1,
CCTTTCAATGAAGAAA-1,
CGAAACATAGATGGCA-1,
CGAAACGCAATTCATG-1,
CGAACAGTATGGGCGT-1,
CGAACCCGCATGCGTC-1,
CGAACGCCCAGTGCCG-1,
CGAACGGCCGGACAAC-1,
CGAAGCTATAAATTCA-1,
CGAAGTTGCTCTGTGT-1,
CGACAATTTGATCTAA-1,
CGACACGCTCCGACAG-1,
CGACAGTTCGCGTTAT-1,
CGACTCAGGATGTTAT-1,
CGACTTTGTATAGCCT-1,
CGAGACCCTAGAGTGT-1,
CGAGAGATGTGAACCT-1,
CGAGAGCTTTCACTAC-1,
CGAGCACTTCAAGTTT-1,
CGAGCTGGGCTTTAGG-1,
CGAGGAGCTTCCATAT-1,
CGAGGATCGGGAACGA-1,
CGAGGCTAAATATGGC-1,
CGAGGGACTGCGGTCG-1,
CGAGTACTAAAGAGGA-1,
CGAGTGAAGGTACCAG-1,
CGAGTTCTGTCCCACC-1,
CGAGTTTATCGGACTG-1,
CGATACCTCGCGGACA-1,
CGATAGTCGTACTGCA-1,
CGATCCGACCCAGTGC-1,
CGATCTGTTGGAGGAC-1,
CGATGGACCCTACGCC-1,
CGATTAAATATCTCCT-1,
CGATTCGCCTGGCTGC-1,
CGCAAACACGAGTTAC-1,
CGCAATTACTTTCGGT-1,
CGCAATTAGGGTAATA-1,
CGCAATTCTACAATAA-1,
CGCACATGTCCACTAC-1,
CGCACGTGCGCTATCA-1,
CGCAGATCTTCACCCG-1,
CGCAGGCGATCCAAAC-1,
CGCATCCATCAGCCAG-1,
CGCATGGTGCGATGCT-1,
CGCATTAGCTAATAGG-1,
CGCCAAGAAGCCGAGT-1,
CGCCATCCGATTATGA-1,
CGCCCAGCACGCCTAG-1,
CGCCCAGCGTTTCACG-1,
CGCCCGCTTCCGTACA-1,
CGCCCTTGAAGGCTGA-1,
CGCCGCCCATGCCTGT-1,
CGCCTCCCTCCTCTAT-1,
CGCCTGGCCTACGTAA-1,
CGCGACCGCGACAGAT-1,
CGCGAGAGGGACTTGT-1,
CGCGAGTCTGCCGGGT-1,
CGCGCAAATGTCCAGA-1,
CGCGCATGTTTGATTG-1,
CGCGCCCGACTTAATA-1,
CGCGGCTCAACTTGAA-1,
CGCGGGAATTAGGCAG-1,
CGCGGTAAGTCTAGCT-1,
CGCGGTCACAAACCAA-1,
CGCGTTCATGAAATAC-1,
CGCTACGGGACATTTA-1,
CGCTAGAGACCGCTGC-1,
CGCTATACCGCCCACT-1,L1
CGCTATTCAATGTATG-1,
CGCTATTCTTAGGCTC-1,
CGCTCGACATAATGAT-1,L5
CGCTCTCCGTAGATTA-1,
CGCTGGTGACTACCCT-1,
CGCTGTGACGCCGCAC-1,
CGCTGTGTGGATGTTG-1,
CGCTTATTCCCGGTCG-1,
CGCTTCCACTGAAATC-1,L4
CGCTTTCATACCGGTG-1,L23
CGCTTTCTTGCATTCG-1,
CGGAAAGAATCAAACG-1,
CGGAACGTAAACATAG-1,
CGGAGCAATTTAATCG-1,
CGGAGCATGGCGATCC-1,
CGGAGTTTGAGAGACA-1,
CGGATCCTCAAGGACT-1,
CGGCAAACATCGTGCG-1,
CGGCAGGGTCGGGTTG-1,
CGGCCACGCACAAAGT-1,
CGGCCCAACCTGTAGT-1,
CGGCCCAGGTATATCC-1,
CGGCGCCATCAATCCC-1,
CGGCTCTAAAGCTGCA-1,
CGGGAATATAGTATAC-1,
CGGGAATTTATGTAAA-1,
CGGGAGCTTCAGTGTA-1,
CGGGATCAATGTAAGA-1,
CGGGCAGCTAAACCGC-1,
CGGGCCTTCTTTGTAA-1,
CGGGTGTACCCATTTA-1,
CGGTACTAGAATCAAA-1,
CGGTAGAGGTGCAGGT-1,
CGGTCAAGTGGGAACC-1,
CGGTCCATGAGACTCC-1,
CGGTCTATCAACCCGT-1,
CGGTGAAGACTAAAGT-1,
CGGTGCAGATAGAACG-1,
CGGTGCGCGTTGGTCC-1,
CGGTGGGCTCCAGCCT-1,
CGGTGTACTTGATCCC-1,L23
CGGTTATCCAACAGTG-1,
CGGTTCAAGTAGGTGT-1,
CGGTTGACCTGGCATA-1,
CGTACCTGATAGGCCT-1,
CGTAGCGAATTGTCAG-1,
CGTATTAAGAGATCTA-1,
CGTCAAATGGTCGCAG-1,
CGTCAAGGCTATAAAT-1,
CGTCACGTCCATTGGT-1,
CGTCGCATGTGAGCCA-1,
CGTCGGATAGTGTTGA-1,
CGTCGGGTCTAAGCGC-1,
CGTCGTCCTTCGCGAA-1,
CGTCTGGAAGGGCCCG-1,L5
CGTGAAGTTAATTCAC-1,
CGTGACATTGGGTCGT-1,
CGTGCAGACTGGGACA-1,
CGTGCATTGTCGACGC-1,
CGTGCCCTCCCGAAGA-1,
CGTGGCCGAATATCTA-1,
CGTGTCCCATTCGCGA-1,
CGTGTGTTAAACCCTG-1,
CGTTAATGTCCCGACG-1,
CGTTAGCTCACAACTG-1,
CGTTCATGGTGCGCGT-1,
CGTTCTTCGCACACCT-1,
CGTTGAATACCGCGCT-1,
CGTTGAGCGACCGTCG-1,
CGTTGTAAGATTGATT-1,
CGTTGTTTCAATTCCC-1,
CGTTTAAGCGGAGCAC-1,L23
CGTTTACAAGGCAGCT-1,
CGTTTCACTTCGGGCG-1,
CGTTTCGCTCATTACA-1,
CGTTTGTGTAGAGGGT-1,
CTAAAGAATGCCTACT-1,
CTAAAGGGAAATAGGA-1,
CTAAATCCTATTCCGG-1,
CTAACCGCGCGCCCGT-1,
CTAACGAAACTTGCTG-1,
CTAACTGGTCCGGTTC-1,
CTAAGGGAATGATTGG-1,
CTAATTCGCACGCGCT-1,
CTAATTCTCAGATATT-1,
CTAATTTCAACAACAC-1,
CTACAAGAAATAACCC-1,
CTACCCTAAGGTCATA-1,
CTACGACTAGCTATAA-1,
CTACGCACGGAGTACC-1,
CTACGCCATTTCCGAT-1,
CTACTATCATAGGTTT-1,
CTACTATCTTTCAGAG-1,
CTACTCTAGGCCCGGC-1,
CTACTGCCACCTGACC-1,
CTAGATGTGAGTGTAA-1,
CTAGATTTACGACGGC-1,
CTAGCATAGTATAATG-1,
CTAGCCGATGTTATGA-1,
CTAGGCGCCCTATCAG-1,
CTAGGTCTGAAGGAAT-1,
CTAGGTTCGGACGTGA-1,
CTAGTAGAAAGGGATT-1,
CTAGTATTCGGAATTA-1,
CTAGTCACGTCTTAAG-1,
CTAGTGAAGGACAGGA-1,
CTAGTTACAACCCGGT-1,
CTAGTTGGGCCCGGTA-1,
CTATAAGAGCCAATCG-1,
CTATCGACGAAATACA-1,
CTATCGGGTCTCAACA-1,
CTATGTCACTAGCCCA-1,
CTATGTGAGTCACGGC-1,
CTATTCATGTGTCCCA-1,
CTATTGTGTTTGGTCA-1,
CTATTTGGTTACGGAT-1,
CTCAACTAACCCGGAT-1,
CTCAAGACATTAGCGC-1,
CTCACACGCAAGCCTA-1,
CTCACTGTGATACTTA-1,
CTCACTTGGCTGGTAA-1,
CTCAGGACTCACCTGT-1,L1
CTCAGTCACGACAAAT-1,
CTCATCACTTAGTGAT-1,
CTCATGGCTCACAATC-1,
CTCATGGTAATTTGCG-1,
CTCATTGCTCTAACAA-1,
CTCATTTGATGGGCGG-1,L6
CTCCCTCCTTTCGATC-1,
CTCCGCCCACATGAGG-1,
CTCCGGCCTAATATGC-1,L5
CTCCTTTACGCAAGTC-1,
CTCGAGGTCGAACAGT-1,
CTCGATATTTGCGAGC-1,
CTCGCACCTATATAGT-1,
CTCGGTACCACTGCTC-1,
CTCGGTCCGTAGCCTG-1,L5
CTCGGTTGTCGGCCCT-1,
CTCGTTTCTAATGTTT-1,
CTCTAATGCATTGATC-1,
CTCTACACTGGCGATT-1,
CTCTATTTGGCTGCAG-1,
CTCTCACAATCGATGA-1,
CTCTGGACGCCTGGTG-1,
CTCTGTTTGAGGATTC-1,
CTCTTCTATTGACTGG-1,
CTCTTGTCCCGCTTGG-1,
CTGAAAGAGATCCGAC-1,
CTGAATCCGAGACCTC-1,
CTGAATTTATTGCCAG-1,
CTGACTGCGCAGCTCG-1,
CTGATAGTGTATCTCA-1,
CTGCACAACTACATAT-1,
CTGCACCTAGTCCACA-1,
CTGCACCTGGAACCGC-1,L23
CTGCACTCCAGTACAG-1,
CTGCCAAGGTTGGAAG-1,
CTGCCATGCATCACAT-1,
CTGCCTTTCTAGTAAA-1,
CTGCGGGTGAAATGTT-1,
CTGCGTTACGATATAA-1,
CTGCTGAGGCCACGAA-1,
CTGCTTGGCGATAGCT-1,
CTGCTTTATGTCCGCG-1,
CTGGAAATGGATGCTT-1,
CTGGAAGACACGGTGG-1,
CTGGATTTACACTTGA-1,
CTGGCATCCGAATGAG-1,
CTGGCGACATAAGTCC-1,
CTGGCGCACAGGTCTG-1,
CTGGCGGGAATAAGTA-1,
CTGGCTGATTCATCCT-1,
CTGGCTGGTTGTCAGT-1,
CTGGGATAAATAATGG-1,
CTGGGCCTGCTATATC-1,
CTGGGTAGGCAGTTAA-1,
CTGGTAACACATAGAA-1,
CTGGTAACGAGCTCTT-1,
CTGGTCATTCCAATCC-1,
CTGGTTTCGAGCAAGA-1,
CTGTACTTCTTAGCAT-1,
CTGTAGCCATCTCACT-1,
CTGTATGGTGTAGAAA-1,
CTGTCAAATGGCTCGG-1,
CTGTGCAGGGTAGGTC-1,
CTGTGGTCGGGAGATA-1,
CTGTTACCCAATCTAG-1,
CTGTTCACTGCCTGTG-1,L6
CTGTTCATCTCACGGG-1,
CTTAACTTCGAAGTAC-1,L1
CTTACACGGTATTCCA-1,
CTTACACTGGGAAATA-1,L4
CTTAGCCTTCCACATG-1,
CTTAGTAGGCCTACAG-1,
CTTAGTGTAGTAGCAT-1,
CTTCAACTCCACTTGG-1,
CTTCATAGCTCAAGAA-1,L4
CTTCATTGTCAGTGGA-1,
CTTCCGCTCCGTGAAG-1,
CTTCGTAGATAGGTGA-1,
CTTCTATGTTGAAGTA-1,
CTTCTATTAATGCTAG-1,
CTTCTTACGTCGTATA-1,L4
CTTGAGTTAGGGTAAT-1,
CTTGCAACCGCCTCCT-1,
CTTGCCCAGGCTCTAC-1,
CTTGTACTTGTTGACT-1,L6
CTTGTCAACATTCGAG-1,
CTTGTGCTCACCGATT-1,
CTTGTTGCTGAGTCAA-1,
CTTGTTTATGTAGCCA-1,
CTTTAACTTTCAAAGG-1,
CTTTAATATTGGTCGA-1,
CTTTACCGAATAGTAG-1,
CTTTAGGAACACTGTT-1,
CTTTAGTGCTATTATT-1,
CTTTCTGTGCGGGCTT-1,
CTTTGCATCGCTCTTG-1,
CTTTGGCGCTTTATAC-1,
CTTTGGCTTTAGTAAA-1,
GAAACAGATGACCACC-1,
GAAACAGCCATGCAGT-1,L23
GAAACCATGGTGCGCT-1,
GAAACCGAATTACCTT-1,
GAAACTCGTGCGATGC-1,
GAAACTCTAATGAAGG-1,
GAAAGAACAGCGTTAT-1,
GAAAGCAGTGCACTTT-1,
GAAAGCCCTTTGGACC-1,
GAAAGTGACTAACTGC-1,
GAAATATCACCATCAG-1,
GAAATATGCTTGAATG-1,
GAAATCGCGCGCAACT-1,
GAAATGGCGGTGTTAG-1,
GAAATTAGCACGGATA-1,
GAAATTCACATCGCTG-1,L23
GAAATTGTCTCTATAA-1,
GAACAACTGGGATGAA-1,
GAACACACATCAACCA-1,L6
GAACAGATTACTAAAT-1,
GAACCCTCTGTGTTCT-1,
GAACCTTTAACGATCC-1,
GAACGACCGAATGATA-1,L6
GAACGATAAGTTAAAG-1,
GAACGTCTCATGGTCG-1,
GAACGTTAGGAAGACG-1,
GAACTTGTGCACGGGA-1,
GAAGAACGGTGCAGGT-1,L1
GAAGCGTGAGGAATTT-1,
GAAGCTCGGACCCGTC-1,
GAAGCTTGCTGACCGC-1,
GAAGGCTACCATTGTT-1,
GAAGTCAGTTGCACTA-1,
GAAGTCTCCCTAGCGA-1,
GAAGTGATTTATCGTG-1,
GAAGTGCTGGATAGCT-1,L4
GAAGTTTCCACTCAAT-1,
GAATAGACGCGACCCA-1,
GAATAGCCCTGCGGTC-1,
GAATATTCGGAGTCCC-1,
GAATCGACATGGTCAC-1,L6
GAATCTGAACATTCTC-1,
GAATGAAGGTCTTCAG-1,
GAATGTATGGCAGGTC-1,
GAATGTGGTCCGGATT-1,
GAATGTTGGGTAATCT-1,
GAATTATAGTGAAAGG-1,
GAATTCACCCGGGTGT-1,
GAATTTCTCGCTGCAG-1,
GACAAACATATGCAGG-1,
GACAACGACCATTGAA-1,
GACAACGCAGCTTACG-1,L6
GACACAAGGGAAGAAA-1,
GACACGAGTTAGAGGA-1,
GACACTGAGTTCAGTG-1,
GACAGCCAGACCTGAC-1,
GACAGGCACACACTAT-1,
GACATCGATTTATAAC-1,
GACCAGAGCCCTGTAG-1,
GACCCAATTATGATAC-1,
GACCGACGTGAAAGCA-1,
GACCGACTGAAGCGTC-1,
GACCGTCAGGTCGTGA-1,
GACCGTGCTGACGGTG-1,
GACGACGATCCGCGTT-1,
GACGAGGCTAATAAAC-1,
GACGCCGTAAAGGCTA-1,
GACGCTTGCTTCTAAA-1,
GACGGTCAATAGAAGC-1,
GACGTGTAGGGATTAT-1,
GACGTTCGTAAATACA-1,
GACTAAGATCATGCAC-1,L6
GACTAAGTAGGCTCAC-1,
GACTACAAAGCGGTGG-1,
GACTCACCCACGTGAG-1,
GACTCCCAGAATAAGG-1,
GACTCGCGGGAATGAC-1,
GACTGCAAATCGAGCT-1,
GACTGCACCAGCCCAG-1,
GACTGCGGCACGTGTA-1,
GAGACTGATGGGTAGA-1,
GAGACTTCGCGACCGA-1,
GAGAGGGCGCGAGGTT-1,
GAGAGGTGCATTCTGG-1,
GAGATCTGCTTGGCAT-1,
GAGATCTGTCACTCCG-1,
GAGATCTTCCATGACA-1,
GAGATGACAATCCTTA-1,
GAGATGGGAGTCGACA-1,
GAGCACCTGTGTCCAG-1,
GAGCCAGCTACCTGTG-1,
GAGCCGAGCGTTTATT-1,
GAGCGAGGGAGTACCG-1,L4
GAGCGCGCACGAGTAG-1,
GAGCTAAGGGCATATC-1,
GAGCTCTCGGACCTAA-1,L1
GAGCTGTCGTCTCGGA-1,
GAGGAATGGAGAGGTT-1,
GAGGATAAACAGTGCT-1,
GAGGCATTTGCAGCAG-1,
GAGGCCCGACTCCGCA-1,
GAGGCTATCAAAGTCG-1,
GAGGGCCATAATATTA-1,
GAGGGCGCAGCTCTGC-1,
GAGGTACATCCATCTT-1,
GAGGTCCCAAAGATCT-1,
GAGTACGGGTATACAA-1,L23
GAGTATGCCCGCCTTG-1,
GAGTCAGACCAGAATC-1,
GAGTCCGCTTACCGGA-1,
GAGTGTCAACCAGAAA-1,
GAGTGTGCGGTACCCA-1,
GAGTTGATGGCAATTT-1,
GATAAATCGGTGGATG-1,L23
GATAACTCGCACTGTG-1,
GATACGATGGGAGTCA-1,
GATAGGTAACGTTGAC-1,
GATATCTCATGCAATA-1,L1
GATATGAGACACTAAC-1,
GATATGCGGTAGCCAA-1,
GATATGGATTACGCGG-1,
GATATTGAGATTGGCG-1,
GATATTTCCTACATGG-1,
GATCATTCCAAACATT-1,
GATCCCTTTATACTGC-1,
GATCCGGGAATTAACA-1,
GATCCTAAATCGGGAC-1,
GATCCTCGACACTGGC-1,
GATCGACACTATCTGA-1,
GATCGCGGGCTCTCCA-1,
GATCGCTACCCGATTT-1,
GATCGGATAGAACCAT-1,
GATCGGTGGCCATAAC-1,
GATCGTGACTGATATC-1,
GATCTTGGAGGGCATA-1,
GATCTTTGCAGGGTAT-1,
GATGACAAGTAGGGCA-1,
GATGACGATGATCGCG-1,
GATGCCAGCAGAAGGC-1,
GATGCGTCCTGCATTC-1,
GATGCTACAAGCGCCT-1,L5
GATGCTGTATTTCATC-1,
GATGGCGCACACATTA-1,
GATGTAACGAACCACC-1,
GATGTTCAATCCACGA-1,
GATGTTTGTGCGAGAT-1,
GATTAACCGAAAGCCC-1,
GATTACTGAATTTGGG-1,
GATTCCCTTGTCGCAG-1,
GATTCCGCGTTTCCGT-1,
GATTCCTATACGGCGC-1,
GATTCGACGGTTCACG-1,
GATTGGGAAAGGTTGT-1,
GCAAACCCTACATTAT-1,
GCAAACCTTGGCCATA-1,
GCAAATATTACGCTTT-1,
GCAACACACTAGAACT-1,
GCAACAGCAGTATGCG-1,
GCAACCACCAGACCGG-1,
GCAACCACGGCCGCGT-1,
GCAACGGCTAGTTATG-1,
GCAAGAATTCCTTGGC-1,
GCAAGATGTGTTCGCG-1,
GCAAGTGCACAGAGAA-1,L6
GCACACACTGGTAGCC-1,
GCACGCCTACTTAGAT-1,
GCAGACCCAGCACGTA-1,
GCAGATCCATAAGACT-1,
GCAGATTAGGGATATC-1,
GCAGCACACAGCCCAG-1,
GCAGCCTATATCACAT-1,
GCAGGACTATAGAATA-1,
GCAGGTAGAGTATGGT-1,
GCAGTGTGGCTATAGG-1,
GCATACGAGGTCTTTA-1,
GCATAGAGCACTCAGG-1,
GCATCCCTAACTTTGA-1,L23
GCATCGGCCGTGTAGG-1,
GCATGAGGGACGCGGC-1,
GCATTCAAGGCAACGC-1,
GCATTCGAAATGAACA-1,
GCATTGTAATTCATAT-1,
GCATTTCCAAGGCTCC-1,
GCCAACCATTTCCGGA-1,
GCCAATAGGGCATCTC-1,
GCCACAATTTAAGGAC-1,
GCCACTCAGAGCGCGA-1,
GCCAGGAGTAACCGAT-1,
GCCATATTGCACACAG-1,
GCCATCGAGCTGCGTG-1,
GCCATCGATGCTGCAT-1,
GCCCAGTTGGTATGCC-1,L5
GCCCGACTTCTTCCCG-1,
GCCCGATCTGTGGTCG-1,
GCCCGCGCGTAAACGG-1,
GCCCGCGCGTTTGACA-1,L5
GCCCGTAATACCTTCT-1,
GCCGAAATTCCTACGT-1,
GCCGATTGGCCAAGCT-1,
GCCGCATTAGTCCGGC-1,
GCCGCTTGTGAGAAAC-1,
GCCGGGTTAGGGTCGC-1,
GCCTAGCGATCTGACC-1,L5
GCCTATAGTGTCAGGG-1,
GCCTATGCTGGGCCTT-1,
GCCTATTCCGATATAG-1,
GCCTCATCTGGAAATA-1,
GCCTCTATACATAGCA-1,
GCCTTCAGCCCTACCG-1,L4
GCGAAACGATCGGGAG-1,
GCGAAACTTAACTGGA-1,
GCGAAGCCATACCCGT-1,
GCGACATGTAAACATC-1,
GCGACCCAACCATCTG-1,
GCGACGATAGTTGTAC-1,
GCGAGAGGCCATGTAA-1,
GCGAGAGTTGCGTCCA-1,
GCGAGCGCATGCTCCC-1,
GCGAGGCCCGAGCAGA-1,
GCGAGTTCTGCAAAGA-1,
GCGATTGTTAACGTTA-1,
GCGCAAGAGCGCGCTG-1,
GCGCATCCAGTCAGCA-1,
GCGCCGTTCCACGATA-1,
GCGCGTCATTGGTACA-1,
GCGCTAATTGAATAGA-1,
GCGCTATGCCGAGGCA-1,
GCGCTGATCCAGACTC-1,
GCGCTGCTTTGCATTT-1,
GCGCTTAAATAATTGG-1,
GCGGACCGCGTTGTGG-1,
GCGGAGAAACTTCGCA-1,
GCGGAGAGGGAGAACG-1,
GCGGCTCTGACGTACC-1,
GCGGGAACCAGGCCCT-1,L5
GCGGGCATTACGATGC-1,
GCGGGCGAGCCTTACC-1,
GCGGTCCCGGTGAAGG-1,
GCGGTCCCTAGACGCA-1,L1
GCGGTGAACTGCGCTC-1,
GCGGTTCCCTATCATG-1,
GCGTAAATGGCCATAA-1,
GCGTCGAAATGTCGGT-1,
GCGTCGCCAGGGTGAT-1,
GCGTCTCTGCATTGGG-1,
GCGTGGTACTGGGTTA-1,
GCGTTATATTTGGAAC-1,
GCGTTCGGAGACCGGG-1,
GCTAAACCTGAGGTGA-1,
GCTAACTGAAGTCTGA-1,
GCTAAGTAAAGGCGAT-1,
GCTAAGTAGTTTCTCT-1,
GCTAATACCGAATGCC-1,L5
GCTACAGTACGGACCG-1,
GCTACGACTTATTGGG-1,
GCTACTATAGTAGAGT-1,
GCTAGACCGTCTACTG-1,
GCTAGAGTAGAGATGT-1,
GCTAGCAGGGAGTGGG-1,
GCTAGCTTGAATAGCT-1,
GCTAGGCACCACGGAG-1,
GCTAGTAGAGCTTGTA-1,
GCTAGTTTCATTGAGG-1,L23
GCTATACGTCTCGGAC-1,
GCTATCATACTCATGG-1,
GCTATCGCGGCGCAAC-1,
GCTCAATCCGTTTATT-1,
GCTCATTACTGCATGT-1,
GCTCCCAGTCGGTCCA-1,
GCTCCGCTCGCTTCAG-1,
GCTCCTGACATACTGG-1,
GCTCGCGGTTCCGCTC-1,
GCTCGCTCATGTCCAA-1,
GCTCGGAATTTAAAGC-1,
GCTCTAAACCCTGACG-1,
GCTCTATGTTACGTGC-1,
GCTCTCGGGTACCGAA-1,
GCTGAGGCGTGAGTAT-1,
GCTGCACGGTTTCTTA-1,
GCTGCTAAGTAGTCGA-1,
GCTGCTACTGCGTAGC-1,
GCTGCTCTCCGGACAC-1,
GCTGGACCCAAAGTGG-1,
GCTGGCATATTCACCT-1,
GCTGGCGGCGCATGCT-1,
GCTGTATTACTGGCCC-1,
GCTGTTGCTACCGAAC-1,
GCTTAATGTAACTAAC-1,
GCTTACGTAGTTAGTA-1,
GCTTATGAAGCAGGAA-1,
GCTTCCGTCCCTAGAC-1,
GCTTGATGATAATCAG-1,
GCTTGCAGCACAATTG-1,
GCTTGGATCGATTAGG-1,
GCTTTCAGAGGAGGTG-1,
GGAAACCTTGTTGAAT-1,
GGAAAGTGCCCATGCC-1,
GGAACCGTGTAAATTG-1,
GGAACGGCCTGCAGCC-1,
GGAAGCTCGCTTACAG-1,
GGAATGCGCTAGCGTG-1,
GGACCAACAGGATAAC-1,
GGACCTACGGTAACGT-1,
GGACCTCTAGGCCGCC-1,
GGAGAAGTCATTGGCA-1,L6
GGAGACCAATGTGCTT-1,
GGAGACGACACCTTTG-1,
GGAGCACCAAGAACTA-1,
GGAGGGCTTGGTTGGC-1,
GGAGTGCCGCCCTGGA-1,L5
GGATCATCCCGTACGC-1,
GGATCCGGAATATACT-1,
GGATCTTGACTCAACC-1,
GGATGAAGATCGCTGA-1,
GGATGACGCGAGTTTA-1,
GGATGCTGGCGTTCCT-1,
GGATGTCCTTACCGCA-1,
GGATTCAGTACGGTGG-1,
GGATTCCGCTATACCC-1,
GGATTGCTGTGACTCC-1,
GGATTTCACTTCTATA-1,
GGCAAAGGCGCCAATA-1,
GGCAAATTACTTTACT-1,
GGCAAGCCAGGGATAG-1,
GGCAAGGCGAAATAGC-1,
GGCAATAGTCAATGAG-1,
GGCACTCCACTGGGCA-1,
GGCAGCAAACCTATGC-1,
GGCAGCGGTAATCCTA-1,
GGCATACAGGTAGCGG-1,
GGCATATCGGTTCTGC-1,
GGCCCGTATACCATGC-1,
GGCCCTCACCCACTTA-1,
GGCCGGCGTCTGCTAT-1,
GGCCGTTTGGGTTTCA-1,
GGCGAAATCTAACTTG-1,
GGCGCAGGACATCTTC-1,
GGCGCATGAATTGATG-1,
GGCGCGGAGATCTTTC-1,
GGCGCGTTCGAGTTTA-1,
GGCGGAGTAATATTAG-1,
GGCGGTAGGATCATTG-1,
GGCGTAGGGAAAGCTG-1,
GGCGTCCTATCCGCTG-1,
GGCTAAAGGGCGGGTC-1,
GGCTATTAAGTTGTAT-1,
GGCTCCTCCACCTGTT-1,
GGCTCGCGTTGAGGTA-1,
GGCTCGTGCCACCAGC-1,L5
GGCTCTGCTCCAACGC-1,
GGCTGAAATAGCAAAG-1,
GGGAACGGGAGGTTAG-1,
GGGAAGGGCTTTCTCA-1,
GGGAATGAGCCCTCAC-1,
GGGACCCGTATATCTT-1,
GGGACTGCATAGATAG-1,
GGGAGAACTCACAGTA-1,
GGGAGGATGCCCGAAA-1,
GGGAGTTAATGAGGCG-1,
GGGATCCCAATACAAA-1,
GGGATGGTCGTAACCG-1,
GGGATTTACCGCACCT-1,
GGGCAGAGCAATCGTT-1,
GGGCCCGTCTTAAACA-1,
GGGCCCTACGAAAGGG-1,
GGGCCGGCCGAAGTAC-1,
GGGCGATATGTGTGAA-1,
GGGCGGCAAATGAATT-1,
GGGCGGGTTCCCTACG-1,
GGGCGTACATTTATAT-1,
GGGCGTCACCACGTAA-1,
GGGCGTCCACTGGCTC-1,
GGGCGTGGTTTCCCAG-1,
GGGCTATGATCGATGG-1,
GGGCTCATCGAACCCA-1,
GGGCTGCCTAGGGCGA-1,
GGGCTGGTTAGTCGCG-1,
GGGTACTTCATGAACT-1,
GGGTATGTATGCACTT-1,
GGGTCACCGTGACGGT-1,
GGGTCGTGGCAAGTGT-1,
GGGTGACACCTTAACT-1,
GGGTGCATATGAAAGC-1,
GGGTGTTTCAGCTATG-1,
GGGTTAACATTTGAGT-1,
GGGTTTAGGATAGGAT-1,
GGTAAATGTGCGTTAC-1,
GGTAACCGGGAGGATA-1,
GGTACAAACATGCTAT-1,
GGTACACCAGATTTAT-1,
GGTACATCTGGGACGA-1,
GGTACCATTAAGACGG-1,
GGTAGAAGACCGCCTG-1,
GGTAGACCGTTGGGCG-1,
GGTAGTGCTCGCACCA-1,
GGTATAGTGACACATA-1,
GGTATTGCCGAGTTTA-1,
GGTCAGTGGGTCCCAC-1,
GGTCGGATAAACGGCG-1,
GGTCGGCCAGGAGCTT-1,
GGTCGGTCGTCCACAG-1,
GGTCGTAAGCTCGCAC-1,
GGTCTCTGAATGGACT-1,
GGTCTGAGAATCTGGA-1,
GGTGAAGTACAGGGAT-1,
GGTGAGATGCAGATAA-1,L23
GGTGATAAGGAGCAGT-1,
GGTGCGGATAAGTGGC-1,L4
GGTGCTGATCACAAAG-1,
GGTGCTGGTACACATT-1,
GGTGGACTGCTCTGGC-1,
GGTTACCACCCTCGGG-1,
GGTTAGCTATATGTCT-1,
GGTTAGGCTTGGAGAA-1,
GGTTAGTTACGGCGCC-1,
GGTTCTACTCGTCTGA-1,
GGTTGTGTAGCCTGGC-1,
GGTTTAATTGAGCAGG-1,
GGTTTACAATCTCAAT-1,
GGTTTAGCCTTTCTTG-1,
GGTTTCAATCGGTCAG-1,
GTAAGCGGGCAGTCAG-1,
GTAAGTAACAGTCTGG-1,
GTAAGTAGGGTATACC-1,
GTAATAAAGGGCTCCC-1,
GTAATCTGATTCTTCG-1,
GTACACTTACCTGAAG-1,
GTACAGAGGCAAGGGT-1,
GTACGAGATTGCGACA-1,L6
GTACGCTTCATTGCAC-1,
GTACGTTTGCCCGTCA-1,
GTACTAAGATTTGGAG-1,
GTACTCCCTTATCGCT-1,
GTACTCCTGGGTATGC-1,
GTACTGGAGTTAGACC-1,
GTACTTGGGCACTTCT-1,L23
GTAGAAACGGGTGGAG-1,
GTAGAGGGAGACAAGT-1,
GTAGCCAAACATGGGA-1,
GTAGCGGCTATACACT-1,
GTAGCTTCCTCTTGTT-1,
GTAGGTGATCCGTGTA-1,
GTAGTCGCGGGAATCA-1,
GTAGTCTACGATATTG-1,
GTATAGGACTCAGTAG-1,L6
GTATCAAACGTTAGCT-1,
GTATCAGCTTGGGTTC-1,
GTATCCTTTGGTAACC-1,
GTATCTTTCATAACCA-1,
GTATGAAATTTCACTC-1,
GTATGTGGGTCTAGTT-1,
GTATTAAGGCGTCTAA-1,
GTATTCTGAGAAACGA-1,
GTCAAGCGGACTCGGG-1,
GTCAATGCTATAATTT-1,
GTCACAAAGTTTCCAA-1,L1
GTCACTCTCCAAATCT-1,
GTCAGAATAGTCTATG-1,
GTCAGTTTGGTAGTCG-1,
GTCATGCACCTCCGTT-1,
GTCATGGACATGACTA-1,
GTCATTAGAGCGAACG-1,
GTCATTGCATTGACCC-1,
GTCCATTACTGCTACG-1,
GTCCCAACGTAAAGTA-1,
GTCCCGCGACGTTATG-1,
GTCCGGACCTGAAATT-1,
GTCCGGCTGAATTGCG-1,
GTCCTACGAATAGTCT-1,
GTCGCCGTTGTGTGTT-1,
GTCGCGTAACCCGTTG-1,
GTCGGAAGGATACCAG-1,
GTCGGATATCTCAGAC-1,
GTCGGATGTAGCGCGC-1,
GTCGGGAAGCAGAAAC-1,
GTCGTACCATCTCGGG-1,
GTCGTATTGGCGTACA-1,
GTCGTCTGGTTGGCTA-1,
GTCGTGTCTGGTCATC-1,
GTCGTTATTCGCTTAT-1,
GTCTACTCAATTACAA-1,
GTCTATCTGAGTTTCT-1,
GTCTATTGGTTCCGGT-1,
GTCTCGACTAAGTTTG-1,
GTCTCGATCTGCTTTC-1,
GTCTGGGCGGTCGAGA-1,
GTCTTAGTACAGCCGG-1,
GTCTTGTAGCTATTCA-1,
GTGAAACGGCGCCACC-1,
GTGAACTCCCATTCGA-1,
GTGAAGATTTCAAGTG-1,
GTGAAGCCGTATAGTC-1,
GTGACCGCACACTACG-1,
GTGACGAGGGTGACCC-1,
GTGACTTCAGTAGTGC-1,
GTGAGCGTGCTGCACT-1,
GTGAGGACACTTAAGG-1,
GTGAGGAGCGGTTGAG-1,
GTGAGTGGTACAACGC-1,
GTGATCACTAACGCCT-1,
GTGATCATAGATCTGC-1,
GTGATCCTTGTCATGA-1,
GTGATGCACAACATCT-1,
GTGATTCGCCGCTCAA-1,
GTGCAACAAATGTGGC-1,L4
GTGCACGAAAGTGACT-1,
GTGCCATCACACGGTG-1,
GTGCCCGTTCGGATTC-1,
GTGCCGCTTCAAAGGT-1,
GTGCGAAATCGAACAC-1,
GTGCGACAGGGAGTGT-1,
GTGCGGGTCTCCAAAT-1,L6
GTGCGTGTATATGAGC-1,
GTGCTCAAGTACTGTC-1,
GTGGAACCTACATGCG-1,
GTGGACCAACCCGATT-1,
GTGGACGCATTTGTCC-1,
GTGGACGTGCTGAGAC-1,L23
GTGGAGTCGGCGGTTG-1,
GTGGCAAACAGCGGCA-1,
GTGGCGGTCCCAGCGT-1,
GTGGGAAGACTGAATC-1,
GTGGGCTTAGACACAC-1,
GTGGTATAGTCTGCCG-1,
GTGGTGGCCAAGTGAA-1,
GTGGTTACTTCTTTCG-1,
GTGGTTTCCGCCTTTC-1,
GTGTATATCAGCGGGC-1,
GTGTCGTATAGCGTTC-1,
GTGTGAATAACTTAGG-1,
GTGTTACTATGCGTCC-1,
GTTAAAGTAGGACTGG-1,
GTTAACATCACTTAAA-1,
GTTAACTATGTTGTCA-1,
GTTAAGGGTGCGATGT-1,
GTTAAGTTAGAGTGGG-1,
GTTAATGTCTATCTTA-1,
GTTACAATTGGTGACG-1,
GTTACCTACAACTTGC-1,
GTTACTTTGGGCCTAG-1,
GTTAGCCGTAAATCAA-1,
GTTATATCAGGAGCCA-1,
GTTATATTATCTCCCT-1,
GTTCACAGGAGTCTAG-1,
GTTCATCGTTTGGCTG-1,
GTTCCAGTCTGACCAT-1,L5
GTTCGCCATAAGTGCC-1,
GTTCGGATCGGGAACA-1,
GTTCGGGCGTACCATT-1,
GTTCGTCTAAAGAACT-1,
GTTCGTCTGGGTCCCT-1,
GTTCTTCCCTCGATGT-1,L4
GTTGAACCGGTTCCAT-1,
GTTGAGTCCCGCCGGT-1,
GTTGCACGGAGTTTCG-1,L6
GTTGGACCGCATCAGG-1,
GTTGGATTCAGTGGCT-1,
GTTGGATTGAGAACAC-1,
GTTGGATTTGCGTTGG-1,
GTTGGTCATGCTATCC-1,
GTTGTCGTGTTAGTTG-1,L23
GTTTACGTTCCATCTG-1,
GTTTCATATCGTCGCT-1,
GTTTCCTGGAGGGTGA-1,
GTTTCTGCAGTCTCCC-1,
GTTTGACCAAATCCTA-1,
GTTTGGCCCAAGTTAT-1,
GTTTGGGCTTGTGAGC-1,
GTTTGGGTTTCGCCCG-1,
GTTTGGTAGGGTCAAC-1,
TAAACCCAGGAGGGCA-1,
TAAAGCGTTAGGAGAA-1,
TAAAGCTGCAATAGGG-1,
TAAATCTTTACACCTC-1,
TAAATGAATCCGTTTC-1,
TAACAAAGGGAGAAGC-1,
TAACAATATTTGTTGC-1,
TAACATACAATGTGGG-1,
TAACATACACGCGATC-1,
TAACCTACCGTCCGAG-1,
TAACGCTTTGAGAGCG-1,
TAACTATCGAAGGTCC-1,
TAACTATTACGCCAAA-1,
TAACTCATCCGCGCGG-1,
TAACTCCATGGAGGCT-1,
TAAGCAGGCGACACGC-1,
TAAGGAACTTGTGGGA-1,L23
TAAGGCAACATAAGAT-1,
TAAGGCATAACATCAA-1,
TAAGGCTGAATCCCTC-1,
TAAGGGCCTGTCCGAT-1,
TAAGGGCTGGGAGAGG-1,
TAAGTAACATCTTGAC-1,
TAAGTCGCCGAGTATC-1,
TAAGTTGCGACGTAGG-1,
TAATAAACAAGGAGAT-1,
TAATACACAGTAGTAT-1,L6
TAATAGAACAGAGTTA-1,
TAATAGCTAAATGATG-1,
TAATAGTGACGACCAG-1,
TAATATTGAAATTCGC-1,L4
TAATCGATCCGTACGT-1,
TAATGAAAGACCCTTG-1,
TAATTAGGACATCCGT-1,
TAATTGGAATCGGGAA-1,
TACAACGCACAACTCA-1,
TACAAGTCTCGTGCAT-1,
TACACCGTCGTTAGTC-1,
TACAGAAACGGTGGGC-1,
TACATAGGCATACACC-1,
TACATCCCTATCCCTG-1,
TACATTTCTAACGTGC-1,
TACCAATAAAGTACCA-1,
TACCAGAAGTAGGTTC-1,
TACCAGCTAGGTTTAA-1,
TACCGCGGACTTGCAG-1,
TACCGGCTCACTGCCC-1,
TACCGGTCGTTTCCAT-1,
TACCGTGCCTCGGACC-1,
TACCTACTCCCAGTAT-1,
TACCTCACGCTTGTAC-1,L5
TACCTGCTGCACTGTG-1,
TACCTTAAGATTTCCC-1,
TACGAACACGACTTCA-1,
TACGACGCTTGCTGCG-1,
TACGACTGCCTCTTAG-1,
TACGAGAACTTCACGT-1,
TACGATGTTGATCATC-1,
TACGCAGTTCTTTCCT-1,
TACGCCATATTCTAAT-1,
TACGCCGAGGGTACCC-1,
TACGCCTCCATTCCGA-1,
TACGCTATAGAAACCT-1,
TACGGGATGCTAGCAG-1,
TACGTGCACTATGCTG-1,
TACGTTTACCGGCAAT-1,
TACTATGGTTCCTCAG-1,
TACTCGGCACGCCGGG-1,
TACTCTCCGAACAAAT-1,
TACTCTTTCGTCTTCA-1,
TACTGAACAGATTTAG-1,
TACTGCAATCAATTAC-1,
TACTGGACAGCTCGGC-1,
TACTTGTTAGTAGTCC-1,
TACTTTACTGAGCCGG-1,
TACTTTCCGCACGCCA-1,
TAGAAAGGTGGCGCTA-1,
TAGACGCCCGTACCGG-1,
TAGACTACCTAGCGTT-1,
TAGAGATCATGCAACT-1,
TAGAGCTACGAAGAAC-1,L23
TAGAGGTTCTACTTGT-1,
TAGAGTCTAAGCGAAC-1,
TAGATATGGACTGGAA-1,
TAGATGGTTCCTTACT-1,
TAGATTCCTGGTTATT-1,
TAGCAACCTGTCACAA-1,
TAGCCATTTCAAAGTC-1,
TAGCCGGCGGTCAGCG-1,
TAGCGTCCCTCGATTG-1,
TAGCGTCCGGTGTGGT-1,
TAGCGTTGGGTCTTAC-1,
TAGCTAAGTCCGGGAG-1,
TAGCTAGAAGGCATGA-1,
TAGCTCGCCTGATAAC-1,
TAGGCATGTTACGCCA-1,
TAGGGAGCTTGGGATG-1,
TAGGGTGTTTCAAGAG-1,L6
TAGGTCCAAGTAAGGA-1,
TAGGTCGCCGGAACTG-1,
TAGGTGACGATAACCT-1,
TAGGTGAGCCCTACTC-1,
TAGGTGCTCGCCTAGC-1,
TAGGTTCGAGTTCGTC-1,
TAGTACCTTAGTGGTC-1,
TAGTCCGCAGAGAATG-1,
TAGTCGATCACGGGTT-1,
TAGTCTAACAACGAGA-1,
TAGTCTGTGACGTTGC-1,
TAGTGCCCTCCAGAGT-1,
TAGTTAAGATAGGATA-1,
TAGTTTATTCTTGCTT-1,L23
TATAAATCCACAAGCT-1,L5
TATAAGTGAGGATAGC-1,L5
TATACACAGACGCCTT-1,
TATACACGCAAAGTAT-1,L4
TATACGCGTCATCACT-1,
TATAGATGGTCGCAGT-1,
TATAGGGTACTCATGA-1,
TATATCCCTGGGAGGA-1,
TATATTACAAATGTCG-1,
TATCACCCAACCGACC-1,
TATCACTTCGAGTAAC-1,
TATCCAATTGGTTATC-1,
TATCCATATCATGCGA-1,L5
TATCCGCACCGTCGGG-1,
TATCCTGCATGGGAAT-1,L23
TATCGATCTATGCATA-1,
TATCGATGATTAAACG-1,L6
TATCTACAGAGGTAAT-1,
TATCTACCACAGCGGG-1,
TATCTAGCCTAAAGGA-1,
TATGAAGACAGGTGCG-1,
TATGATCCGGCACGCC-1,
TATGATCTTCTCTTTA-1,
TATGCTCCCTACTTAC-1,
TATGGATGTGCTACGC-1,
TATGGCCCGGCCTCGC-1,
TATGGCTAGGCTAATT-1,
TATGGGACCGAGCAGG-1,
TATGGGTACGTATCGT-1,
TATGGTCTGAGTAACA-1,
TATGGTTAGTGGGAGA-1,
TATGTCAAGACCGACT-1,
TATGTCTCATTGTGCC-1,
TATTAACCTGACCGCG-1,
TATTACCATCCTGCTT-1,
TATTCAATTCTAATCC-1,
TATTCCACTCAGCTCG-1,
TATTCCGAGCTGTTAT-1,
TATTCCTCCGCCCACT-1,
TATTCGTGCCAGAATA-1,
TATTGACATTTCTGCC-1,
TATTTAGTCTAGATCG-1,L5
TATTTATACCGAGTAG-1,
TATTTGTTACCCTTTA-1,L6
TCAAACAACCGCGTCG-1,
TCAAACTTAGATTGTT-1,
TCAAATTTGAGACTCA-1,
TCAACAAAGATAATTC-1,
TCAACATAGCGCCCTA-1,
TCAACATCGACCGAGA-1,
TCAACCATGTTCGGGC-1,
TCAACGAGGAGACAAA-1,
TCAACGCAGGAAATAA-1,
TCAACGCGACCGGCAG-1,
TCAACTAACGTATAAC-1,
TCAAGAAATACTAGCT-1,
TCAAGGTTACTACACC-1,
TCACAAACCGAGGTAC-1,
TCACAGCAAACTCGAA-1,
TCACAGGAGAATAAGA-1,
TCACAGGGAATCGCAA-1,
TCACAGGTTATTGGGC-1,
TCACATCTTATCTGAT-1,
TCACCCTCTTAAGATT-1,
TCACCGCTCGGCACTC-1,
TCACGATGTCCGTGGA-1,
TCACGCATTGTAGATC-1,
TCACGGTCATCGCACA-1,L6
TCACGTGCCCGATTCA-1,
TCACTACGACCAATGC-1,
TCACTCGTGCAACGGC-1,
TCAGAACCTCCACAGG-1,
TCAGACGCTATAGAAG-1,
TCAGCAAATGCATCTC-1,
TCAGGGTGTAACGTAA-1,
TCAGGTTCTTTGAGAA-1,
TCAGTACTGACCCGCG-1,
TCAGTAGGGACTATAA-1,
TCAGTGTATACGTCAT-1,
TCATACTTACAGATCC-1,
TCATCACTCGAGCTCG-1,
TCATCCCAGAGGGTGG-1,
TCATCGATGGTCCCAA-1,
TCATGCAGGTTCTCAT-1,
TCATTTAAGTCTCCGA-1,
TCCAACTTTAAATTCT-1,
TCCACAATGGTTTACG-1,
TCCACTTTATCTAGGT-1,
TCCAGAGCACCGGTTC-1,
TCCAGATGTACGCCAA-1,
TCCAGGCGAGTACGGT-1,
TCCATTCCCACTAGAG-1,
TCCCAAACAGACAACG-1,
TCCCAAAGACGAAGGA-1,
TCCCACTCTCTTCCGG-1,
TCCCAGCTTTAGTCTG-1,
TCCCAGGCTTAGCTAA-1,
TCCCGCGTACTCCTGG-1,
TCCCGGGTGTGCTGCT-1,
TCCCGTCAGTCCCGCA-1,
TCCCGTCGCGTCATAG-1,
TCCCGTGTGCAATTTG-1,
TCCCTAGATCAATAGG-1,
TCCCTGGCTCGCTGGA-1,
TCCCTTAGATTACTCG-1,
TCCGAACTTGGCTTAC-1,
TCCGAAGTAGTCACCA-1,
TCCGAATGGTCCTGAG-1,
TCCGATAATTGCCATA-1,
TCCGATGACTGAGCTC-1,
TCCGATGGTGCGACAT-1,
TCCGATTACATTGCCG-1,
TCCGCCTGTCTACAAG-1,
TCCGCGGCAGCATCTG-1,
TCCGCGGCCCAATGAA-1,
TCCGCTGTCATCCCGG-1,
TCCGCTTATCCCATTA-1,
TCCGGAGGAAGGGCTG-1,
TCCGGCCTAGCGTACA-1,
TCCGGTTCGTCCGGTC-1,
TCCGTTAAGCTAATAT-1,
TCCGTTTAGCCTTGAA-1,
TCCTAAATTGGGAAGC-1,
TCCTACATCCACGGCC-1,
TCCTAGCAAAGAAGCT-1,
TCCTCCTAAGACATTC-1,
TCCTCGGGCTGGGCTT-1,
TCCTCTACGAGATGGC-1,
TCCTCTCCAGTTGTCC-1,
TCCTCTGGCCCATTAG-1,
TCCTGCCAACTGGAGA-1,
TCCTGCGTTGATACTC-1,
TCCTTACGACGGTCCG-1,
TCCTTCAGTGGTCGAA-1,
TCCTTTAAATCCGCTT-1,
TCCTTTCTTACGCTTA-1,
TCGAAATTTAGGACCA-1,
TCGAAGAACCGAGCAC-1,
TCGAATATCCCGCAGG-1,
TCGAGACCAACACCGT-1,
TCGAGCCAGGCAGGCC-1,
TCGCAAAGATGCATTT-1,
TCGCACCAGGAGGCAG-1,
TCGCCGAAGTTGCGTC-1,
TCGCCGACATATTCGC-1,
TCGCCGGTCGATCCGT-1,L6
TCGCGTAGCAGTGTCC-1,
TCGCGTCCAGAAGGTC-1,
TCGCTAAACCGCTATC-1,
TCGCTCGATATATTCC-1,
TCGCTCGGCACCAGCG-1,
TCGCTGGGCGGATTGT-1,
TCGCTGTGCGTAAATC-1,L4
TCGCTTTAAACGTTTG-1,
TCGGAATGCGCTCTGA-1,
TCGGACGCCCAGCCCA-1,
TCGGAGAGTATCGGGA-1,
TCGGAGTACATGAGTA-1,
TCGGCGAACCCAAACC-1,
TCGGCTTGTATCGACG-1,
TCGGGAACGTGCCTAG-1,
TCGGGAGACAGCGTAC-1,
TCGGGATTCAAACATA-1,
TCGGGCCGTCGTGGTA-1,
TCGGTCCCTGACTCCA-1,
TCGGTGACCGCTCCGG-1,
TCGTAAGACGACATTG-1,
TCGTAAGCTCCGAGGA-1,
TCGTATAGTGCAATTA-1,L1
TCGTATTACCCATTGC-1,
TCGTCAAGTACGCGCA-1,
TCGTCACACTGTTAGC-1,
TCGTCCGCTGGCGTCT-1,L5
TCGTCTTAGGCGTTAA-1,
TCGTGTACTATGGATG-1,
TCGTGTCACGCTGACA-1,
TCGTTAGGAGTCCCTA-1,
TCGTTGCTATCCGGTC-1,
TCTAATACTGCCTCAG-1,
TCTACCGTCCACAAGC-1,
TCTAGCAATCTCCGCC-1,
TCTAGCATCTTCGATG-1,L6
TCTAGCATGCCCAGAA-1,
TCTAGGTGGCGACGCT-1,
TCTAGTGATATCGTGG-1,
TCTAGTTATCAGAAGA-1,
TCTATCATGCAGTTAC-1,L4
TCTATCGGTCGCAACA-1,
TCTATTACTAGAGGAT-1,
TCTCATGAGATAGGGT-1,
TCTCCAACGTAGGTTA-1,
TCTCCACAAGTTGAAT-1,
TCTCCCTGGGCAGCGT-1,
TCTCGAACGAGGTCAC-1,
TCTCTAATAGCTGGTA-1,L6
TCTGAACCGGTCGGCT-1,L5
TCTGAACTCGTACCCG-1,
TCTGAAGCACGTGGTC-1,
TCTGAATTCCGTACAA-1,
TCTGACGGGCTAACCC-1,
TCTGATCGGGTGCTAG-1,
TCTGATGTATTCTGTC-1,
TCTGCCAGAAACTGCA-1,
TCTGCGAATCGTTCGC-1,
TCTGGGAACCTTTGAA-1,
TCTGGGTAGCGCTCAT-1,
TCTGTGCCATCATAGT-1,
TCTGTTACCCAGCATA-1,
TCTTACAGAGGTACCG-1,L23
TCTTACCGGAACTCGT-1,
TCTTACGGCATCCGAC-1,
TCTTACTTATGCCTCT-1,
TCTTAGAGCTCCAATT-1,
TCTTAGAGTGAACTCT-1,
TCTTCCCATGGGCACA-1,
TCTTCGAATAGACGTT-1,
TCTTCGATACCAATAA-1,
TCTTCTATAACCCGCC-1,
TCTTGATGCGTAGCGA-1,
TCTTGGTAACACCAAA-1,L6
TCTTTAAGACTATGAA-1,
TCTTTAGCAGGCGAAC-1,
TGAAACTTATGCAAGC-1,
TGAAAGGACCTGACTC-1,
TGAATACCGACGCGTA-1,
TGAATATGCTATAAAC-1,
TGAATGAGATACAGCA-1,
TGAATGTCAGCCGGCC-1,
TGACACTTCTCTTTGC-1,
TGACATCGAGCGGACC-1,
TGACCCACGTTAGACA-1,
TGACGAATATTTCCCT-1,
TGACGATGCACTAGAA-1,
TGACTATAATCCTTTC-1,
TGAGAATGCTTTACCG-1,L5
TGAGAGATTTACCACG-1,
TGAGATTAGGCCCTAA-1,
TGAGCCATACAGTCTC-1,
TGAGCGGAAAGTGTTC-1,
TGAGCTTTAATGACGC-1,
TGAGGAGTGCCAGCTT-1,
TGAGTAAATTAGCGTA-1,
TGAGTGCCTCTTAAAT-1,
TGAGTGGTCCGTGACG-1,
TGATACATTTAGCCGT-1,
TGATAGCGGGATTCTA-1,
TGATCAGGGAACTGCT-1,
TGATCCCAGCATTAGT-1,
TGATCGGTTTGACCCT-1,
TGATCTACGCTGATCT-1,
TGATCTCCGGCGCCAG-1,
TGATGGCTGTTTCTGA-1,
TGATTCGTCTATCACT-1,
TGATTCTGTCGCCGGT-1,
TGATTTATTAGCTGTG-1,
TGATTTCCTCCTGACG-1,L23
TGCAACCCATCTGCGG-1,
TGCAAGAATGACGTAA-1,
TGCAATCTAACACGGT-1,
TGCAATTTGGGCACGG-1,
TGCACAGTGAAGTTAT-1,
TGCAGAACTATATCGT-1,
TGCAGAGTACCGAGCA-1,
TGCAGATCGTCCTAGG-1,
TGCAGCTACGTACTTC-1,
TGCAGGATCGGCAAAG-1,
TGCAGTTTCCTCCCAT-1,
TGCATATGTCTGTCAC-1,
TGCATGGATCGGATCT-1,
TGCATGTGGTAATCTA-1,
TGCCAAAGTCAGACTT-1,
TGCCAATGGGTACTCT-1,
TGCCACCTGGCGAAAC-1,
TGCCAGTACGTGGAGA-1,
TGCCATTACTAAAGAA-1,
TGCCCGTACCGTTAAA-1,
TGCCGAAAGCGTATTC-1,
TGCCGTGGATCGTCCT-1,
TGCCTGATCAAACGAT-1,
TGCCTTGGCCAGGCAA-1,
TGCGACACCCTAGTGC-1,
TGCGAGAATATTACCC-1,
TGCGCAAAGCATTTGG-1,
TGCGCGATTAACGGAG-1,
TGCGGAGTAAAGGTGC-1,
TGCGGCATAGTTCAAC-1,L1
TGCGGTGAAATTTCAT-1,
TGCGTAAGAACCTGAT-1,
TGCGTCATGACTGAGC-1,
TGCGTTTGTTGACACT-1,
TGCTAAGTGTCTATTT-1,
TGCTCCACAGTTCTTA-1,
TGCTCGGCGAAACCCA-1,
TGCTGGTTGGACAATT-1,L5
TGCTGTTGAAGAACTC-1,
TGGAACCACTGACACA-1,
TGGAAGAAGGGAACGT-1,
TGGAAGACGAACACCA-1,L23
TGGAAGGATAAAGATG-1,
TGGAATATCCTTGACC-1,
TGGAATTAGACGCTTT-1,
TGGACCAATCTAAGAT-1,
TGGACTGTTCGCTCAA-1,
TGGAGGGAAACACCTC-1,
TGGAGTGATGCGATGA-1,
TGGCAAACTAAATTAC-1,
TGGCAACTCGCGCGCC-1,
TGGCAGATTACGATCA-1,
TGGCAGCAGTAATAGT-1,
TGGCCAAACTGAAGTA-1,
TGGCCGTATATTGACC-1,
TGGCGACTGCTCCAAA-1,
TGGCGATCAAGTTATG-1,
TGGCTATGTGACATAC-1,
TGGCTTGTACAAGCTT-1,
TGGCTTTGGGTAGACA-1,L5
TGGGAAATGCCTTTCC-1,
TGGGATGCACTCATTC-1,
TGGGCAATAGTTGGGT-1,
TGGGCACGTTCTATGG-1,
TGGGCCACAAGAGCGC-1,
TGGGCCCATACTAATT-1,
TGGGTAAGGTTCCCGC-1,
TGGTAGAATATATGGG-1,
TGGTCCCACGCTACGG-1,
TGGTCTGTTGGGCGTA-1,
TGGTGATCGTATTTGT-1,
TGGTTAAGGGCGCTGG-1,
TGGTTCAACGGGTAAT-1,
TGGTTCGTAGCAAAGG-1,L6
TGGTTTAAACGTGGGT-1,
TGTAATGACCACAATA-1,
TGTACCTACACGAGGG-1,
TGTACGAACAAATCCG-1,
TGTACTACTCTCACGG-1,
TGTAGGAGAAATTTCC-1,
TGTAGTGATCTATAAT-1,
TGTATAACAGATCCTG-1,
TGTATGGCGCAGACAG-1,
TGTCATTTGTTGGGAA-1,
TGTCCGTGGCGCCTTT-1,
TGTCCTAAGTCACCGC-1,
TGTGACTACGCCAGTC-1,
TGTGCCGGTGCCGGAA-1,
TGTGCTTTACGTAAGA-1,
TGTGGCAAAGCGTATG-1,
TGTGTCGCGAGTTGCA-1,
TGTGTTCGTATCCAAG-1,
TGTTATTGTATGTGGC-1,
TGTTCCGCTTCCATGA-1,
TGTTCGTATTGCGGTG-1,
TGTTCTTCCATTGACT-1,
TGTTGTCAAGAAGTCT-1,
TGTTTCGGTACTTCTC-1,L5
TTAAACTCGAATTCAT-1,
TTAACACCTCGAACAT-1,
TTAACCAACCCTCCCT-1,L5
TTAACGAACAAGCAGT-1,
TTAACTCACGCGTGGA-1,
TTAACTTCAGGTAGGA-1,
TTAAGATAGGATTGAC-1,
TTAAGCCGACAACTTC-1,
TTAAGCGCCTGACCCA-1,
TTAAGTATTGTTATCC-1,
TTAATCAGTACGTCAG-1,
TTAATGTAGACCAGGT-1,
TTAATTGCTTTGGGTG-1,
TTAATTTCAGACGCGG-1,
TTACAACTACGCATCC-1,
TTACAGACCTAAATGA-1,
TTACATCGTGGCCTGG-1,L4
TTACATGCCACAACTA-1,
TTACCATTGATTACCC-1,
TTACCCATTGCCGGGT-1,
TTACCCTAACAGTCCT-1,
TTACGGATGGTTCGAG-1,
TTACTAAAGGACTTTA-1,
TTACTATCGGCTTCTC-1,
TTACTCCGGCCGGGAA-1,
TTACTCTGGTACGTAC-1,
TTACTGGGATATTTCA-1,
TTACTGTCTAGAGCTC-1,
TTAGAAGAACATGACT-1,
TTAGACACGATCGTTG-1,
TTAGACGAGTCACCTC-1,
TTAGAGTTTAGAAGGA-1,
TTAGCAACATGGATGT-1,
TTAGCTAATACGATCT-1,
TTAGCTCTGTAATCCG-1,
TTAGCTGATTTGCCGT-1,
TTAGGTCATAACCGAC-1,
TTAGTAAACCTGCTCT-1,
TTAGTAGGGCGGCGGG-1,
TTAGTTATTCGTGGCA-1,
TTAGTTCAAGTGTTCG-1,
TTATAGGTAATTGTCT-1,
TTATATACGCTGTCAC-1,
TTATATTTGGCAATCC-1,
TTATCCGGGATCTATA-1,
TTATCCTCAAGGAATA-1,
TTATCGCCTGCGAAGC-1,
TTATCTGTATCATAAC-1,L6
TTATGAATGAAAGGGA-1,
TTATGACAAACTGGAT-1,
TTATGATCTTAACGAA-1,
TTATGTTTGCGATAGA-1,
TTATTAGAGCGTGTTC-1,
TTATTAGGGAAGCATC-1,L4
TTCAAAGTCTCTAGCC-1,
TTCAACGACCCGACCG-1,L5
TTCAAGCCGAGCTGAG-1,
TTCAATACTCTGAATC-1,
TTCACGAAAGGATCAC-1,
TTCACTCGAGCACCTA-1,
TTCAGCCCTGGTCCAC-1,
TTCAGCTGGCGTGCCC-1,
TTCAGGCGTCAAAGCC-1,
TTCATGGCGCAACAGG-1,
TTCCAATCAGAGCTAG-1,
TTCCAATCTGGCTATC-1,
TTCCACACAGATTTGA-1,
TTCCAGACGAGATTTA-1,
TTCCATCATGCGGTGA-1,
TTCCGCAGAGAAATAT-1,
TTCCGCGTGAGGCGAT-1,
TTCCGGCCTTGAGGCT-1,
TTCCGGTATCTGTGTC-1,
TTCCGGTTACCCACTT-1,
TTCCTCGAGGGTGTCT-1,L6
TTCCTCGGACTAACCA-1,
TTCCTCTGCCCGAATA-1,
TTCGACAGAGCCCGTG-1,
TTCGACGGGAAGGGCG-1,L6
TTCGCACTCGCGTGCT-1,L6
TTCGCGCGCCATACGA-1,
TTCGCTATCTGACGTG-1,
TTCGGCAACCCGCTGA-1,
TTCGGCTAGAGATGGT-1,
TTCGGGACTAATCGCG-1,
TTCGGGCGCTAGTCTT-1,
TTCGTAATCCCAGCGG-1,
TTCGTACTCCAGAACG-1,
TTCGTTCAACGAAGTT-1,
TTCTAACCGAAGCTTA-1,
TTCTACTTGCGAGGGC-1,
TTCTAGGCCAATTGTG-1,L6
TTCTATGCCTTTCGCA-1,
TTCTGACCGGGCTCAA-1,
TTCTGCCGCGCCTAGA-1,
TTCTGCGAGCGCCCTT-1,
TTCTGCGGGTTAGCGG-1,
TTCTGCTAGACTCCAA-1,
TTCTTAGTGAACGGTG-1,L23
TTCTTAGTGGCTCAGA-1,L5
TTCTTATCCGCTGGGT-1,
TTCTTGAGCCGCGCTA-1,
TTCTTGCTAGCATCTC-1,
TTCTTGGACGATCTGC-1,
TTCTTGGAGTAATGAG-1,
TTCTTGTAACCTAATG-1,
TTCTTTGGTCGCGACG-1,
TTGAAAGGTGTAAAGG-1,
TTGAACGACGTGCTGA-1,
TTGAAGAATTCCCAGG-1,
TTGAATATGGACTTTC-1,
TTGAATTCACGTGAGG-1,
TTGACAGGAGCTCCCG-1,
TTGACATGAACGTGGA-1,
TTGACCAGGAACAACT-1,
TTGACCATGTTCTCCG-1,
TTGACCGTGTTAATGA-1,
TTGACGCTCCATGAGC-1,
TTGACTACCATATGGT-1,
TTGACTATTGTCCGGC-1,
TTGAGAAGTTTAGCAT-1,
TTGAGAGTACTGCTAA-1,
TTGATAGTCAATACAT-1,
TTGATCTAACTTTGTC-1,
TTGATGTGTAGTCCCG-1,
TTGATTAGCTGTTTCT-1,
TTGATTATGCAGATGA-1,
TTGCACAATTCAGAAA-1,
TTGCACGGAGCAGCAC-1,L6
TTGCATGCTGATCACG-1,
TTGCCATAGCCCGCTC-1,
TTGCCCTGATCACGGG-1,
TTGCCGCTTTCTAGTA-1,
TTGCGGCATCAGAAAG-1,
TTGCGTAGTTTGAGGA-1,
TTGCGTCGGCCAACCG-1,
TTGCGTGAACGCTTAG-1,
TTGCTCCCATACCGGA-1,
TTGCTGAAGGAACCAC-1,L5
TTGCTGATCATGTTCG-1,
TTGCTGCACCTATCCA-1,
TTGGAAGAATACAGTC-1,
TTGGACATGTGGCTTA-1,
TTGGACCATCTGGCAA-1,
TTGGACCTATAACAGT-1,
TTGGATATCGTCTACG-1,
TTGGATCGACTTCTGG-1,L1
TTGGATTGGGTACCAC-1,L5
TTGGCCTAGAATTTCG-1,
TTGGCTCGCATGAGAC-1,
TTGGGACACTGCCCGC-1,
TTGGGCGGCGGTTGCC-1,
TTGGTATGGCTTGTGT-1,
TTGGTCACACTCGTAA-1,
TTGGTTGCGGTGCGCG-1,
TTGTAAGGACCTAAGT-1,
TTGTAAGGCCAGTTGG-1,
TTGTAATCCGTACTCG-1,
TTGTATCACACAGAAT-1,
TTGTCGTTCAGTTACC-1,L6
TTGTGAACCTAATCCG-1,
TTGTGCAGCCACGTCA-1,
TTGTGGCCCTGACAGT-1,L5
TTGTGGTAGGAGGGAT-1,
TTGTGTATGCCACCAA-1,
TTGTGTTTCCCGAAAG-1,
TTGTTAGCAAATTCGA-1,L5
TTGTTCAGTGTGCTAC-1,
TTGTTGTGTGTCAAGA-1,
TTGTTTCACATCCAGG-1,
TTGTTTCCATACAACT-1,
