Barcode,region_cluster
GAATAGTTC-1,9
TCCCGGATT-1,13
AACGAAATC-1,10
ACGGTTGAT-1,13
TTGGTATCC-1,10
AGCTTGAAT-1,13
CATCAATTA-1,9
GATTTATCT-1,3
TTAGACTTT-1,3
GCCCTGCTA-1,3
CGTTACGTT-1,3
CTATCGATG-1,10
GGCGGTTCT-1,13
GCTCGCCGC-1,10
AGTATGGAT-1,3
CAACTGGTG-1,10
GTCAGCCGT-1,13
AGACGGAGA-1,10
GCAGAATCG-1,3
CTGTCAATA-1,3
AAGGGATGC-1,10
TCCTAGCCG-1,9
TGTCAACTG-1,9
ACGGCAACA-1,3
TTGCTGAAA-1,13
GTACGTATA-1,10
CGTTTGTCA-1,3
TAAACACGT-1,9
TGGCGCAGT-1,3
AATAGAGCG-1,3
GCGTCTATC-1,3
GTTCTCGCG-1,3
ATCAGTTAG-1,3
ACGTGGTTT-1,10
CTTTATCGG-1,9
ATGGATCGC-1,13
GCGGAACGT-1,3
AGAGCAGGA-1,9
GATCGCTTG-1,3
AGGGACCTC-1,3
AGATTCTGT-1,10
CCTAATATA-1,13
TAAACCAGC-1,3
TTGACTGTA-1,3
GATGTTATA-1,13
TGTTTCAGG-1,10
TCTGTTTCA-1,9
AGGTCGGAT-1,10
AATCAATGC-1,3
AGGGTTCTC-1,10
CTGCAGGAC-1,3
TAAAGACTC-1,3
TCAGCGCCA-1,9
CAGAGGACT-1,10
ATAGCCCTC-1,9
GTTGGGACG-1,3
ATACGCTAT-1,13
CGACTCCTG-1,13
CTCACAAGC-1,10
TCGTGAGAC-1,13
AAGGGATCT-1,13
ACTTGGTGA-1,9
CGCTCTGGT-1,9
GCAATCGAC-1,10
GTTGCCAAA-1,13
ATGACCTAG-1,9
GTAGTGTTT-1,9
TCCCTGCGA-1,10
TGTCTCTTT-1,3
GAGCAGTGG-1,10
AGGACCAGT-1,10
ACTACTTGC-1,3
GGCCACAAG-1,3
AATGTCACT-1,3
GACAGTCGT-1,10
CATTCTCAT-1,3
GCCAAAGTA-1,3
TCAATTTAG-1,13
CATCGGCAG-1,9
ATGTAACAA-1,3
CGGGAGACG-1,3
GCCCGTGGC-1,3
TACATGCTC-1,13
TGTCCCTCT-1,3
GCACCACAA-1,9
GTCTAGTTG-1,13
AGGACTGAG-1,3
GGCATAACC-1,10
TTTAATCAT-1,10
CTTTGTTGA-1,3
GTATGTGGT-1,10
CCCTCGCTG-1,3
ATGAGTTGC-1,9
CCCATCACG-1,3
CGGATGCCC-1,13
ATAGAACTA-1,9
TCTTGTAAA-1,3
CGTTTACTA-1,3
TGAATGGGC-1,9
TGATACACT-1,10
ACTCCGATC-1,3
TGGTCACTC-1,13
AGGGCATGG-1,3
GCCCGCGTA-1,3
AATTCGTTT-1,3
GTTCGATAA-1,10
AGTAATCCC-1,9
CGCCGTTAG-1,9
GATACACAT-1,13
ACGCGAGCA-1,3
ACGACAAGA-1,3
CTTACCCGG-1,3
TATGTGCCA-1,10
CATACGCAC-1,9
GATGGAACG-1,3
CCTCATGAA-1,10
CGACGCACT-1,13
ATGACTCGC-1,10
TGGATTCGA-1,3
TTTGACATA-1,3
CATCTCAGC-1,9
GGGATACAA-1,10
TCCGCGGTT-1,3
GTGCCGGTC-1,3
CACTTCGCC-1,13
CGTCTAGGA-1,3
CCGAGATTT-1,3
CGAAAGCAT-1,10
TCGGAAACC-1,3
AATAGAACC-1,3
ACTTCATAT-1,3
GCATAAGAT-1,9
AGGTGTGAT-1,9
GGAGTCTGG-1,3
TATCTTATT-1,3
CAATATGCT-1,3
CGAGGCAAG-1,9
CCCGTGCTT-1,13
GGACATCCC-1,10
AAGCGGAAG-1,10
CGCCTAATA-1,10
GTGCCAATG-1,10
AGGGTCCAT-1,3
GAGAGCTAG-1,3
CGCTAGACC-1,3
AGCAGAAGT-1,9
TATATGTTC-1,3
CCCAGTGCA-1,9
CGTAACCTT-1,3
GTAAACCAA-1,9
CCTCTGATG-1,9
AACGACTTC-1,13
TCGAATCCC-1,13
CGCACGTCG-1,10
CGGCACACT-1,9
CTTCGCGCG-1,3
AGGGATTTA-1,3
TGACTGTCC-1,10
TGCGTAAAC-1,3
GTCGTAGGG-1,3
GTGACTGGT-1,13
AACTGGCGT-1,9
CTAGACACC-1,10
GGCTGCGTT-1,10
TAATGTTCT-1,9
GGACGCAGT-1,13
CCTTTGGTT-1,3
CTCCTATTC-1,10
ATTGATAGT-1,10
CACTTCGGT-1,3
CTCCCAACA-1,13
GGAGTTACT-1,9
CGTCCACAT-1,9
GCCGACCAC-1,9
ACCATGCCG-1,10
ATAGCAGCC-1,9
CATTTATCA-1,9
GCACCTGGC-1,13
ATGACACTT-1,13
AGCTCTCGA-1,3
CACCGCCTG-1,3
CGGGTACGT-1,13
GGTCTCAAG-1,3
TGCGTGAGA-1,10
GACCACCAA-1,9
AGTATACTC-1,9
ACATCCTTG-1,3
CTTCCAGTA-1,3
CTCGCCGCC-1,10
CGAATTAAC-1,10
CAAGCAGGA-1,3
GCTTAAGAA-1,10
GCACGAATA-1,3
GCAATTTGA-1,13
TAAGATCGC-1,9
TCTATTGTG-1,3
GCACATGGT-1,13
CGTTGTATC-1,3
ATCGGCTGG-1,3
GACTGATAT-1,3
AAGGCTAGA-1,9
TTGCACCAC-1,3
CGGAGGGTC-1,13
AGTCCAACG-1,9
GGATTCAGA-1,13
GGGCGACTC-1,3
CGTTAGCCG-1,3
TGTAGGGAC-1,3
GGCTCAAAT-1,9
TTTCGATTG-1,9
CACTCCTGT-1,3
CCGTACCAC-1,3
ACGGGACCT-1,3
TATCAACTT-1,3
CTAGGGAAG-1,13
TAACAGTCA-1,9
CAGTACCCA-1,13
CTCTTGTTA-1,9
AGCTTCGCA-1,13
CACCCACTC-1,3
CTCGTGACG-1,3
CCTACAGAG-1,3
TAGGGAGAT-1,3
TCCTCGAAC-1,9
CCTCGTTAA-1,9
TCCCTAGCC-1,3
TGTCAAAGT-1,3
AGAGGCCTT-1,9
ACTGTTCCA-1,3
TAGAATATC-1,9
GGCAGGGAT-1,13
CCCTATGTA-1,3
CCAGCCTGA-1,9
GATTGTTCA-1,13
GTCAACATT-1,3
TGGTTCATG-1,9
AGCAGTCCA-1,9
AATCGAGTC-1,9
GCTAGCGGA-1,10
ACGGAATAT-1,3
GAGCGAAAC-1,10
AGTGTCTTA-1,9
CCTCTGCGA-1,10
TAAGACTGT-1,9
CGCACACCC-1,10
CTTGTCCAA-1,9
TGCGACATT-1,9
TTGCGACCA-1,3
TCTTGCATA-1,9
TTGATGGGA-1,9
GTGTTGCAT-1,10
GGAGTTGAT-1,3
TCGGCCTCT-1,10
CGTGGTTTC-1,9
TGCGGTGAG-1,3
GAGCAATAC-1,3
AACCAGTCG-1,9
GTCAGTCTT-1,3
CACTGCCTG-1,13
ACTGGGCAT-1,9
TCCTCAGCA-1,9
CATTTAAGG-1,3
CATAAACAA-1,9
CCAGGCGGT-1,3
CCTTGAGAG-1,10
CTATCTCTT-1,3
GCAACGAGA-1,3
AGTCCTAAC-1,3
TCAGTAACT-1,3
TACAGCGTA-1,3
AACTCGGCT-1,3
AAGTCCATT-1,9
TTGGGAGCT-1,10
GCGACGCCG-1,3
AGGTTAGCT-1,9
GCCTGATAA-1,9
TGGCCTACC-1,10
CCGAGCAGT-1,3
TCTTGATAC-1,13
GTGGAGTCT-1,3
TAGTGGGCA-1,10
TTATAACGT-1,10
GTGTATTTG-1,9
CTATAGGCT-1,13
GGTTGCAAA-1,3
CCTTGGCCC-1,9
GGACTAGTG-1,10
GCCGTGGAG-1,3
TCTCTACCA-1,3
ACCGGGAAG-1,9
CGCAGAACT-1,9
GCTAACGAG-1,3
CTTGCGCTC-1,10
GCTGTCTTA-1,3
CCATATAGT-1,3
CCGCTTCGC-1,3
CGCTTCCCA-1,10
TTGGACATG-1,10
CTTGTCAGA-1,3
ATCTTATGT-1,3
GAGGCAATT-1,9
GTTTGACAC-1,9
TCCTCGCTC-1,10
GATGGGTAC-1,9
TCCCATCCG-1,3
TAGAGTCGT-1,3
CGAAACTCG-1,10
GCGCCTTTG-1,3
ATCAATGGA-1,10
GTGCTCTAG-1,13
CGTACACAC-1,9
GGAGCTGCC-1,3
CTGCTAGCC-1,3
CCACAGGCT-1,10
TCTTATCTC-1,10
ACACACGGA-1,3
GTAAGTGTT-1,3
ATGGATGCT-1,9
TGGGCGGGT-1,9
CCGTTCCTT-1,13
CTGCAGAGG-1,9
GATAGCGGT-1,9
ACAAGTTAA-1,3
TGCTTGTGT-1,13
CCCTCCCAG-1,3
CCACGCGGT-1,10
GAGGTAGTA-1,3
GGATGCAAT-1,13
TCGGCTAAT-1,3
TAAATGACT-1,10
TGCACATGA-1,3
CGCAGAATG-1,3
GGCTGGCCC-1,13
GACAGTCGT-1,3
GTGCATGAT-1,13
AGGCAATAC-1,13
GCCCGGGAT-1,13
GGCACGCCT-1,9
ACCCTGAGG-1,10
AGATTCATA-1,10
AGGCCCGAA-1,10
TCAAAGATC-1,13
TGGATCTCT-1,13
CACCACCTC-1,3
CGACATTTG-1,13
TCGCTGAAT-1,3
GCTTTGAGA-1,10
CCAGTTTAA-1,10
TGTCTTCCG-1,3
CGGGTGTGG-1,9
GAGACATTT-1,9
GTCAGTGCG-1,10
TAAGTACAA-1,3
CGTAGCGGT-1,10
TGCTAGATC-1,10
CGGACCATG-1,10
AGCAGACTA-1,3
AGTTGGTTG-1,9
ACAAGATTC-1,10
TGATCTCCT-1,9
TGCCCTTTC-1,13
CGGGTCGAG-1,9
GTACGTCTT-1,10
ACCCATCCT-1,10
CTGCACCCA-1,10
TATGGAATA-1,9
TTTAACCTC-1,3
GCCCGGTAG-1,3
ACTGAATCG-1,13
TTGGATTAA-1,3
CTGATGCGA-1,10
CAAAGCCGG-1,10
GTTGAGTGA-1,3
CGCCTCATA-1,3
GGCGTCTGA-1,9
TCTGATCCA-1,3
ATTATTCGA-1,3
AGACGGCGC-1,10
TTTACTTGT-1,10
CAGTAACCC-1,3
GAAACTATA-1,3
GGATCATGA-1,9
TACCAAGTC-1,3
CTAGATTTC-1,10
ATGCTGCTC-1,3
CTGAAGGCT-1,3
AAGGCGCCG-1,9
AGGTCGATT-1,10
TTGTATCCT-1,9
TTCTCCGTA-1,3
AATGCACCC-1,3
GAAGAACCT-1,13
GTCAGGTGT-1,3
GTAACTCGT-1,10
GGCAAAGAC-1,9
ATGGAGTTC-1,3
TGGTGAGCA-1,3
ATATTGTTC-1,10
ACACATGAG-1,10
TAGGCCGCC-1,3
GTCGCATAA-1,3
CAACCTTAT-1,3
TGCAATGAC-1,9
TCCGAACTA-1,9
GACCGTTTC-1,13
GTCTCGTCA-1,9
GCTCCATAC-1,10
TGGCTAGTC-1,13
TTGGTCCCA-1,9
AAATCCCTG-1,13
GTTGTTTAC-1,3
ACGATCCAA-1,9
GTTAGAACA-1,9
TGTATCCTA-1,10
CAAACAAGT-1,9
AAGGCTCTA-1,9
GTCTAACCG-1,10
CTCAGTCGA-1,3
AACACGATT-1,13
GTAGCGATC-1,3
AGTGGTGCC-1,10
AATCTTGAC-1,10
TGAGGGAGC-1,10
TTAGCATCG-1,10
TCAGCTAAT-1,9
CAGCTACGA-1,3
TTGTGTCGT-1,9
CGATATAGG-1,9
CCGGGATAG-1,10
GATATATTC-1,10
TAGAACTGT-1,3
ACGTTCTGC-1,10
ATAGGAGAC-1,13
GAAGACACG-1,9
CACTTTATT-1,3
ATGAAGAAA-1,10
TATGGGCGT-1,3
CTCCGACAG-1,3
GGATGTTAT-1,13
GTATAGCCT-1,10
TGTGAACCT-1,9
GTAGCCGCG-1,3
TCGCTCGGG-1,13
TTCAAGTTT-1,10
AGGCATTGG-1,3
CTGCGGTCG-1,9
TATAGTTCG-1,3
TGTCCCACC-1,3
CCCTACGCC-1,9
GTCCACTAC-1,3
GATCCAAAC-1,3
CGCATTAAC-1,13
CGATTATGA-1,13
GAAGGCTGA-1,10
CATGCCTGT-1,13
CAGCATAGT-1,3
AGCATGCTC-1,13
GTATTACGG-1,10
ATTAGGCAG-1,10
CGGTATACA-1,13
TATCAACGA-1,10
CCGCCCACT-1,3
CAATGTATG-1,3
GACTACCCT-1,3
GTCTAAGAC-1,10
ACGGATAGA-1,10
TTGCATTCG-1,3
GCGGACATG-1,10
AAGATCGCC-1,3
CAAGAAAGT-1,3
GGTATATCC-1,3
ATCAATCCC-1,9
AAAGCTGCA-1,3
ATAGTATAC-1,3
TTCAGTGTA-1,13
ATACCGCCG-1,10
TAGCCGCAC-1,3
ACCCATTTA-1,3
TAGCTTTGG-1,13
GTTAGGGCT-1,3
AGAATCAAA-1,9
GGTGCAGGT-1,13
GTGGGAACC-1,13
CTTGATCCC-1,3
CCAACAGTG-1,3
AGTAGGTGT-1,13
GGCTTCTTG-1,3
GCTTGAGTG-1,3
AAAGTCTAG-1,13
AGAACTAAG-1,13
CTTTAACAT-1,9
TATTTACTC-1,9
CCATATCCA-1,3
ATCGCGTGC-1,9
GCGGGATTT-1,13
TAGTGTTGA-1,3
GCCTAGTCG-1,3
GGGAGCTGA-1,3
CTAGTTAGG-1,3
TACGACCAG-1,9
AACGTCAGG-1,13
AGATTGATT-1,9
GTTATATGC-1,9
TGTTGTGGG-1,13
CCGAAGCTA-1,10
CTATTCCGG-1,10
AACTTGCTG-1,3
ATAATCGCC-1,3
TCAGATATT-1,9
CAACAACAC-1,3
CGCAGATGG-1,3
AAGGTCATA-1,3
TTGCCACCA-1,3
CTTTCAGAG-1,3
AACTCCTCG-1,3
TGAGTGTAA-1,3
CTAATTTAC-1,3
CAGGCGAGC-1,10
ATGTTATGA-1,9
CCCTATCAG-1,13
TGAAGGAAT-1,3
AGCCAATCG-1,13
CGAAATACA-1,13
GTAGAGAAC-1,13
AAGCGGAAT-1,10
GTTACGGAT-1,13
CTCACCTGT-1,3
ACGACAAAT-1,13
TGAGTCGCG-1,10
TTGTAGACA-1,3
GTTATGTCT-1,3
TCAAGGCAG-1,10
TCCAAAGCA-1,13
TTTGCGAGC-1,9
CCACTGCTC-1,9
AGAAATAGA-1,13
CGCAGCTCG-1,3
AGTTCGGCG-1,13
TAGAAATAC-1,9
AGTAACAAG-1,3
CACGTTCCG-1,3
GAATCAGAG-1,10
CTAACGAGC-1,10
ACACGGTGG-1,9
ACAGGTCTG-1,3
GAATAAGTA-1,3
ATTCATCCT-1,3
CTAACGTAA-1,3
AAATAATGG-1,10
AGTGTGGGC-1,3
CACATAGAA-1,10
CGAGCTCTT-1,3
TTCCAATCC-1,13
AACGCATCA-1,3
CGAGCAAGA-1,13
GTGTAGAAA-1,10
ATGGCTCGG-1,13
TACAGTATA-1,13
ACTCCTCTG-1,9
TTCCACATG-1,9
GGCCTACAG-1,3
ATGGCTGTT-1,13
TGACTACCA-1,3
GCTCAAGAA-1,13
CAATTGTTT-1,3
CCCGCATCG-1,13
TTATCCCGA-1,3
TAGGGTAAT-1,3
TCACCGATT-1,13
CTGAGTCAA-1,9
ATGTAGCCA-1,3
AACACTGTT-1,3
TCGCTCTTG-1,9
ATGACCACC-1,3
TAAACGTTT-1,3
GATGTAAAC-1,3
GGTCACACG-1,10
TCATGGTCG-1,3
GGTGCAGGT-1,10
TAAATTGAA-1,9
ATAACCATG-1,9
CCCTAGCGA-1,3
CGCGACCCA-1,3
CGGACACGG-1,10
GAAATGACC-1,10
ACCATTGAA-1,9
CGCCCGTGC-1,9
GATGAGATT-1,10
GTTAGAGGA-1,3
GAACCCGAT-1,3
AGACCTGAC-1,10
CGTTGACTG-1,3
GTGAAAGCA-1,10
TCTGACGTG-1,3
CTAATAAAC-1,3
GTTGCAGGG-1,3
TGTCTTATG-1,10
AATAGAAGC-1,3
GACTCCATG-1,3
CCACGTGAG-1,3
GGGAATGAC-1,3
TGGATCCCA-1,9
GTTCTGACT-1,9
CTATGTGTA-1,10
GTCACTCCG-1,9
ATCCCTGGG-1,10
CTACCTGTG-1,9
CACGAGTAG-1,10
ATGTCAGGC-1,13
GGGCATATC-1,10
CGGACCTAA-1,3
AACAGTGCT-1,13
GTTGATACA-1,3
TCGCGTATC-1,3
CAGCTCTGC-1,3
CAAAGATCT-1,3
CCGGAAAGT-1,10
TTAAGAACC-1,9
AAAGTTACA-1,9
CGGTACCCA-1,10
CGGTGGATG-1,13
CGCACTGTG-1,3
CAGATGCAA-1,3
GACACTAAC-1,9
GGTAGCCAA-1,9
AGATTGGCG-1,3
AATCGGGAC-1,3
GATAAGTCG-1,13
ACGCTGTGG-1,13
ATTGTCCTC-1,10
GCAGAAGGC-1,10
CACACATTA-1,3
GGATCACAT-1,3
GTGCGAGAT-1,3
CGAAAGCCC-1,13
CCTGGCTCA-1,3
ATACGGCGC-1,13
TCGCCAGGT-1,13
CAGTATGCG-1,3
CTAGTTATG-1,10
CGAGGCGTG-1,10
CTGGTAGCC-1,13
CCCGAAGGT-1,9
GTTTACTTA-1,10
TCGCGCTAT-1,13
CAGCACGTA-1,3
CTCGCAAAT-1,13
TGGGCATTA-1,3
GATCCGAGC-1,13
AGGCAACGC-1,9
ATTTCCGGA-1,9
GGGCATCTC-1,9
AGAGCGCGA-1,13
CTTACGGTA-1,13
GTAACCGAT-1,9
TGCACACAG-1,13
AAGGCTGTC-1,3
ATACCTTCT-1,13
TGGGCGGAT-1,3
GTGTCAGGG-1,3
CTGGAAATA-1,3
ACAATTCAC-1,10
ATATGCAGT-1,10
GATCGGGAG-1,3
GTAAACATC-1,3
ACGGGAGTT-1,13
TTGCGTCCA-1,10
CATGCTCCC-1,3
TTAACGTTA-1,9
CAGTCAGCA-1,3
CCACTCCGA-1,3
TTTGCATTT-1,3
CCCAAATGA-1,3
ACTGCGCTC-1,9
TGGCCATAA-1,3
ACTGGGTTA-1,3
CTGAGGTGA-1,10
AGTTTCTCT-1,13
TCGAGGATA-1,3
TGTCCGAAC-1,9
TAGTAGAGT-1,10
CGTCTACTG-1,3
TAGAGATGT-1,10
TCATTGAGG-1,10
GTCTCGGAC-1,9
CGGCGCAAC-1,3
GTCGGTCCA-1,3
TCGCTTCAG-1,10
ATTTAAAGC-1,13
CCGCTGTTA-1,9
CTACCGAAC-1,3
GTAACTAAC-1,13
TAGTTAGTA-1,13
AAGCAGGAA-1,3
GCTTAGATT-1,13
TCCCTAGAC-1,13
TGACCTCTG-1,9
TCGATTAGG-1,3
AAATGGGCC-1,3
GCCCATGCC-1,9
CCTGCAGCC-1,13
TGGCGATTA-1,3
GCTAGCGTG-1,10
AGTTTACAC-1,3
CGACCAACC-1,10
AAGCTTTCA-1,9
TCCGGTTGA-1,9
CATTTCAAG-1,3
CAAGAACTA-1,10
TTGGTTGGC-1,13
CAAGTAAGA-1,3
ATTCTGTGT-1,10
TACCAGCTA-1,9
GAATATACT-1,10
GATCGCTGA-1,3
CTTACCGCA-1,3
GTACGGTGG-1,10
GCTATACCC-1,9
ACTTCTATA-1,3
TGCTACAGT-1,9
AGCCGACCC-1,9
CGGTGGTTT-1,9
AACCTATGC-1,3
GGAACCGCA-1,10
TTCTCCCGA-1,3
TCTAACTTG-1,10
CTCATCAAT-1,3
TGCCGGTGC-1,9
GTTGAGGTA-1,3
TAGCTTAAA-1,3
AATGCCAAC-1,9
ATGGCTGGC-1,10
AATGAGGCG-1,9
ACCGCACCT-1,3
CCGAAGTAC-1,10
CCTATTGTC-1,3
TCGAACCCA-1,10
GCTGTGTTT-1,3
CACGGTCCT-1,3
GCGTACCAT-1,13
GGCAAGTGT-1,9
TCGCTTTCC-1,3
TATGAAAGC-1,10
GACGAACAA-1,3
GGATAGGAT-1,3
TCTGCGCTG-1,10
ATGTATCTG-1,13
TTAAGACGG-1,13
TGCGGCCGG-1,10
AGCATAGAA-1,9
ACTACTTCG-1,3
TAAACGGCG-1,13
CAGGAGCTT-1,3
AATTAGACA-1,3
GTCCAGGTT-1,10
GAATCTGGA-1,10
GATAGAGAG-1,9
TGCAGATAA-1,3
AGGAGCAGT-1,9
TCATCTTGT-1,3
TATATGTCT-1,9
CTCGTCTGA-1,3
ATCGGTCAG-1,3
GTGCTGGAA-1,10
GACCTGAGG-1,3
CTAAGATAA-1,3
GCGGCAGTC-1,10
ACAGTCTGG-1,13
AGGGCTCCC-1,3
GGCAAGGGT-1,10
TGGGTATGC-1,13
ATGAAGCGT-1,3
AGTTAGACC-1,10
GGCACTTCT-1,3
CGGGTGGAG-1,13
TCGTTACAT-1,10
CCTCTTGTT-1,3
GCAACCTCA-1,10
CTCCCGGAT-1,13
TTACGGCGG-1,10
ACGTTAGCT-1,3
CTTGGGTTC-1,13
GACGAGCTG-1,9
GTGGGAAAC-1,3
GGTCTAGTT-1,3
GGCGTCTAA-1,3
TACCGTGCT-1,3
ATGGCATAA-1,10
AGGCCTATA-1,13
CCTACAGCT-1,13
GCGAGGGCT-1,9
TCGCATTCG-1,10
ACTGCTACG-1,3
AGGCGGCTC-1,10
GAATAGTCT-1,9
GGTGACTTT-1,10
GAAGTACCG-1,9
TGGCGTACA-1,9
CTGGTCATC-1,9
GCATGCTCG-1,10
GGTTCCGGT-1,13
GAGTCCCGT-1,9
TCTGCTTTC-1,9
CACGCCAAG-1,9
AGCTATTCA-1,3
GGCGCCACC-1,10
CCCATTCGA-1,10
CACACTACG-1,3
GACTAATAG-1,9
CTAACGCCT-1,3
TTCGGATTC-1,10
GCTATGCTT-1,9
AGGGAGTGT-1,3
TATATGAGC-1,13
CATCAGCGC-1,10
TGCTGAGAC-1,13
TTCTTTGCG-1,13
CTTCTTTCG-1,10
TTGGCTACG-1,13
TAACTTAGG-1,10
ATGTTGTCA-1,3
GCGTCATTA-1,9
AGGCGTACG-1,9
GTAAATCAA-1,9
TACGGTGAA-1,3
ACGTGGGAG-1,10
GTTTGGCTG-1,3
GACAGCGAC-1,3
TAAACATAT-1,13
GAGACGTCT-1,3
GCACTCAAC-1,10
TCGGGAACA-1,3
CGTACCATT-1,13
TAAAGAACT-1,9
TCGACAACA-1,10
ACGGTCAGG-1,13
CAAGATGGC-1,13
ACGAGTTGT-1,3
CGCTCAGCG-1,3
CGTCAATGA-1,9
TTAGGAGAA-1,3
ATCCGTTTC-1,13
CCAGTTCAT-1,9
CCGTCCGAG-1,3
GGGAGTCCA-1,3
TACGCCAAA-1,9
ATGGAGGCT-1,3
CTTGTGGGA-1,13
CTGTCCGAT-1,13
GTGAGCTAG-1,9
CGACGTAGG-1,10
GACGACCAG-1,10
TCCGTACGT-1,10
AGACCCTTG-1,13
GTCAGTAGA-1,10
ATGGATATG-1,3
GACATCCGT-1,3
AATGCTTCA-1,13
GACTTGCAG-1,3
TTACCATCC-1,9
TAGAAACCT-1,3
GGTATTGGA-1,3
TGGACGCTA-1,10
TGCTAGCAG-1,9
AGCGGAGTG-1,10
ACTATGCTG-1,13
TGACGCATC-1,9
CGAACAAAT-1,9
ACTTTACTG-1,3
ATCAATTAC-1,9
ACATGTACA-1,10
TAGTAGTCC-1,3
CTGAGCCGG-1,3
GTGGCGCTA-1,10
AGGGTTACA-1,9
GCCGATGAA-1,10
CCGTACCGG-1,3
CCTAGCGTT-1,3
TCTACTTGT-1,10
TTCCTTACT-1,13
TCTAGCAAA-1,9
CTGTCACAA-1,10
TTCAAAGTC-1,10
CGGTCAGCG-1,3
CCTCGATTG-1,3
CTGTGTTTG-1,9
CTCGAGAAC-1,9
GTTACGCCA-1,13
ATATAGTCT-1,9
AAGTGGCAC-1,9
CCGGAACTG-1,3
TCGCCTAGC-1,10
TTAGTGGTC-1,3
TATGCATAA-1,13
TCACGGGTT-1,3
TGACGTTGC-1,9
TCCGAATTG-1,13
AAGCTCTAC-1,9
AGAAACGGC-1,3
GCAAAGTAT-1,10
ATGCGGCAA-1,3
CTGGGAGGA-1,3
CAACCGACC-1,13
CTATGCATA-1,13
GACTTTCGA-1,13
AGACCGACT-1,9
CATTGTGCC-1,10
GGGCTTGTA-1,3
TTTGCACAG-1,13
CAGAGTCAG-1,3
ATACTAGCT-1,10
CGGACGGTA-1,3
ACAGGAGGC-1,9
CGCGCCAAA-1,9
CCGAGGTAC-1,9
TCCTCAAAC-1,10
CTCCACAGG-1,10
ATGCATCTC-1,9
ATCCGTAAA-1,3
GCAAACTCG-1,10
TCCAAGAAG-1,9
TACAGATCC-1,3
TCGAGCTCG-1,3
AGTCTCCGA-1,3
GAAGTGTGA-1,3
AGACATAGG-1,9
TATCTAGGT-1,10
CTATAAGCG-1,10
GTTGGATAG-1,3
CTCTTCCGG-1,10
ACACGACAT-1,9
CAGGAATTT-1,3
GAAATCGTT-1,10
TCTCAAGGG-1,10
GATTACTCG-1,9
TCTGAAACT-1,10
CAGCATCTG-1,10
CCCAATGAA-1,3
TAGCGTACA-1,10
CCACAATCC-1,10
AGCTAATAT-1,3
AGCCTTGAA-1,3
TCCACGGCC-1,9
AATCCGCTT-1,9
CAACAGACG-1,13
AAGGGCGCA-1,3
CAATGACTT-1,10
GACCTGTTG-1,9
ACCGCTATC-1,9
GCGGATTGT-1,9
AAACGTTTG-1,10
CCCAGCCCA-1,13
ACATGAGTA-1,9
GGTTAAGGG-1,9
GTATCGACG-1,13
CGTGCCTAG-1,9
GTCGTGGTA-1,3
TCCCAAGAC-1,13
ACGACATTG-1,9
TTGGTCACG-1,3
CGACCACAA-1,3
CTCGTCAAT-1,3
GGCGACGCT-1,3
GTGGGTAAT-1,10
CGCTGGCGA-1,3
CTACTCGCT-1,9
AGATAGGGT-1,9
GTATCGCCG-1,10
GAGGTTCGC-1,3
TCCAGGACT-1,3
CCGCACATA-1,10
TCGTACCCG-1,3
TCCGTACAA-1,3
GTAATGGTT-1,9
AATTGACTG-1,3
ACCTTGCTT-1,10
TACAAGAGC-1,13
CTGACCGTT-1,10
CATCATAGT-1,10
GGAACTCGT-1,9
TATGCCTCT-1,3
GCTCCAATT-1,3
ATGGGCACA-1,3
GGTGAGAGG-1,10
TAACCCGCC-1,3
GACTATGAA-1,3
AGTCTAACA-1,10
TTCGAGATA-1,13
ACCTGACTC-1,10
CCGAAGCAG-1,9
CGGTCCTAG-1,9
CAGCCGGCC-1,3
GAGCGGACC-1,3
AACTGGTAA-1,9
TTTACCACG-1,3
AACTGTATA-1,9
TAATGACGC-1,9
TCCGTGACG-1,3
AAGACATTC-1,3
AGCATTAGT-1,9
AATTAAGTG-1,3
CTCCTGACG-1,3
CCACATCAA-1,13
TGTGAGTGC-1,13
TCCTCCCAT-1,3
GTCTGTCAC-1,3
GTAGATTCG-1,9
GGTAATCTA-1,10
ACTAAAGAA-1,9
GTCATCAAT-1,9
TTGAAGATT-1,3
CATCGGTCA-1,3
TTGGGTGTC-1,3
TGTCTATTT-1,9
CAGTTCTTA-1,3
AACCATGCA-1,10
GGAGTGAAC-1,13
ACTGACACA-1,9
AGACGCTTT-1,9
CGGCGTTGA-1,10
AGTAACAGA-1,13
TCGCGCGCC-1,13
GGGACGGCG-1,3
ACTGAAGTA-1,9
ACTCTACCT-1,9
TGCCTTTCC-1,10
TAGTTGGGT-1,3
GCCACCGCA-1,10
ATACTAATT-1,13
CGTATTTGT-1,13
TGTCAACCT-1,3
CCGGGCATG-1,10
ATCCCATTC-1,3
GAAATTTCC-1,3
CAGATCCTG-1,13
CGCAGACAG-1,3
GGCTCAACT-1,10
ATGGTGGAA-1,3
AGAGTTTGC-1,7
GTGCCGGAA-1,10
AAGCGTATG-1,3
TAGCACGTG-1,10
AAAGTGACT-1,9
GTATGTGGC-1,13
AAGAAGTCT-1,13
GATCGTCAG-1,3
GAGTCCCGC-1,3
AAGTCGCCA-1,9
CTCGAACAT-1,10
ACGCGTGGA-1,13
AGGATTGAC-1,3
TACGGAGGT-1,10
ATCTGCGAC-1,3
CCTAAATGA-1,10
GTGGCCTGG-1,13
AACAGTCCT-1,13
CTTAGGGAA-1,3
TGGTTCGAG-1,3
TCTATGACA-1,10
GGCCGGGAA-1,9
TTAGAAGGA-1,9
GGTCGATAC-1,3
CATGGATGT-1,3
ATACGATCT-1,9
ATTTGCCGT-1,3
TTCGTGGCA-1,10
ACTCGCAAA-1,10
GGATCTATA-1,9
CTTAACGAA-1,13
CTGGAAGGC-1,10
GGTTCCTTA-1,9
ATCCCAAAC-1,9
CTCTGAATC-1,3
TAACCTGAC-1,10
CTGGTCCAC-1,9
GGCGTGCCC-1,10
CCTTGTAAC-1,13
CAGAGCTAG-1,13
CGAGATTTA-1,10
GACAGCGTG-1,3
ATCTGTGTC-1,13
TACCCACTT-1,13
CCGGAAGCA-1,3
AGAGATGGT-1,3
TGCCACGGG-1,10
CGAAGCTTA-1,3
TGCGAGGGC-1,13
GGTTAGCGG-1,9
AGACTCCAA-1,9
TCCTGTCGC-1,13
TGAACGGTG-1,10
TAGCATCTC-1,3
AGTAATGAG-1,9
GTCGCGACG-1,9
CCTCATTCC-1,13
AATCCTTTG-1,3
TGGACTTTC-1,9
GAGCTCCCG-1,3
TGTTCTCCG-1,9
GCCCACGGT-1,13
GTAGTCCCG-1,10
GCAGAACCC-1,10
CTCGCCGGG-1,9
GTTTGAGGA-1,13
CTACCAATC-1,3
TAGTACGTG-1,13
ACCTATCCA-1,10
TCTTGCGCT-1,3
GTAAGAGTT-1,3
GCGGTTGCC-1,9
GCCAGTTGG-1,10
CTGTTCAGT-1,13
GTGTCAAGA-1,13
